pipeline_name	Listeria pipeline
pipeline_version	1.2
sample	Listeria-S16BD02199
input_files	Listeria-S16BD02199_1.fastq.gz, Listeria-S16BD02199_2.fastq.gz
analysis_date	18/05/2022 - 09:27:35
detection_method	blast
downsampling_coverage_estimated	21.74
downsampling_coverage_target	100.00
downsampling_downsample_factor	None
downsampling_mean_read_length	237.51
downsampling_nb_read_pairs_in	134733
downsampling_nb_read_pairs_out	134733
downsampling_size_ref_genome	2944528
downsampling_total_bases	64001020
trimming_pairs_in	134733
trimming_pairs_out	126261
trimming_fwd_only_surviving	7206
trimming_rev_only_surviving	532
trimming_pairs_both_dropped	734
assembly_n50	244231
assembly_nb_contigs	23
assembly_total_length	2920195
qc_kraken_status	OK
qc_kraken_value	0.00%
qc_cgmlst_status	OK
qc_cgmlst_value	99.94%
qc_cov_assembly_status	Warning
qc_cov_assembly_value	18.00x
qc_map_rate_assembly_status	OK
qc_map_rate_assembly_value	99.62%
qc_fqc_avg_qual_fwd_status	OK
qc_fqc_avg_qual_fwd_value	36
qc_fqc_avg_qual_rev_status	OK
qc_fqc_avg_qual_rev_value	35
qc_fqc_gc_fwd_status	OK
qc_fqc_gc_fwd_value	0.00%
qc_fqc_gc_rev_status	OK
qc_fqc_gc_rev_value	0.00%
qc_fqc_n_fraction_fwd_status	OK
qc_fqc_n_fraction_fwd_value	0.0000
qc_fqc_n_fraction_rev_status	OK
qc_fqc_n_fraction_rev_value	0.0000
qc_fqc_per_base_fwd_status	OK
qc_fqc_per_base_fwd_value	0.45%
qc_fqc_per_base_rev_status	OK
qc_fqc_per_base_rev_value	0.88%
qc_fqc_qscore_fwd_status	OK
qc_fqc_qscore_fwd_value	inf
qc_fqc_qscore_rev_status	OK
qc_fqc_qscore_rev_value	250
qc_fqc_seq_len_fwd_status	OK
qc_fqc_seq_len_fwd_value	100.00%
qc_fqc_seq_len_rev_status	OK
qc_fqc_seq_len_rev_value	88.45%
kraken2_expected_species	Listeria monocytogenes
kraken2_expected_species_occurrence	97.45
kraken2_contaminants_warn	[]
kraken2_contaminants_fail	[]
hits_argannot	[["Cluster_45", "(MLS)lin", "94.66", "1572/1572", "NODE_7_length_220687_cov_7.102176", "102049..103620", "NG_050599"]]
hits_card	[["Cluster_171", "norB", "94.86", "1401/1401", "NODE_1_length_427403_cov_10.557773", "195289..196689", "HE999704.1"], ["Cluster_995", "FosX", "100.00", "402/402", "NODE_12_length_97943_cov_6.696502", "79923..80324", "FFFO01000009.1"], ["Cluster_41", "Lmon_mprF", "95.57", "2598/2598", "NODE_12_length_97943_cov_6.696502", "84533..87130", "AL591981.1"], ["Cluster_117", "lin", "94.66", "1572/1572", "NODE_7_length_220687_cov_7.102176", "102049..103620", "CP002003.1"]]
hits_ncbi_amr	[["Cluster_982", "fosX", "100.00", "402/402", "NODE_12_length_97943_cov_6.696502", "79923..80324", "Fosfomycin", "NG_055654.1"], ["Cluster_73", "lin", "94.66", "1572/1572", "NODE_7_length_220687_cov_7.102176", "102049..103620", "Lincosamide", "NG_050599.1"]]
hits_resfinder	[["Cluster_579", "fosX_2", "92.56", "403/402", "NODE_12_length_97943_cov_6.696502", "79923..80324", "fosfomycin", "AL591981"]]
hits_virulencefinder	[["Cluster_15", "ActA_1", "94.21", "1916/1920", "NODE_13_length_87810_cov_10.349281", "25821..27735", "NC_003210.1"], ["Cluster_59", "AgrA_1", "98.90", "729/729", "NODE_1_length_427403_cov_10.557773", "92930..93658", "NC_003210.1"], ["Cluster_67", "clpp_1", "96.82", "597/597", "NODE_6_length_223430_cov_9.248402", "98501..99097", "NC_003210.1"], ["Cluster_55", "codY_1", "95.13", "780/780", "NODE_5_length_244231_cov_6.374635", "136377..137156", "NC_003210.1"], ["Cluster_28", "ctaP_1", "97.71", "1575/1575", "NODE_1_length_427403_cov_10.557773", "4456..6030", "NC_003210.1"], ["Cluster_72", "ctsR_1", "96.95", "459/459", "NODE_3_length_256924_cov_9.137646", "256196..256654", "NC_003210.1"], ["Cluster_40", "dal_1", "92.32", "1107/1107", "NODE_7_length_220687_cov_7.102176", "134395..135501", "NC_003210.1"], ["Cluster_61", "degU_1", "98.84", "687/687", "NODE_6_length_223430_cov_9.248402", "150328..151014", "NC_003210.1"], ["Cluster_29", "dltA_1", "96.09", "1533/1533", "NODE_7_length_220687_cov_7.102176", "53145..54677", "NC_003210.1"], ["Cluster_0", "Eut_operon_1", "97.08", "15039/15038", "NODE_5_length_244231_cov_6.374635", "26771..41809", "NC_003210.1"], ["Cluster_23", "fbpA_1", "91.65", "1713/1713", "NODE_4_length_254186_cov_7.221677", "48813..50525", "NC_003210.1"], ["Cluster_53", "FlaA_1", "98.15", "864/864", "NODE_2_length_320963_cov_7.723918", "106367..107230", "NC_003210.1"], ["Cluster_38", "FlgE_1", "93.85", "1236/1236", "NODE_2_length_320963_cov_7.723918", "100375..101610", "NC_003210.1"], ["Cluster_76", "FlgC_1", "92.94", "411/411", "NODE_2_length_320963_cov_7.723918", "88725..89135", "NC_003210.1"], ["Cluster_70", "fri_1", "97.86", "467/471", "NODE_7_length_220687_cov_7.102176", "80196..80662", "NC_003210.1"], ["Cluster_73", "fur_1", "96.25", "453/453", "NODE_4_length_254186_cov_7.221677", "183312..183764", "NC_003210.1"], ["Cluster_16", "Gmar_1", "97.13", "1914/1914", "NODE_2_length_320963_cov_7.723918", "108389..110302", "NC_017537.1"], ["Cluster_79", "hfq_1", "99.14", "234/234", "NODE_5_length_244231_cov_6.374635", "153599..153832", "NC_003210.1"], ["Cluster_27", "hly_1", "97.23", "1590/1590", "NODE_13_length_87810_cov_10.349281", "29802..31391", "NC_003210.1"], ["Cluster_35", "uHpt_1", "99.71", "1386/1386", "NODE_7_length_220687_cov_7.102176", "189845..191230", "NC_003210.1"], ["Cluster_31", "htrA_1", "98.20", "1503/1503", "NODE_3_length_256924_cov_9.137646", "178762..180264", "NC_003210.1"], ["Cluster_33", "iap_1", "94.56", "1452/1449", "NODE_2_length_320963_cov_7.723918", "211464..212873", "NC_003210.1"], ["Cluster_10", "inlA_1", "96.09", "2403/2403", "NODE_3_length_256924_cov_9.137646", "23848..26241", "NC_003210.1"], ["Cluster_17", "inlB_1", "92.44", "1891/1893", "NODE_3_length_256924_cov_9.137646", "21873..23763", "NC_003210.1"], ["Cluster_50", "inlC_1", "97.08", "891/891", "NODE_4_length_254186_cov_7.221677", "6428..7318", "NC_003210.1"], ["Cluster_26", "inlH_1", "91.32", "1648/1647", "NODE_3_length_256924_cov_9.137646", "214155..215801", "NC_003210.1"], ["Cluster_7", "inlJ_1", "96.50", "1860/2556", "NODE_1_length_427403_cov_10.557773", "189479..191338", "NC_003210.1"], ["Cluster_5", "Lap_1", "97.08", "2601/2601", "NODE_8_length_190224_cov_6.180645", "162151..164751", "NC_003210.1"], ["Cluster_1", "LapB_1", "93.34", "5139/5136", "NODE_14_length_85978_cov_6.796648", "20687..25825", "NC_003210.1"], ["Cluster_44", "biLE_1", "96.15", "987/987", "NODE_11_length_98845_cov_6.122652", "36893..37879", "NC_003210.1"], ["Cluster_81", "lhrC_1", "99.10", "111/111", "NODE_7_length_220687_cov_7.102176", "77989..78099", "NC_003210.1"], ["Cluster_54", "lgt_1", "96.52", "834/834", "NODE_6_length_223430_cov_9.248402", "113697..114530", "NC_003210.1"], ["Cluster_49", "lipA_1", "95.65", "897/897", "NODE_4_length_254186_cov_7.221677", "17371..18267", "NC_003210.1"], ["Cluster_62", "lisR_1", "97.94", "680/680", "NODE_5_length_244231_cov_6.374635", "231865..232544", "NC_003210.1"], ["Cluster_32", "lisK_1", "95.80", "1452/1452", "NODE_5_length_244231_cov_6.374635", "232542..233993", "NC_003210.1"], ["Cluster_65", "lntA_1", "95.95", "617/617", "NODE_3_length_256924_cov_9.137646", "19555..20171", "NC_003210.1"], ["Cluster_47", "lpeA_1", "96.68", "933/933", "NODE_4_length_254186_cov_7.221677", "68485..69417", "NC_003210.1"], ["Cluster_36", "lplA1_1", "93.20", "1294/1294", "NODE_7_length_220687_cov_7.102176", "90725..92018", "NC_003210.1"], ["Cluster_71", "lsp_1", "97.63", "465/465", "NODE_4_length_254186_cov_7.221677", "65096..65560", "NC_003210.1"], ["Cluster_45", "bsh_1", "97.55", "978/978", "NODE_10_length_113533_cov_7.974887", "42981..43958", "NC_003210.1"], ["Cluster_48", "mogR_1", "98.48", "921/921", "NODE_2_length_320963_cov_7.723918", "121377..122297", "NC_003210.1"], ["Cluster_30", "mpl_1", "94.85", "1533/1533", "NODE_13_length_87810_cov_10.349281", "27935..29467", "NC_003210.1"], ["Cluster_6", "mprf_1", "95.57", "2598/2598", "NODE_12_length_97943_cov_6.696502", "84533..87130", "NC_003210.1"], ["Cluster_21", "murA_1", "94.48", "1776/1773", "NODE_1_length_427403_cov_10.557773", "327297..329072", "NC_003210.1"], ["Cluster_19", "OatA_1", "93.53", "1887/1869", "NODE_5_length_244231_cov_6.374635", "147727..149613", "NC_003210.1"], ["Cluster_25", "OppA_1", "99.11", "1677/1677", "NODE_9_length_184863_cov_8.059079", "73894..75570", "NC_003210.1"], ["Cluster_74", "perR_1", "97.54", "447/447", "NODE_12_length_97943_cov_6.696502", "97109..97555", "NC_003210.1"], ["Cluster_34", "pgdA_1", "97.00", "1401/1401", "NODE_3_length_256924_cov_9.137646", "54727..56127", "NC_003210.1"], ["Cluster_43", "pgl_1", "95.68", "1041/1041", "NODE_2_length_320963_cov_7.723918", "234206..235246", "NC_003210.1"], ["Cluster_46", "plcA_1", "97.48", "954/954", "NODE_13_length_87810_cov_10.349281", "31634..32587", "NC_003210.1"], ["Cluster_12", "chiA_1", "96.65", "2271/2271", "NODE_1_length_427403_cov_10.557773", "31051..33321", "NC_003210.1"], ["Cluster_52", "plcB_1", "95.51", "869/870", "NODE_13_length_87810_cov_10.349281", "24911..25779", "NC_003210.1"], ["Cluster_60", "prfA_1", "97.48", "714/714", "NODE_13_length_87810_cov_10.349281", "32860..33573", "NC_003210.1"], ["Cluster_51", "prsA2_1", "96.26", "882/882", "NODE_9_length_184863_cov_8.059079", "96186..97067", "NC_003210.1"], ["Cluster_2", "pycA_1", "95.96", "3441/3441", "NODE_15_length_70282_cov_6.963110", "35119..38559", "NC_003210.1"], ["Cluster_42", "recA_1", "92.55", "1047/1047", "NODE_11_length_98845_cov_6.122652", "10512..11558", "NC_003210.1"], ["Cluster_13", "relA_1", "94.68", "2217/2217", "NODE_8_length_190224_cov_6.180645", "42347..44563", "NC_003210.1"], ["Cluster_78", "Rli55_1", "99.65", "283/283", "NODE_5_length_244231_cov_6.374635", "26489..26771", "NC_003210.1"], ["Cluster_80", "Rli60_1", "98.92", "185/185", "NODE_4_length_254186_cov_7.221677", "201267..201450", "NC_003210.1"], ["Cluster_77", "Rsbv_1", "96.81", "345/345", "NODE_7_length_220687_cov_7.102176", "130183..130527", "NC_003210.1"], ["Cluster_11", "secA2_1", "97.00", "2331/2331", "NODE_2_length_320963_cov_7.723918", "208709..211039", "NC_003210.1"], ["Cluster_4", "clpB_1", "92.62", "2602/2601", "NODE_9_length_184863_cov_8.059079", "83909..86509", "NC_003210.1"], ["Cluster_56", "sigB_1", "96.41", "780/780", "NODE_7_length_220687_cov_7.102176", "128969..129748", "NC_003210.1"], ["Cluster_68", "sipX_1", "98.41", "567/567", "NODE_5_length_244231_cov_6.374635", "125007..125573", "NC_003210.1"], ["Cluster_69", "sipZ_1", "97.79", "543/543", "NODE_5_length_244231_cov_6.374635", "126279..126821", "NC_003210.1"], ["Cluster_66", "sod_1", "97.54", "609/609", "NODE_11_length_98845_cov_6.122652", "58059..58667", "NC_003210.1"], ["Cluster_64", "srtA_1", "94.32", "669/669", "NODE_7_length_220687_cov_7.102176", "92736..93404", "NC_003210.1"], ["Cluster_58", "srtB_1", "99.86", "741/741", "NODE_9_length_184863_cov_8.059079", "58313..59053", "NC_018642.1"], ["Cluster_57", "stp_1", "95.92", "759/759", "NODE_4_length_254186_cov_7.221677", "40110..40868", "NC_003210.1"], ["Cluster_24", "svpA_1", "93.45", "1710/1710", "NODE_9_length_184863_cov_8.059079", "61755..63464", "NC_003210.1"], ["Cluster_41", "tcsA_1", "99.53", "1074/1074", "NODE_5_length_244231_cov_6.374635", "242960..244033", "NC_003210.1"], ["Cluster_37", "tig_1", "98.13", "1284/1284", "NODE_5_length_244231_cov_6.374635", "122161..123444", "NC_003210.1"], ["Cluster_9", "clpc_1", "94.28", "2463/2463", "NODE_3_length_256924_cov_9.137646", "252155..254617", "NC_003210.1"], ["Cluster_63", "virR_1", "97.94", "678/678", "NODE_12_length_97943_cov_6.696502", "33834..34511", "NC_003210.1"], ["Cluster_14", "clpe_1", "93.56", "2175/2175", "NODE_7_length_220687_cov_7.102176", "30672..32840", "NC_003210.1"]]
hits_vfdb_core	[["Cluster_563", "VFG000068", "94.21", "1916/1920", "NODE_13_length_87810_cov_10.349281", "25821..27735", "actA", "NP_463735"], ["Cluster_2236", "VFG000069", "95.51", "869/870", "NODE_13_length_87810_cov_10.349281", "24911..25779", "plcB", "NP_463736"], ["Cluster_981", "VFG000070", "94.56", "1452/1449", "NODE_2_length_320963_cov_7.723918", "211464..212873", "iap/cwhA", "NP_464110"], ["Cluster_871", "VFG000071", "94.85", "1533/1533", "NODE_13_length_87810_cov_10.349281", "27935..29467", "mpl", "NP_463734"], ["Cluster_2707", "VFG000072", "97.48", "714/714", "NODE_13_length_87810_cov_10.349281", "32860..33573", "prfA", "NP_463731"], ["Cluster_2019", "VFG000073", "97.48", "954/954", "NODE_13_length_87810_cov_10.349281", "31634..32587", "plcA", "NP_463732"], ["Cluster_825", "VFG000074", "97.23", "1590/1590", "NODE_13_length_87810_cov_10.349281", "29802..31391", "hly", "NP_463733"], ["Cluster_347", "VFG000075", "96.09", "2403/2403", "NODE_3_length_256924_cov_9.137646", "23848..26241", "inlA", "NP_463962"], ["Cluster_580", "VFG000076", "92.44", "1891/1893", "NODE_3_length_256924_cov_9.137646", "21873..23763", "inlB", "NP_463963"], ["Cluster_3032", "VFG000077", "96.82", "597/597", "NODE_6_length_223430_cov_9.248402", "98501..99097", "clpP", "NP_465991"], ["Cluster_325", "VFG000079", "94.28", "2463/2463", "NODE_3_length_256924_cov_9.137646", "252155..254617", "clpC", "NP_463763"], ["Cluster_431", "VFG000080", "93.56", "2175/2175", "NODE_7_length_220687_cov_7.102176", "30672..32840", "clpE", "NP_464522"], ["Cluster_1085", "VFG001089", "97.98", "1386/1386", "NODE_7_length_220687_cov_7.102176", "189845..191230", "hpt", "NP_464364"], ["Cluster_719", "VFG001090", "93.45", "1710/1710", "NODE_9_length_184863_cov_8.059079", "61755..63464", "hbp2", "NP_465709"], ["Cluster_2068", "VFG002157", "96.68", "933/933", "NODE_4_length_254186_cov_7.221677", "68485..69417", "lpeA", "NP_465372"], ["Cluster_1915", "VFG002158", "92.77", "996/996", "NODE_7_length_220687_cov_7.102176", "90873..91868", "lplA1", "NP_464456"], ["Cluster_712", "VFG002160", "91.65", "1713/1713", "NODE_4_length_254186_cov_7.221677", "48813..50525", "fbpA", "NP_465354"], ["Cluster_3398", "VFG002161", "97.63", "465/465", "NODE_4_length_254186_cov_7.221677", "65096..65560", "lspA", "NP_465369"], ["Cluster_1957", "VFG002162", "97.55", "978/978", "NODE_10_length_113533_cov_7.974887", "42981..43958", "bsh", "NP_465591"], ["Cluster_290", "VFG006717", "97.08", "2601/2601", "NODE_8_length_190224_cov_6.180645", "162151..164751", "lap", "NP_465159"], ["Cluster_295", "VFG006721", "96.50", "1860/2556", "NODE_1_length_427403_cov_10.557773", "189479..191338", "inlJ", "NP_466343"], ["Cluster_53", "VFG032762", "93.34", "5139/5136", "NODE_14_length_85978_cov_6.796648", "20687..25825", "lapB", "NP_465191"], ["Cluster_2201", "VFG032878", "96.26", "882/882", "NODE_9_length_184863_cov_8.059079", "96186..97067", "prsA2", "NP_465743"], ["Cluster_2166", "VFG032910", "97.08", "891/891", "NODE_4_length_254186_cov_7.221677", "6428..7318", "inlC", "NP_465311"], ["Cluster_2981", "VFG032965", "95.95", "618/618", "NODE_3_length_256924_cov_9.137646", "19554..20171", "lntA", "NP_463967"], ["Cluster_595", "VFG032992", "93.53", "1887/1869", "NODE_5_length_244231_cov_6.374635", "147727..149613", "oatA", "NP_464816"], ["Cluster_1059", "VFG033025", "97.00", "1401/1401", "NODE_3_length_256924_cov_9.137646", "54727..56127", "pdgA", "NP_463944"], ["Cluster_3976", "VFG045331", "98.00", "150/150", "NODE_17_length_11478_cov_4.354947", "5889..6038", "llsA", "AHK25016"], ["Cluster_2174", "VFG045332", "97.30", "888/888", "NODE_17_length_11478_cov_4.354947", "6103..6990", "llsG", "AHK25017"], ["Cluster_2582", "VFG045333", "97.60", "750/750", "NODE_17_length_11478_cov_4.354947", "6990..7739", "llsH", "AHK25018"], ["Cluster_3789", "VFG045334", "97.48", "318/318", "NODE_17_length_11478_cov_4.354947", "7780..8097", "llsX", "AHK25019"], ["Cluster_2220", "VFG045335", "96.69", "876/876", "NODE_17_length_11478_cov_4.354947", "8094..8969", "llsB", "AHK25020"], ["Cluster_2113", "VFG045336", "96.30", "918/918", "NODE_17_length_11478_cov_4.354947", "8977..9894", "llsY", "AHK25021"], ["Cluster_1190", "VFG045337", "98.10", "1314/1314", "NODE_17_length_11478_cov_4.354947", "9887..11200", "llsD", "AHK25022"], ["Cluster_2966", "VFG045468", "90.27", "627/624", "NODE_9_length_184863_cov_8.059079", "63477..64103", "hbp1/svpA", "NP_465710"], ["Cluster_1485", "VFG049468", "95.20", "1167/1167", "NODE_6_length_223430_cov_9.248402", "100754..101920", "inlP", "NP_465993"]]
hits_plasmidfinder	[]
mlst-ST	6
mlst-CC	CC6
mlst-Lineage	I
mlst-percent_detected	100.0
mlst-abcZ	abcZ,3,100.00,537/537,DNA
mlst-bglA	bglA,9,100.00,399/399,DNA
mlst-cat	cat,9,100.00,486/486,DNA
mlst-dapE	dapE,3,100.00,462/462,DNA
mlst-dat	dat,3,100.00,471/471,DNA
mlst-ldh	ldh,1,100.00,453/453,DNA
mlst-lhkA	lhkA,5,100.00,480/480,DNA
species_confirmation-prs	prs,2,100.00,370/370,DNA
species_confirmation-prfA	prfA,4,100.00,714/714,DNA
typing_amr-aacA4	aacA4,-,-,-,DNA
typing_amr-aadC	aadC,-,-,-,DNA
typing_amr-aadE	aadE,-,-,-,DNA
typing_amr-aphA	aphA,-,-,-,DNA
typing_amr-cat_CHL	cat_CHL,-,-,-,DNA
typing_amr-dfrD	dfrD,-,-,-,DNA
typing_amr-dfrK	dfrK,-,-,-,DNA
typing_amr-ermB	ermB,-,-,-,DNA
typing_amr-ermG	ermG,-,-,-,DNA
typing_amr-fexA	fexA,-,-,-,DNA
typing_amr-fosX	fosX,2,100.00,402/402,DNA
typing_amr-lmo0919	lmo0919,5,100.00,1572/1572,DNA
typing_amr-lnuA	lnuA,-,-,-,DNA
typing_amr-lnuG	lnuG,-,-,-,DNA
typing_amr-mefA	mefA,-,-,-,DNA
typing_amr-mphB	mphB,-,-,-,DNA
typing_amr-mprF	mprF,1,95.58,2599/2599,DNA
typing_amr-msrD	msrD,-,-,-,DNA
typing_amr-norB	norB,2,100.00,1401/1401,DNA
typing_amr-penA	penA,-,-,-,DNA
typing_amr-qnrB	qnrB,-,-,-,DNA
typing_amr-str	str,-,-,-,DNA
typing_amr-sul	sul,2,100.00,816/816,DNA
typing_amr-tetM	tetM,-,-,-,DNA
typing_amr-tetS	tetS,-,-,-,DNA
typing_virulence-prfA	prfA,4,100.00,714/714,DNA
typing_virulence-plcA	plcA,10,100.00,954/954,DNA
typing_virulence-hly	hly,10,100.00,1590/1590,DNA
typing_virulence-mpl	mpl,9,100.00,1533/1533,DNA
typing_virulence-actA	actA,5,100.00,1920/1920,DNA
typing_virulence-plcB	plcB,6,100.00,870/870,DNA
typing_virulence-LIPI3_llsA	LIPI3_llsA,1,100.00,150/150,DNA
typing_virulence-LIPI3_llsG	LIPI3_llsG,1,100.00,888/888,DNA
typing_virulence-LIPI3_llsH	LIPI3_llsH,3,100.00,750/750,DNA
typing_virulence-LIPI3_llsX	LIPI3_llsX,3,100.00,318/318,DNA
typing_virulence-LIPI3_llsB	LIPI3_llsB,4,100.00,876/876,DNA
typing_virulence-LIPI3_llsY	LIPI3_llsY,4,100.00,918/918,DNA
typing_virulence-LIPI3_llsD	LIPI3_llsD,1,100.00,1314/1314,DNA
typing_virulence-LIPI3_llsP	LIPI3_llsP,-,-,-,DNA
typing_virulence-inlA	inlA,8,100.00,2394/2394,DNA
typing_virulence-inlB	inlB,9,100.00,1893/1893,DNA
typing_virulence-inlC	inlC,8,100.00,891/891,DNA
typing_virulence-inlE	inlE,6,100.00,1500/1500,DNA
typing_virulence-inlF	inlF,7,100.00,2472/2472,DNA
typing_virulence-inlG	inlG,3,100.00,1473/1473,DNA
typing_virulence-inlH	inlH,7,100.00,1647/1647,DNA
typing_virulence-inlJ	inlJ,176,100.00,2751/2751,DNA
typing_virulence-inlK	inlK,9,100.00,1821/1821,DNA
typing_virulence-agrA	agrA,6,100.00,729/729,DNA
typing_virulence-agrC	agrC,7,100.00,1296/1296,DNA
typing_virulence-ami	ami,-,-,-,DNA
typing_virulence-aut	aut,-,-,-,DNA
typing_virulence-bsh	bsh,7,100.00,978/978,DNA
typing_virulence-cheA	cheA,8,100.00,1857/1857,DNA
typing_virulence-cheY	cheY,5,100.00,360/360,DNA
typing_virulence-cwhA	cwhA,7,100.00,1410/1410,DNA
typing_virulence-dltA	dltA,10,100.00,1533/1533,DNA
typing_virulence-fbpA	fbpA,8,100.00,1713/1713,DNA
typing_virulence-fur	fur,2,100.00,453/453,DNA
typing_virulence-gtcA	gtcA,6,100.00,438/438,DNA
typing_virulence-hpt	hpt,8,100.00,1386/1386,DNA
typing_virulence-lap	lap,9,100.00,2601/2601,DNA
typing_virulence-lapB	lapB,5,100.00,5139/5139,DNA
typing_virulence-lgt	lgt,6,100.00,834/834,DNA
typing_virulence-lisK	lisK,9,100.00,1452/1452,DNA
typing_virulence-lisR	lisR,3,100.00,681/681,DNA
typing_virulence-lntA	lntA,5,100.00,618/618,DNA
typing_virulence-lpeA	lpeA,8,100.00,933/933,DNA
typing_virulence-lplA1	lplA1,9,100.00,996/996,DNA
typing_virulence-lspA	lspA,7,100.00,465/465,DNA
typing_virulence-oatA	oatA,6,100.00,1887/1887,DNA
typing_virulence-oppA	oppA,9,100.00,1677/1677,DNA
typing_virulence-pdgA	pdgA,5,100.00,1401/1401,DNA
typing_virulence-prsA2	prsA2,8,100.00,882/882,DNA
typing_virulence-purQ	purQ,11,100.00,2220/2220,DNA
typing_virulence-srtA	srtA,7,100.00,669/669,DNA
typing_virulence-srtB	srtB,8,100.00,741/741,DNA
typing_virulence-stp	stp,5,100.00,759/759,DNA
typing_virulence-svpA	svpA,7,100.00,1710/1710,DNA
typing_virulence-tagB	tagB,-,-,-,DNA
typing_virulence-vip	vip,47,100.00,1257/1257,DNA
typing_virulence-virR	virR,4,100.00,678/678,DNA
typing_virulence-virS	virS,6,100.00,1041/1041,DNA
typing_virulence-aut_IVb	aut_IVb,2,100.00,339/339,DNA
typing_virulence-comK	comK,4,100.00,609/609,DNA
typing_virulence-gltA	gltA,1,100.00,1854/1854,DNA
typing_virulence-gltB	gltB,1,100.00,948/948,DNA
typing_virulence-inlC2	inlC2,7,100.00,1647/1647,DNA
typing_virulence-inlD	inlD,7,100.00,1707/1707,DNA
typing_virulence-inlL	inlL,-,-,-,DNA
typing_virulence-inlP1	inlP1,-,-,-,DNA
typing_virulence-inlP3	inlP3,-,-,-,DNA
typing_virulence-inlP4	inlP4,-,-,-,DNA
typing_virulence-inlPq	inlPq,-,-,-,DNA
typing_virulence-LIPI2_inlB1	LIPI2_inlB1,-,-,-,DNA
typing_virulence-LIPI2_inlB2	LIPI2_inlB2,-,-,-,DNA
typing_virulence-LIPI2_inlE	LIPI2_inlE,-,-,-,DNA
typing_virulence-LIPI2_inlF	LIPI2_inlF,-,-,-,DNA
typing_virulence-LIPI2_inlG	LIPI2_inlG,-,-,-,DNA
typing_virulence-LIPI2_inlH	LIPI2_inlH,-,-,-,DNA
typing_virulence-LIPI2_inlII	LIPI2_inlII,-,-,-,DNA
typing_virulence-LIPI2_inlJ	LIPI2_inlJ,-,-,-,DNA
typing_virulence-LIPI2_inlK	LIPI2_inlK,-,-,-,DNA
typing_virulence-LIPI2_inlL	LIPI2_inlL,-,-,-,DNA
typing_virulence-LIPI2_smlcL	LIPI2_smlcL,-,-,-,DNA
typing_virulence-LIPI2_surF3	LIPI2_surF3,-,-,-,DNA
typing_virulence-LM9005581_70009	LM9005581_70009,-,-,-,DNA
typing_virulence-LM9005581_70010	LM9005581_70010,-,-,-,DNA
typing_virulence-LM9005581_70011	LM9005581_70011,-,-,-,DNA
typing_virulence-LM9005581_70012	LM9005581_70012,-,-,-,DNA
typing_virulence-LM9005581_70013	LM9005581_70013,-,-,-,DNA
typing_virulence-LM9005581_70014	LM9005581_70014,-,-,-,DNA
typing_virulence-lmo0333	lmo0333,7,100.00,5328/5328,DNA
typing_virulence-lmo1280	lmo1280,2,100.00,780/780,DNA
typing_virulence-lmo2470	lmo2470,5,100.00,1167/1167,DNA
typing_virulence-lmo2491	lmo2491,2,100.00,648/648,DNA
typing_virulence-mdrM	mdrM,2,100.00,1470/1470,DNA
metal_detergent-bcrA	bcrA,-,-,-,DNA
metal_detergent-bcrB	bcrB,-,-,-,DNA
metal_detergent-bcrC	bcrC,-,-,-,DNA
metal_detergent-cadA	cadA,-,-,-,DNA
metal_detergent-cadC	cadC,-,-,-,DNA
metal_detergent-LGI-1_LM5578_1862	LGI-1_LM5578_1862,-,-,-,DNA
metal_detergent-qacA	qacA,-,-,-,DNA
metal_detergent-Tn6188_qac	Tn6188_qac,-,-,-,DNA
pcr_serogroup-profile_id	54
pcr_serogroup-serogroup	IVb
pcr_serogroup-percent_detected	100.0
pcr_serogroup-lmo0737	lmo0737,-,-,-,DNA
pcr_serogroup-lmo1118	lmo1118,-,-,-,DNA
pcr_serogroup-ORF2110	ORF2110,3,100.00,597/597,DNA
pcr_serogroup-ORF2819	ORF2819,3,100.00,471/471,DNA
pcr_serogroup-prs	prs,2,100.00,370/370,DNA
cgmlst-lmo0002	lmo0002,2,100.00,1146/1146,DNA
cgmlst-lmo0003	lmo0003,2,100.00,1344/1344,DNA
cgmlst-lmo0005	lmo0005,2,100.00,1113/1113,DNA
cgmlst-lmo0006	lmo0006,6,100.00,1941/1941,DNA
cgmlst-lmo0007	lmo0007,5,100.00,2529/2529,DNA
cgmlst-lmo0009	lmo0009,3,100.00,519/519,DNA
cgmlst-lmo0010	lmo0010,5,100.00,969/969,DNA
cgmlst-lmo0011	lmo0011,6,100.00,972/972,DNA
cgmlst-lmo0012	lmo0012,2,100.00,1080/1080,DNA
cgmlst-lmo0015	lmo0015,4,100.00,612/612,DNA
cgmlst-lmo0016	lmo0016,3,100.00,333/333,DNA
cgmlst-lmo0018	lmo0018,5,100.00,1434/1434,DNA
cgmlst-lmo0019	lmo0019,17,100.00,822/822,DNA
cgmlst-lmo0020	lmo0020,4,100.00,741/741,DNA
cgmlst-lmo0021	lmo0021,4,100.00,402/402,DNA
cgmlst-lmo0022	lmo0022,96,100.00,489/489,DNA
cgmlst-lmo0023	lmo0023,3,100.00,804/804,DNA
cgmlst-lmo0024	lmo0024,3,100.00,828/828,DNA
cgmlst-lmo0025	lmo0025,3,100.00,705/705,DNA
cgmlst-lmo0026	lmo0026,5,100.00,642/642,DNA
cgmlst-lmo0027	lmo0027,4,100.00,1905/1905,DNA
cgmlst-lmo0029	lmo0029,2,100.00,339/339,DNA
cgmlst-lmo0030	lmo0030,2,100.00,810/810,DNA
cgmlst-lmo0031	lmo0031,5,100.00,1056/1056,DNA
cgmlst-lmo0033	lmo0033,5,100.00,2403/2403,DNA
cgmlst-lmo0034	lmo0034,5,100.00,1359/1359,DNA
cgmlst-lmo0035	lmo0035,2,100.00,1086/1086,DNA
cgmlst-lmo0042	lmo0042,2,100.00,660/660,DNA
cgmlst-lmo0043	lmo0043,6,100.00,1233/1233,DNA
cgmlst-lmo0044	lmo0044,1,100.00,294/294,DNA
cgmlst-lmo0046	lmo0046,1,100.00,240/240,DNA
cgmlst-lmo0047	lmo0047,2,100.00,612/612,DNA
cgmlst-lmo0048	lmo0048,2,100.00,615/615,DNA
cgmlst-lmo0049	lmo0049,2,100.00,162/162,DNA
cgmlst-lmo0052	lmo0052,3,100.00,1974/1974,DNA
cgmlst-lmo0053	lmo0053,2,100.00,447/447,DNA
cgmlst-lmo0054	lmo0054,5,100.00,1353/1353,DNA
cgmlst-lmo0055	lmo0055,5,100.00,1293/1293,DNA
cgmlst-lmo0056	lmo0056,2,100.00,294/294,DNA
cgmlst-lmo0057	lmo0057,6,100.00,3207/3207,DNA
cgmlst-lmo0059	lmo0059,2,100.00,252/252,DNA
cgmlst-lmo0060	lmo0060,3,100.00,1197/1197,DNA
cgmlst-lmo0083	lmo0083,2,100.00,369/369,DNA
cgmlst-lmo0084	lmo0084,38,100.00,984/984,DNA
cgmlst-lmo0087	lmo0087,5,100.00,2310/2310,DNA
cgmlst-lmo0088	lmo0088,2,100.00,243/243,DNA
cgmlst-lmo0089	lmo0089,4,100.00,1032/1032,DNA
cgmlst-lmo0090	lmo0090,6,100.00,1497/1497,DNA
cgmlst-lmo0091	lmo0091,2,100.00,870/870,DNA
cgmlst-lmo0092	lmo0092,4,100.00,1371/1371,DNA
cgmlst-lmo0095	lmo0095,5,100.00,633/633,DNA
cgmlst-lmo0096	lmo0096,4,100.00,966/966,DNA
cgmlst-lmo0097	lmo0097,2,100.00,807/807,DNA
cgmlst-lmo0098	lmo0098,2,100.00,912/912,DNA
cgmlst-lmo0099	lmo0099,2,100.00,390/390,DNA
cgmlst-lmo0100	lmo0100,2,100.00,351/351,DNA
cgmlst-lmo0101	lmo0101,2,100.00,294/294,DNA
cgmlst-lmo0102	lmo0102,2,100.00,291/291,DNA
cgmlst-lmo0103	lmo0103,2,100.00,633/633,DNA
cgmlst-lmo0104	lmo0104,11,100.00,372/372,DNA
cgmlst-lmo0110	lmo0110,2,100.00,1116/1116,DNA
cgmlst-lmo0111	lmo0111,2,100.00,708/708,DNA
cgmlst-lmo0112	lmo0112,2,100.00,696/696,DNA
cgmlst-lmo0113	lmo0113,2,100.00,453/453,DNA
cgmlst-lmo0114	lmo0114,2,100.00,336/336,DNA
cgmlst-lmo0115	lmo0115,2,100.00,429/429,DNA
cgmlst-lmo0116	lmo0116,2,100.00,417/417,DNA
cgmlst-lmo0128	lmo0128,2,100.00,423/423,DNA
cgmlst-lmo0130	lmo0130,2,100.00,2355/2355,DNA
cgmlst-lmo0131	lmo0131,2,100.00,750/750,DNA
cgmlst-lmo0132	lmo0132,6,100.00,1509/1509,DNA
cgmlst-lmo0133	lmo0133,2,100.00,234/234,DNA
cgmlst-lmo0134	lmo0134,2,100.00,279/279,DNA
cgmlst-lmo0135	lmo0135,2,100.00,1575/1575,DNA
cgmlst-lmo0136	lmo0136,2,100.00,951/951,DNA
cgmlst-lmo0137	lmo0137,2,100.00,894/894,DNA
cgmlst-lmo0153	lmo0153,4,100.00,942/942,DNA
cgmlst-lmo0154	lmo0154,3,100.00,705/705,DNA
cgmlst-lmo0155	lmo0155,5,100.00,807/807,DNA
cgmlst-lmo0156	lmo0156,2,100.00,681/681,DNA
cgmlst-lmo0157	lmo0157,6,100.00,2340/2340,DNA
cgmlst-lmo0158	lmo0158,2,100.00,813/813,DNA
cgmlst-lmo0161	lmo0161,2,100.00,837/837,DNA
cgmlst-lmo0162	lmo0162,5,100.00,993/993,DNA
cgmlst-lmo0163	lmo0163,3,100.00,834/834,DNA
cgmlst-lmo0164	lmo0164,2,100.00,390/390,DNA
cgmlst-lmo0165	lmo0165,2,100.00,753/753,DNA
cgmlst-lmo0166	lmo0166,7,100.00,270/270,DNA
cgmlst-lmo0167	lmo0167,6,100.00,882/882,DNA
cgmlst-lmo0168	lmo0168,2,100.00,285/285,DNA
cgmlst-lmo0169	lmo0169,3,100.00,858/858,DNA
cgmlst-lmo0170	lmo0170,5,100.00,1263/1263,DNA
cgmlst-lmo0176	lmo0176,5,100.00,861/861,DNA
cgmlst-lmo0177	lmo0177,5,100.00,1995/1995,DNA
cgmlst-lmo0185	lmo0185,4,100.00,774/774,DNA
cgmlst-lmo0186	lmo0186,5,100.00,1215/1215,DNA
cgmlst-lmo0187	lmo0187,2,100.00,576/576,DNA
cgmlst-lmo0188	lmo0188,6,100.00,888/888,DNA
cgmlst-lmo0189	lmo0189,1,100.00,258/258,DNA
cgmlst-lmo0190	lmo0190,4,100.00,882/882,DNA
cgmlst-lmo0191	lmo0191,2,100.00,738/738,DNA
cgmlst-lmo0192	lmo0192,2,100.00,819/819,DNA
cgmlst-lmo0193	lmo0193,5,100.00,678/678,DNA
cgmlst-lmo0197	lmo0197,2,100.00,309/309,DNA
cgmlst-lmo0198	lmo0198,6,100.00,1374/1374,DNA
cgmlst-lmo0199	lmo0199,2,100.00,957/957,DNA
cgmlst-lmo0202	lmo0202,6,100.00,1590/1590,DNA
cgmlst-lmo0203	lmo0203,6,100.00,1533/1533,DNA
cgmlst-lmo0205	lmo0205,5,100.00,870/870,DNA
cgmlst-lmo0207	lmo0207,2,100.00,462/462,DNA
cgmlst-lmo0208	lmo0208,2,100.00,333/333,DNA
cgmlst-lmo0211	lmo0211,2,100.00,624/624,DNA
cgmlst-lmo0212	lmo0212,2,100.00,585/585,DNA
cgmlst-lmo0213	lmo0213,4,100.00,561/561,DNA
cgmlst-lmo0215	lmo0215,6,100.00,1590/1590,DNA
cgmlst-lmo0216	lmo0216,3,100.00,279/279,DNA
cgmlst-lmo0217	lmo0217,4,100.00,387/387,DNA
cgmlst-lmo0220	lmo0220,6,100.00,2076/2076,DNA
cgmlst-lmo0221	lmo0221,2,100.00,780/780,DNA
cgmlst-lmo0222	lmo0222,2,100.00,885/885,DNA
cgmlst-lmo0223	lmo0223,2,100.00,927/927,DNA
cgmlst-lmo0225	lmo0225,3,100.00,375/375,DNA
cgmlst-lmo0226	lmo0226,2,100.00,480/480,DNA
cgmlst-lmo0227	lmo0227,3,100.00,996/996,DNA
cgmlst-lmo0228	lmo0228,4,100.00,1497/1497,DNA
cgmlst-lmo0229	lmo0229,3,100.00,459/459,DNA
cgmlst-lmo0230	lmo0230,3,100.00,519/519,DNA
cgmlst-lmo0231	lmo0231,5,100.00,1023/1023,DNA
cgmlst-lmo0232	lmo0232,5,100.00,2463/2463,DNA
cgmlst-lmo0233	lmo0233,16,100.00,1374/1374,DNA
cgmlst-lmo0235	lmo0235,5,100.00,699/699,DNA
cgmlst-lmo0236	lmo0236,4,100.00,474/474,DNA
cgmlst-lmo0250	lmo0250,2,100.00,501/501,DNA
cgmlst-lmo0251	lmo0251,2,100.00,363/363,DNA
cgmlst-lmo0256	lmo0256,2,100.00,606/606,DNA
cgmlst-lmo0258	lmo0258,5,100.00,3555/3555,DNA
cgmlst-lmo0259	lmo0259,6,100.00,3606/3606,DNA
cgmlst-lmo0260	lmo0260,4,100.00,546/546,DNA
cgmlst-lmo0266	lmo0266,6,100.00,417/417,DNA
cgmlst-lmo0268	lmo0268,2,100.00,636/636,DNA
cgmlst-lmo0270	lmo0270,18,100.00,624/624,DNA
cgmlst-lmo0271	lmo0271,6,100.00,1437/1437,DNA
cgmlst-lmo0272	lmo0272,6,100.00,813/813,DNA
cgmlst-lmo0274	lmo0274,5,100.00,663/663,DNA
cgmlst-lmo0276	lmo0276,3,100.00,822/822,DNA
cgmlst-lmo0278	lmo0278,3,100.00,1101/1101,DNA
cgmlst-lmo0280	lmo0280,2,100.00,552/552,DNA
cgmlst-lmo0281	lmo0281,2,100.00,672/672,DNA
cgmlst-lmo0282	lmo0282,3,100.00,780/780,DNA
cgmlst-lmo0283	lmo0283,3,100.00,663/663,DNA
cgmlst-lmo0284	lmo0284,6,100.00,1017/1017,DNA
cgmlst-lmo0285	lmo0285,4,100.00,822/822,DNA
cgmlst-lmo0286	lmo0286,6,100.00,1182/1182,DNA
cgmlst-lmo0287	lmo0287,2,100.00,714/714,DNA
cgmlst-lmo0288	lmo0288,6,100.00,1833/1833,DNA
cgmlst-lmo0289	lmo0289,6,100.00,1323/1323,DNA
cgmlst-lmo0290	lmo0290,5,100.00,840/840,DNA
cgmlst-lmo0291	lmo0291,2,100.00,831/831,DNA
cgmlst-lmo0292	lmo0292,5,100.00,1503/1503,DNA
cgmlst-lmo0293	lmo0293,5,100.00,480/480,DNA
cgmlst-lmo0296	lmo0296,5,100.00,639/639,DNA
cgmlst-lmo0297	lmo0297,6,100.00,1872/1872,DNA
cgmlst-lmo0299	lmo0299,6,100.00,291/291,DNA
cgmlst-lmo0300	lmo0300,6,100.00,1392/1392,DNA
cgmlst-lmo0301	lmo0301,3,100.00,342/342,DNA
cgmlst-lmo0305	lmo0305,13,100.00,1083/1083,DNA
cgmlst-lmo0314	lmo0314,6,100.00,786/786,DNA
cgmlst-lmo0316	lmo0316,5,100.00,810/810,DNA
cgmlst-lmo0317	lmo0317,3,100.00,804/804,DNA
cgmlst-lmo0318	lmo0318,6,100.00,645/645,DNA
cgmlst-lmo0321	lmo0321,5,100.00,660/660,DNA
cgmlst-lmo0343	lmo0343,2,100.00,657/657,DNA
cgmlst-lmo0345	lmo0345,2,100.00,447/447,DNA
cgmlst-lmo0346	lmo0346,2,100.00,765/765,DNA
cgmlst-lmo0347	lmo0347,2,100.00,651/651,DNA
cgmlst-lmo0348	lmo0348,2,100.00,996/996,DNA
cgmlst-lmo0349	lmo0349,2,100.00,342/342,DNA
cgmlst-lmo0350	lmo0350,2,100.00,432/432,DNA
cgmlst-lmo0351	lmo0351,2,100.00,378/378,DNA
cgmlst-lmo0352	lmo0352,2,100.00,765/765,DNA
cgmlst-lmo0353	lmo0353,13,100.00,411/411,DNA
cgmlst-lmo0354	lmo0354,6,100.00,1527/1527,DNA
cgmlst-lmo0355	lmo0355,5,100.00,1521/1521,DNA
cgmlst-lmo0356	lmo0356,6,100.00,1017/1017,DNA
cgmlst-lmo0368	lmo0368,6,100.00,510/510,DNA
cgmlst-lmo0369	lmo0369,6,100.00,720/720,DNA
cgmlst-lmo0370	lmo0370,4,100.00,336/336,DNA
cgmlst-lmo0371	lmo0371,5,100.00,714/714,DNA
cgmlst-lmo0372	lmo0372,6,100.00,1443/1443,DNA
cgmlst-lmo0374	lmo0374,2,100.00,303/303,DNA
cgmlst-lmo0375	lmo0375,3,100.00,195/195,DNA
cgmlst-lmo0383	lmo0383,6,100.00,1467/1467,DNA
cgmlst-lmo0385	lmo0385,5,100.00,978/978,DNA
cgmlst-lmo0386	lmo0386,6,100.00,1917/1917,DNA
cgmlst-lmo0387	lmo0387,2,100.00,372/372,DNA
cgmlst-lmo0388	lmo0388,2,100.00,369/369,DNA
cgmlst-lmo0389	lmo0389,4,100.00,1116/1116,DNA
cgmlst-lmo0390	lmo0390,2,100.00,666/666,DNA
cgmlst-lmo0391	lmo0391,2,100.00,300/300,DNA
cgmlst-lmo0392	lmo0392,2,100.00,945/945,DNA
cgmlst-lmo0393	lmo0393,5,100.00,450/450,DNA
cgmlst-lmo0394	lmo0394,2,100.00,684/684,DNA
cgmlst-lmo0396	lmo0396,2,100.00,801/801,DNA
cgmlst-lmo0397	lmo0397,3,100.00,483/483,DNA
cgmlst-lmo0401	lmo0401,6,100.00,2628/2628,DNA
cgmlst-lmo0402	lmo0402,6,100.00,1935/1935,DNA
cgmlst-lmo0403	lmo0403,4,100.00,417/417,DNA
cgmlst-lmo0404	lmo0404,2,100.00,399/399,DNA
cgmlst-lmo0405	lmo0405,3,100.00,1008/1008,DNA
cgmlst-lmo0406	lmo0406,4,100.00,381/381,DNA
cgmlst-lmo0407	lmo0407,2,100.00,393/393,DNA
cgmlst-lmo0408	lmo0408,2,100.00,423/423,DNA
cgmlst-lmo0413	lmo0413,2,100.00,192/192,DNA
cgmlst-lmo0416	lmo0416,2,100.00,204/204,DNA
cgmlst-lmo0418	lmo0418,3,100.00,300/300,DNA
cgmlst-lmo0424	lmo0424,6,100.00,858/858,DNA
cgmlst-lmo0429	lmo0429,36,100.00,2583/2583,DNA
cgmlst-lmo0430	lmo0430,6,100.00,876/876,DNA
cgmlst-lmo0431	lmo0431,6,100.00,570/570,DNA
cgmlst-lmo0432	lmo0432,2,100.00,747/747,DNA
cgmlst-lmo0437	lmo0437,6,100.00,846/846,DNA
cgmlst-lmo0442	lmo0442,3,100.00,315/315,DNA
cgmlst-lmo0443	lmo0443,5,100.00,930/930,DNA
cgmlst-lmo0449	lmo0449,15,100.00,726/726,DNA
cgmlst-lmo0450	lmo0450,4,100.00,666/666,DNA
cgmlst-lmo0452	lmo0452,6,100.00,2160/2160,DNA
cgmlst-lmo0453	lmo0453,6,100.00,1149/1149,DNA
cgmlst-lmo0454	lmo0454,6,100.00,948/948,DNA
cgmlst-lmo0455	lmo0455,2,100.00,1596/1596,DNA
cgmlst-lmo0456	lmo0456,4,100.00,1284/1284,DNA
cgmlst-lmo0457	lmo0457,5,100.00,1101/1101,DNA
cgmlst-lmo0458	lmo0458,6,100.00,1551/1551,DNA
cgmlst-lmo0480	lmo0480,6,100.00,561/561,DNA
cgmlst-lmo0481	lmo0481,6,100.00,1701/1701,DNA
cgmlst-lmo0482	lmo0482,6,100.00,1104/1104,DNA
cgmlst-lmo0483	lmo0483,4,100.00,480/480,DNA
cgmlst-lmo0484	lmo0484,4,100.00,366/366,DNA
cgmlst-lmo0485	lmo0485,3,100.00,576/576,DNA
cgmlst-lmo0487	lmo0487,33,100.00,729/729,DNA
cgmlst-lmo0488	lmo0488,3,100.00,894/894,DNA
cgmlst-lmo0489	lmo0489,4,100.00,1995/1995,DNA
cgmlst-lmo0490	lmo0490,6,100.00,876/876,DNA
cgmlst-lmo0491	lmo0491,6,100.00,759/759,DNA
cgmlst-lmo0494	lmo0494,2,100.00,594/594,DNA
cgmlst-lmo0509	lmo0509,2,100.00,936/936,DNA
cgmlst-lmo0510	lmo0510,3,100.00,579/579,DNA
cgmlst-lmo0512	lmo0512,4,100.00,360/360,DNA
cgmlst-lmo0513	lmo0513,3,100.00,459/459,DNA
cgmlst-lmo0515	lmo0515,2,100.00,432/432,DNA
cgmlst-lmo0516	lmo0516,4,100.00,1431/1431,DNA
cgmlst-lmo0517	lmo0517,2,100.00,816/816,DNA
cgmlst-lmo0518	lmo0518,2,100.00,369/369,DNA
cgmlst-lmo0520	lmo0520,6,100.00,1005/1005,DNA
cgmlst-lmo0521	lmo0521,6,100.00,1317/1317,DNA
cgmlst-lmo0522	lmo0522,6,100.00,753/753,DNA
cgmlst-lmo0523	lmo0523,5,100.00,444/444,DNA
cgmlst-lmo0527	lmo0527,6,100.00,1476/1476,DNA
cgmlst-lmo0528	lmo0528,6,100.00,1497/1497,DNA
cgmlst-lmo0529	lmo0529,6,100.00,1251/1251,DNA
cgmlst-lmo0530	lmo0530,6,100.00,2052/2052,DNA
cgmlst-lmo0531	lmo0531,2,100.00,855/855,DNA
cgmlst-lmo0532	lmo0532,4,100.00,831/831,DNA
cgmlst-lmo0533	lmo0533,2,100.00,270/270,DNA
cgmlst-lmo0534	lmo0534,6,100.00,1356/1356,DNA
cgmlst-lmo0535	lmo0535,4,100.00,969/969,DNA
cgmlst-lmo0536	lmo0536,5,100.00,1323/1323,DNA
cgmlst-lmo0537	lmo0537,6,100.00,1272/1272,DNA
cgmlst-lmo0538	lmo0538,8,100.00,1176/1176,DNA
cgmlst-lmo0539	lmo0539,2,100.00,1017/1017,DNA
cgmlst-lmo0540	lmo0540,5,100.00,1194/1194,DNA
cgmlst-lmo0542	lmo0542,3,100.00,351/351,DNA
cgmlst-lmo0543	lmo0543,2,100.00,987/987,DNA
cgmlst-lmo0544	lmo0544,2,100.00,522/522,DNA
cgmlst-lmo0545	lmo0545,4,100.00,381/381,DNA
cgmlst-lmo0546	lmo0546,2,100.00,1251/1251,DNA
cgmlst-lmo0547	lmo0547,3,100.00,948/948,DNA
cgmlst-lmo0553	lmo0553,2,100.00,636/636,DNA
cgmlst-lmo0554	lmo0554,6,100.00,1182/1182,DNA
cgmlst-lmo0555	lmo0555,5,100.00,1479/1479,DNA
cgmlst-lmo0556	lmo0556,6,100.00,708/708,DNA
cgmlst-lmo0558	lmo0558,6,100.00,1041/1041,DNA
cgmlst-lmo0559	lmo0559,5,100.00,906/906,DNA
cgmlst-lmo0560	lmo0560,5,100.00,1377/1377,DNA
cgmlst-lmo0563	lmo0563,2,100.00,756/756,DNA
cgmlst-lmo0564	lmo0564,5,100.00,723/723,DNA
cgmlst-lmo0565	lmo0565,5,100.00,627/627,DNA
cgmlst-lmo0566	lmo0566,2,100.00,585/585,DNA
cgmlst-lmo0567	lmo0567,2,100.00,1284/1284,DNA
cgmlst-lmo0568	lmo0568,2,100.00,642/642,DNA
cgmlst-lmo0569	lmo0569,105,100.00,1179/1179,DNA
cgmlst-lmo0570	lmo0570,3,100.00,828/828,DNA
cgmlst-lmo0571	lmo0571,3,100.00,297/297,DNA
cgmlst-lmo0572	lmo0572,2,100.00,1032/1032,DNA
cgmlst-lmo0573	lmo0573,235,100.00,1296/1296,DNA
cgmlst-lmo0574	lmo0574,6,100.00,1395/1395,DNA
cgmlst-lmo0575	lmo0575,6,100.00,729/729,DNA
cgmlst-lmo0577	lmo0577,2,100.00,459/459,DNA
cgmlst-lmo0578	lmo0578,2,100.00,753/753,DNA
cgmlst-lmo0579	lmo0579,4,100.00,210/210,DNA
cgmlst-lmo0580	lmo0580,3,100.00,657/657,DNA
cgmlst-lmo0583	lmo0583,6,100.00,2331/2331,DNA
cgmlst-lmo0584	lmo0584,4,100.00,1173/1173,DNA
cgmlst-lmo0585	lmo0585,3,100.00,714/714,DNA
cgmlst-lmo0587	lmo0587,6,100.00,2466/2466,DNA
cgmlst-lmo0589	lmo0589,2,100.00,414/414,DNA
cgmlst-lmo0590	lmo0590,6,100.00,1767/1767,DNA
cgmlst-lmo0591	lmo0591,5,100.00,771/771,DNA
cgmlst-lmo0592	lmo0592,2,100.00,543/543,DNA
cgmlst-lmo0593	lmo0593,3,100.00,801/801,DNA
cgmlst-lmo0594	lmo0594,5,100.00,1107/1107,DNA
cgmlst-lmo0595	lmo0595,6,100.00,1278/1278,DNA
cgmlst-lmo0596	lmo0596,4,100.00,528/528,DNA
cgmlst-lmo0597	lmo0597,4,100.00,702/702,DNA
cgmlst-lmo0602	lmo0602,4,100.00,501/501,DNA
cgmlst-lmo0603	lmo0603,4,100.00,387/387,DNA
cgmlst-lmo0604	lmo0604,4,100.00,345/345,DNA
cgmlst-lmo0605	lmo0605,6,100.00,1341/1341,DNA
cgmlst-lmo0608	lmo0608,5,100.00,1818/1818,DNA
cgmlst-lmo0609	lmo0609,3,100.00,300/300,DNA
cgmlst-lmo0610	lmo0610,6,100.00,1770/1770,DNA
cgmlst-lmo0611	lmo0611,3,100.00,627/627,DNA
cgmlst-lmo0612	lmo0612,33,100.00,450/450,DNA
cgmlst-lmo0613	lmo0613,4,100.00,942/942,DNA
cgmlst-lmo0615	lmo0615,2,100.00,243/243,DNA
cgmlst-lmo0616	lmo0616,4,100.00,1752/1752,DNA
cgmlst-lmo0617	lmo0617,4,100.00,495/495,DNA
cgmlst-lmo0619	lmo0619,2,100.00,456/456,DNA
cgmlst-lmo0620	lmo0620,2,100.00,393/393,DNA
cgmlst-lmo0621	lmo0621,5,100.00,741/741,DNA
cgmlst-lmo0622	lmo0622,4,100.00,279/279,DNA
cgmlst-lmo0623	lmo0623,7,100.00,279/279,DNA
cgmlst-lmo0624	lmo0624,2,100.00,444/444,DNA
cgmlst-lmo0625	lmo0625,6,100.00,702/702,DNA
cgmlst-lmo0626	lmo0626,22,100.00,1680/1680,DNA
cgmlst-lmo0628	lmo0628,2,100.00,276/276,DNA
cgmlst-lmo0635	lmo0635,5,100.00,705/705,DNA
cgmlst-lmo0636	lmo0636,4,100.00,417/417,DNA
cgmlst-lmo0637	lmo0637,5,100.00,594/594,DNA
cgmlst-lmo0639	lmo0639,2,100.00,534/534,DNA
cgmlst-lmo0640	lmo0640,6,100.00,918/918,DNA
cgmlst-lmo0641	lmo0641,5,100.00,1881/1881,DNA
cgmlst-lmo0642	lmo0642,4,100.00,729/729,DNA
cgmlst-lmo0643	lmo0643,6,100.00,651/651,DNA
cgmlst-lmo0644	lmo0644,4,100.00,1821/1821,DNA
cgmlst-lmo0646	lmo0646,6,100.00,840/840,DNA
cgmlst-lmo0647	lmo0647,2,100.00,285/285,DNA
cgmlst-lmo0648	lmo0648,2,100.00,951/951,DNA
cgmlst-lmo0649	lmo0649,2,100.00,642/642,DNA
cgmlst-lmo0650	lmo0650,6,100.00,2691/2691,DNA
cgmlst-lmo0651	lmo0651,2,100.00,648/648,DNA
cgmlst-lmo0652	lmo0652,6,100.00,537/537,DNA
cgmlst-lmo0654	lmo0654,3,100.00,210/210,DNA
cgmlst-lmo0655	lmo0655,5,100.00,708/708,DNA
cgmlst-lmo0656	lmo0656,5,100.00,564/564,DNA
cgmlst-lmo0657	lmo0657,3,100.00,417/417,DNA
cgmlst-lmo0659	lmo0659,6,100.00,897/897,DNA
cgmlst-lmo0661	lmo0661,5,100.00,309/309,DNA
cgmlst-lmo0662	lmo0662,6,100.00,816/816,DNA
cgmlst-lmo0663	lmo0663,18,100.00,867/867,DNA
cgmlst-lmo0664	lmo0664,3,100.00,564/564,DNA
cgmlst-lmo0665	lmo0665,5,100.00,264/264,DNA
cgmlst-lmo0666	lmo0666,2,100.00,378/378,DNA
cgmlst-lmo0667	lmo0667,5,100.00,936/936,DNA
cgmlst-lmo0668	lmo0668,6,100.00,771/771,DNA
cgmlst-lmo0669	lmo0669,6,100.00,882/882,DNA
cgmlst-lmo0670	lmo0670,2,100.00,177/177,DNA
cgmlst-lmo0672	lmo0672,2,100.00,429/429,DNA
cgmlst-lmo0673	lmo0673,2,100.00,210/210,DNA
cgmlst-lmo0675	lmo0675,2,100.00,315/315,DNA
cgmlst-lmo0676	lmo0676,2,100.00,768/768,DNA
cgmlst-lmo0677	lmo0677,2,100.00,273/273,DNA
cgmlst-lmo0678	lmo0678,4,100.00,762/762,DNA
cgmlst-lmo0680	lmo0680,3,100.00,2076/2076,DNA
cgmlst-lmo0681	lmo0681,2,100.00,1224/1224,DNA
cgmlst-lmo0682	lmo0682,6,100.00,780/780,DNA
cgmlst-lmo0683	lmo0683,2,100.00,789/789,DNA
cgmlst-lmo0684	lmo0684,2,100.00,336/336,DNA
cgmlst-lmo0685	lmo0685,5,100.00,852/852,DNA
cgmlst-lmo0686	lmo0686,2,100.00,828/828,DNA
cgmlst-lmo0687	lmo0687,2,100.00,501/501,DNA
cgmlst-lmo0688	lmo0688,6,100.00,1914/1914,DNA
cgmlst-lmo0689	lmo0689,2,100.00,909/909,DNA
cgmlst-lmo0690	lmo0690,2,100.00,864/864,DNA
cgmlst-lmo0691	lmo0691,2,100.00,360/360,DNA
cgmlst-lmo0692	lmo0692,5,100.00,1857/1857,DNA
cgmlst-lmo0693	lmo0693,2,100.00,300/300,DNA
cgmlst-lmo0694	lmo0694,3,100.00,411/411,DNA
cgmlst-lmo0695	lmo0695,5,100.00,1047/1047,DNA
cgmlst-lmo0696	lmo0696,3,100.00,423/423,DNA
cgmlst-lmo0697	lmo0697,5,100.00,1236/1236,DNA
cgmlst-lmo0698	lmo0698,4,100.00,237/237,DNA
cgmlst-lmo0699	lmo0699,4,100.00,993/993,DNA
cgmlst-lmo0700	lmo0700,5,100.00,1548/1548,DNA
cgmlst-lmo0701	lmo0701,6,100.00,1404/1404,DNA
cgmlst-lmo0703	lmo0703,2,100.00,465/465,DNA
cgmlst-lmo0704	lmo0704,4,100.00,429/429,DNA
cgmlst-lmo0705	lmo0705,6,100.00,1521/1521,DNA
cgmlst-lmo0706	lmo0706,6,100.00,876/876,DNA
cgmlst-lmo0707	lmo0707,6,100.00,1290/1290,DNA
cgmlst-lmo0708	lmo0708,4,100.00,387/387,DNA
cgmlst-lmo0709	lmo0709,3,100.00,282/282,DNA
cgmlst-lmo0710	lmo0710,4,100.00,402/402,DNA
cgmlst-lmo0711	lmo0711,4,100.00,411/411,DNA
cgmlst-lmo0712	lmo0712,2,100.00,297/297,DNA
cgmlst-lmo0713	lmo0713,6,100.00,1653/1653,DNA
cgmlst-lmo0714	lmo0714,5,100.00,1107/1107,DNA
cgmlst-lmo0715	lmo0715,5,100.00,693/693,DNA
cgmlst-lmo0716	lmo0716,5,100.00,1302/1302,DNA
cgmlst-lmo0717	lmo0717,5,100.00,669/669,DNA
cgmlst-lmo0718	lmo0718,4,100.00,645/645,DNA
cgmlst-lmo0719	lmo0719,2,100.00,327/327,DNA
cgmlst-lmo0720	lmo0720,2,100.00,324/324,DNA
cgmlst-lmo0721	lmo0721,3,100.00,648/648,DNA
cgmlst-lmo0722	lmo0722,5,100.00,1731/1731,DNA
cgmlst-lmo0724	lmo0724,5,100.00,729/729,DNA
cgmlst-lmo0727	lmo0727,6,100.00,1806/1806,DNA
cgmlst-lmo0729	lmo0729,4,100.00,480/480,DNA
cgmlst-lmo0732	lmo0732,6,100.00,1905/1905,DNA
cgmlst-lmo0741	lmo0741,3,100.00,378/378,DNA
cgmlst-lmo0743	lmo0743,6,100.00,705/705,DNA
cgmlst-lmo0745	lmo0745,6,100.00,504/504,DNA
cgmlst-lmo0755	lmo0755,5,100.00,822/822,DNA
cgmlst-lmo0756	lmo0756,6,100.00,906/906,DNA
cgmlst-lmo0757	lmo0757,5,100.00,981/981,DNA
cgmlst-lmo0758	lmo0758,19,100.00,891/891,DNA
cgmlst-lmo0760	lmo0760,6,100.00,609/609,DNA
cgmlst-lmo0762	lmo0762,2,100.00,1257/1257,DNA
cgmlst-lmo0763	lmo0763,5,100.00,873/873,DNA
cgmlst-lmo0764	lmo0764,5,100.00,990/990,DNA
cgmlst-lmo0772	lmo0772,2,100.00,648/648,DNA
cgmlst-lmo0773	lmo0773,4,100.00,990/990,DNA
cgmlst-lmo0774	lmo0774,5,100.00,930/930,DNA
cgmlst-lmo0775	lmo0775,1,100.00,333/333,DNA
cgmlst-lmo0776	lmo0776,5,100.00,867/867,DNA
cgmlst-lmo0777	lmo0777,3,100.00,384/384,DNA
cgmlst-lmo0779	lmo0779,4,100.00,468/468,DNA
cgmlst-lmo0781	lmo0781,5,100.00,879/879,DNA
cgmlst-lmo0782	lmo0782,5,100.00,816/816,DNA
cgmlst-lmo0787	lmo0787,3,100.00,1377/1377,DNA
cgmlst-lmo0788	lmo0788,6,100.00,4431/4431,DNA
cgmlst-lmo0790	lmo0790,6,100.00,477/477,DNA
cgmlst-lmo0791	lmo0791,5,100.00,651/651,DNA
cgmlst-lmo0793	lmo0793,6,100.00,702/702,DNA
cgmlst-lmo0794	lmo0794,5,100.00,642/642,DNA
cgmlst-lmo0799	lmo0799,2,100.00,762/762,DNA
cgmlst-lmo0800	lmo0800,88,100.00,354/354,DNA
cgmlst-lmo0802	lmo0802,3,100.00,639/639,DNA
cgmlst-lmo0804	lmo0804,9,100.00,474/474,DNA
cgmlst-lmo0807	lmo0807,6,100.00,1095/1095,DNA
cgmlst-lmo0808	lmo0808,6,100.00,810/810,DNA
cgmlst-lmo0809	lmo0809,6,100.00,807/807,DNA
cgmlst-lmo0810	lmo0810,6,100.00,1074/1074,DNA
cgmlst-lmo0811	lmo0811,5,100.00,702/702,DNA
cgmlst-lmo0812	lmo0812,6,100.00,543/543,DNA
cgmlst-lmo0813	lmo0813,6,100.00,873/873,DNA
cgmlst-lmo0817	lmo0817,3,100.00,414/414,DNA
cgmlst-lmo0818	lmo0818,6,100.00,2631/2631,DNA
cgmlst-lmo0819	lmo0819,4,100.00,849/849,DNA
cgmlst-lmo0820	lmo0820,2,100.00,558/558,DNA
cgmlst-lmo0821	lmo0821,3,100.00,663/663,DNA
cgmlst-lmo0823	lmo0823,5,100.00,825/825,DNA
cgmlst-lmo0824	lmo0824,4,100.00,969/969,DNA
cgmlst-lmo0829	lmo0829,445,100.00,3648/3648,DNA
cgmlst-lmo0830	lmo0830,6,100.00,1962/1962,DNA
cgmlst-lmo0831	lmo0831,2,100.00,912/912,DNA
cgmlst-lmo0836	lmo0836,2,100.00,414/414,DNA
cgmlst-lmo0838	lmo0838,6,100.00,1386/1386,DNA
cgmlst-lmo0839	lmo0839,21,100.00,1212/1212,DNA
cgmlst-lmo0840	lmo0840,2,100.00,471/471,DNA
cgmlst-lmo0841	lmo0841,5,100.00,2643/2643,DNA
cgmlst-lmo0844	lmo0844,2,100.00,378/378,DNA
cgmlst-lmo0846	lmo0846,5,100.00,1101/1101,DNA
cgmlst-lmo0847	lmo0847,6,100.00,1443/1443,DNA
cgmlst-lmo0848	lmo0848,2,100.00,729/729,DNA
cgmlst-lmo0850	lmo0850,2,100.00,147/147,DNA
cgmlst-lmo0853	lmo0853,3,100.00,342/342,DNA
cgmlst-lmo0854	lmo0854,2,100.00,321/321,DNA
cgmlst-lmo0855	lmo0855,5,100.00,1113/1113,DNA
cgmlst-lmo0856	lmo0856,6,100.00,1374/1374,DNA
cgmlst-lmo0857	lmo0857,6,100.00,714/714,DNA
cgmlst-lmo0858	lmo0858,5,100.00,1026/1026,DNA
cgmlst-lmo0860	lmo0860,3,100.00,879/879,DNA
cgmlst-lmo0861	lmo0861,2,100.00,834/834,DNA
cgmlst-lmo0862	lmo0862,25,100.00,1533/1533,DNA
cgmlst-lmo0863	lmo0863,4,100.00,915/915,DNA
cgmlst-lmo0864	lmo0864,2,100.00,1068/1068,DNA
cgmlst-lmo0865	lmo0865,6,100.00,1674/1674,DNA
cgmlst-lmo0866	lmo0866,2,100.00,1554/1554,DNA
cgmlst-lmo0867	lmo0867,2,100.00,489/489,DNA
cgmlst-lmo0871	lmo0871,3,100.00,354/354,DNA
cgmlst-lmo0872	lmo0872,6,100.00,1167/1167,DNA
cgmlst-lmo0874	lmo0874,2,100.00,330/330,DNA
cgmlst-lmo0875	lmo0875,3,100.00,336/336,DNA
cgmlst-lmo0876	lmo0876,5,100.00,1326/1326,DNA
cgmlst-lmo0877	lmo0877,43,100.00,729/729,DNA
cgmlst-lmo0878	lmo0878,4,100.00,954/954,DNA
cgmlst-lmo0879	lmo0879,4,100.00,768/768,DNA
cgmlst-lmo0881	lmo0881,4,100.00,477/477,DNA
cgmlst-lmo0882	lmo0882,2,100.00,483/483,DNA
cgmlst-lmo0883	lmo0883,5,100.00,1476/1476,DNA
cgmlst-lmo0884	lmo0884,6,100.00,1380/1380,DNA
cgmlst-lmo0885	lmo0885,2,100.00,357/357,DNA
cgmlst-lmo0886	lmo0886,5,100.00,1107/1107,DNA
cgmlst-lmo0887	lmo0887,3,100.00,279/279,DNA
cgmlst-lmo0889	lmo0889,2,100.00,837/837,DNA
cgmlst-lmo0894	lmo0894,2,100.00,474/474,DNA
cgmlst-lmo0896	lmo0896,2,100.00,600/600,DNA
cgmlst-lmo0897	lmo0897,17,100.00,1632/1632,DNA
cgmlst-lmo0899	lmo0899,14,100.00,468/468,DNA
cgmlst-lmo0900	lmo0900,2,100.00,393/393,DNA
cgmlst-lmo0901	lmo0901,6,100.00,1287/1287,DNA
cgmlst-lmo0905	lmo0905,2,100.00,498/498,DNA
cgmlst-lmo0906	lmo0906,6,100.00,1350/1350,DNA
cgmlst-lmo0907	lmo0907,2,100.00,675/675,DNA
cgmlst-lmo0908	lmo0908,3,100.00,1137/1137,DNA
cgmlst-lmo0909	lmo0909,5,100.00,393/393,DNA
cgmlst-lmo0911	lmo0911,5,100.00,504/504,DNA
cgmlst-lmo0912	lmo0912,6,100.00,813/813,DNA
cgmlst-lmo0913	lmo0913,6,100.00,1467/1467,DNA
cgmlst-lmo0914	lmo0914,2,100.00,306/306,DNA
cgmlst-lmo0915	lmo0915,3,100.00,1269/1269,DNA
cgmlst-lmo0916	lmo0916,6,100.00,351/351,DNA
cgmlst-lmo0917	lmo0917,3,100.00,1452/1452,DNA
cgmlst-lmo0920	lmo0920,2,100.00,1041/1041,DNA
cgmlst-lmo0921	lmo0921,6,100.00,840/840,DNA
cgmlst-lmo0922	lmo0922,6,100.00,921/921,DNA
cgmlst-lmo0926	lmo0926,2,100.00,657/657,DNA
cgmlst-lmo0927	lmo0927,2,100.00,1962/1962,DNA
cgmlst-lmo0928	lmo0928,2,100.00,624/624,DNA
cgmlst-lmo0929	lmo0929,2,100.00,669/669,DNA
cgmlst-lmo0931	lmo0931,6,100.00,996/996,DNA
cgmlst-lmo0932	lmo0932,2,100.00,606/606,DNA
cgmlst-lmo0935	lmo0935,2,100.00,510/510,DNA
cgmlst-lmo0936	lmo0936,4,100.00,741/741,DNA
cgmlst-lmo0937	lmo0937,2,100.00,162/162,DNA
cgmlst-lmo0938	lmo0938,3,100.00,459/459,DNA
cgmlst-lmo0939	lmo0939,5,100.00,747/747,DNA
cgmlst-lmo0941	lmo0941,17,100.00,969/969,DNA
cgmlst-lmo0942	lmo0942,6,100.00,1806/1806,DNA
cgmlst-lmo0943	lmo0943,2,100.00,471/471,DNA
cgmlst-lmo0944	lmo0944,2,100.00,303/303,DNA
cgmlst-lmo0945	lmo0945,6,100.00,1131/1131,DNA
cgmlst-lmo0946	lmo0946,3,100.00,228/228,DNA
cgmlst-lmo0947	lmo0947,5,100.00,1218/1218,DNA
cgmlst-lmo0948	lmo0948,2,100.00,690/690,DNA
cgmlst-lmo0951	lmo0951,6,100.00,822/822,DNA
cgmlst-lmo0952	lmo0952,2,100.00,459/459,DNA
cgmlst-lmo0953	lmo0953,4,100.00,234/234,DNA
cgmlst-lmo0954	lmo0954,2,100.00,315/315,DNA
cgmlst-lmo0955	lmo0955,5,100.00,846/846,DNA
cgmlst-lmo0956	lmo0956,6,100.00,1134/1134,DNA
cgmlst-lmo0958	lmo0958,5,100.00,723/723,DNA
cgmlst-lmo0960	lmo0960,3,100.00,909/909,DNA
cgmlst-lmo0961	lmo0961,4,100.00,1227/1227,DNA
cgmlst-lmo0962	lmo0962,2,100.00,558/558,DNA
cgmlst-lmo0963	lmo0963,4,100.00,915/915,DNA
cgmlst-lmo0965	lmo0965,3,100.00,585/585,DNA
cgmlst-lmo0966	lmo0966,5,100.00,468/468,DNA
cgmlst-lmo0967	lmo0967,4,100.00,669/669,DNA
cgmlst-lmo0969	lmo0969,4,100.00,891/891,DNA
cgmlst-lmo0970	lmo0970,5,100.00,789/789,DNA
cgmlst-lmo0972	lmo0972,2,100.00,237/237,DNA
cgmlst-lmo0973	lmo0973,4,100.00,1185/1185,DNA
cgmlst-lmo0975	lmo0975,4,100.00,675/675,DNA
cgmlst-lmo0976	lmo0976,18,100.00,429/429,DNA
cgmlst-lmo0977	lmo0977,3,100.00,750/750,DNA
cgmlst-lmo0978	lmo0978,2,100.00,1020/1020,DNA
cgmlst-lmo0979	lmo0979,3,100.00,765/765,DNA
cgmlst-lmo0980	lmo0980,2,100.00,753/753,DNA
cgmlst-lmo0983	lmo0983,2,100.00,480/480,DNA
cgmlst-lmo0984	lmo0984,2,100.00,456/456,DNA
cgmlst-lmo0985	lmo0985,5,100.00,429/429,DNA
cgmlst-lmo0986	lmo0986,12,100.00,912/912,DNA
cgmlst-lmo0988	lmo0988,5,100.00,1569/1569,DNA
cgmlst-lmo0989	lmo0989,6,100.00,426/426,DNA
cgmlst-lmo0991	lmo0991,4,100.00,768/768,DNA
cgmlst-lmo0992	lmo0992,3,100.00,768/768,DNA
cgmlst-lmo0993	lmo0993,23,100.00,1338/1338,DNA
cgmlst-lmo0994	lmo0994,2,100.00,369/369,DNA
cgmlst-lmo0996	lmo0996,5,100.00,480/480,DNA
cgmlst-lmo0997	lmo0997,6,100.00,2169/2169,DNA
cgmlst-lmo0999	lmo0999,3,100.00,792/792,DNA
cgmlst-lmo1000	lmo1000,3,100.00,1473/1473,DNA
cgmlst-lmo1002	lmo1002,2,100.00,267/267,DNA
cgmlst-lmo1003	lmo1003,2,100.00,1719/1719,DNA
cgmlst-lmo1005	lmo1005,2,100.00,861/861,DNA
cgmlst-lmo1006	lmo1006,4,100.00,1146/1146,DNA
cgmlst-lmo1007	lmo1007,2,100.00,222/222,DNA
cgmlst-lmo1008	lmo1008,2,100.00,234/234,DNA
cgmlst-lmo1009	lmo1009,2,100.00,453/453,DNA
cgmlst-lmo1010	lmo1010,2,100.00,879/879,DNA
cgmlst-lmo1011	lmo1011,3,100.00,711/711,DNA
cgmlst-lmo1012	lmo1012,6,100.00,1116/1116,DNA
cgmlst-lmo1013	lmo1013,4,100.00,846/846,DNA
cgmlst-lmo1014	lmo1014,3,100.00,1194/1194,DNA
cgmlst-lmo1016	lmo1016,6,100.00,903/903,DNA
cgmlst-lmo1017	lmo1017,2,100.00,492/492,DNA
cgmlst-lmo1018	lmo1018,5,100.00,696/696,DNA
cgmlst-lmo1019	lmo1019,2,100.00,873/873,DNA
cgmlst-lmo1020	lmo1020,3,100.00,714/714,DNA
cgmlst-lmo1021	lmo1021,3,100.00,1059/1059,DNA
cgmlst-lmo1022	lmo1022,3,100.00,639/639,DNA
cgmlst-lmo1025	lmo1025,2,99.88,852/852,DNA
cgmlst-lmo1026	lmo1026,3,100.00,966/966,DNA
cgmlst-lmo1027	lmo1027,2,100.00,1668/1668,DNA
cgmlst-lmo1028	lmo1028,2,100.00,210/210,DNA
cgmlst-lmo1029	lmo1029,2,100.00,771/771,DNA
cgmlst-lmo1038	lmo1038,5,100.00,582/582,DNA
cgmlst-lmo1039	lmo1039,6,100.00,663/663,DNA
cgmlst-lmo1040	lmo1040,2,100.00,672/672,DNA
cgmlst-lmo1041	lmo1041,3,100.00,771/771,DNA
cgmlst-lmo1042	lmo1042,221,100.00,1224/1224,DNA
cgmlst-lmo1044	lmo1044,4,100.00,423/423,DNA
cgmlst-lmo1045	lmo1045,2,100.00,249/249,DNA
cgmlst-lmo1046	lmo1046,2,100.00,483/483,DNA
cgmlst-lmo1047	lmo1047,6,100.00,1002/1002,DNA
cgmlst-lmo1048	lmo1048,2,100.00,489/489,DNA
cgmlst-lmo1049	lmo1049,6,100.00,999/999,DNA
cgmlst-lmo1051	lmo1051,5,100.00,552/552,DNA
cgmlst-lmo1052	lmo1052,3,100.00,1116/1116,DNA
cgmlst-lmo1053	lmo1053,2,100.00,978/978,DNA
cgmlst-lmo1054	lmo1054,2,100.00,1635/1635,DNA
cgmlst-lmo1058	lmo1058,2,100.00,273/273,DNA
cgmlst-lmo1059	lmo1059,2,100.00,531/531,DNA
cgmlst-lmo1064	lmo1064,2,100.00,945/945,DNA
cgmlst-lmo1065	lmo1065,2,100.00,615/615,DNA
cgmlst-lmo1067	lmo1067,4,100.00,1839/1839,DNA
cgmlst-lmo1070	lmo1070,2,100.00,282/282,DNA
cgmlst-lmo1071	lmo1071,2,100.00,1203/1203,DNA
cgmlst-lmo1072	lmo1072,6,100.00,3441/3441,DNA
cgmlst-lmo1073	lmo1073,24,100.00,894/894,DNA
cgmlst-lmo1074	lmo1074,2,100.00,804/804,DNA
cgmlst-lmo1075	lmo1075,9,100.00,1008/1008,DNA
cgmlst-lmo1089	lmo1089,10,100.00,384/384,DNA
cgmlst-lmo1092	lmo1092,5,100.00,1491/1491,DNA
cgmlst-lmo1093	lmo1093,4,100.00,825/825,DNA
cgmlst-lmo1094	lmo1094,2,100.00,309/309,DNA
cgmlst-lmo1095	lmo1095,3,100.00,405/405,DNA
cgmlst-lmo1096	lmo1096,6,100.00,1557/1557,DNA
cgmlst-lmo1126	lmo1126,18,100.00,444/444,DNA
cgmlst-lmo1131	lmo1131,6,100.00,1716/1716,DNA
cgmlst-lmo1132	lmo1132,6,100.00,1647/1647,DNA
cgmlst-lmo1133	lmo1133,6,100.00,309/309,DNA
cgmlst-lmo1135	lmo1135,37,100.00,1140/1140,DNA
cgmlst-lmo1137	lmo1137,5,100.00,348/348,DNA
cgmlst-lmo1138	lmo1138,2,100.00,573/573,DNA
cgmlst-lmo1140	lmo1140,2,100.00,408/408,DNA
cgmlst-lmo1141	lmo1141,2,100.00,480/480,DNA
cgmlst-lmo1142	lmo1142,2,100.00,1365/1365,DNA
cgmlst-lmo1143	lmo1143,2,100.00,555/555,DNA
cgmlst-lmo1144	lmo1144,2,100.00,351/351,DNA
cgmlst-lmo1145	lmo1145,2,100.00,432/432,DNA
cgmlst-lmo1146	lmo1146,19,100.00,744/744,DNA
cgmlst-lmo1147	lmo1147,2,100.00,558/558,DNA
cgmlst-lmo1149	lmo1149,2,100.00,576/576,DNA
cgmlst-lmo1150	lmo1150,2,100.00,885/885,DNA
cgmlst-lmo1152	lmo1152,4,100.00,702/702,DNA
cgmlst-lmo1153	lmo1153,3,100.00,1665/1665,DNA
cgmlst-lmo1154	lmo1154,2,100.00,660/660,DNA
cgmlst-lmo1155	lmo1155,4,100.00,513/513,DNA
cgmlst-lmo1156	lmo1156,3,100.00,1821/1821,DNA
cgmlst-lmo1157	lmo1157,3,100.00,348/348,DNA
cgmlst-lmo1158	lmo1158,5,100.00,438/438,DNA
cgmlst-lmo1160	lmo1160,2,100.00,636/636,DNA
cgmlst-lmo1161	lmo1161,2,100.00,840/840,DNA
cgmlst-lmo1162	lmo1162,2,100.00,480/480,DNA
cgmlst-lmo1163	lmo1163,2,100.00,264/264,DNA
cgmlst-lmo1164	lmo1164,6,100.00,996/996,DNA
cgmlst-lmo1166	lmo1166,6,100.00,1119/1119,DNA
cgmlst-lmo1167	lmo1167,6,100.00,705/705,DNA
cgmlst-lmo1169	lmo1169,2,100.00,1086/1086,DNA
cgmlst-lmo1170	lmo1170,4,100.00,876/876,DNA
cgmlst-lmo1171	lmo1171,4,100.00,1140/1140,DNA
cgmlst-lmo1172	lmo1172,3,100.00,582/582,DNA
cgmlst-lmo1174	lmo1174,4,100.00,1422/1422,DNA
cgmlst-lmo1175	lmo1175,5,100.00,1365/1365,DNA
cgmlst-lmo1176	lmo1176,2,100.00,882/882,DNA
cgmlst-lmo1177	lmo1177,5,100.00,654/654,DNA
cgmlst-lmo1178	lmo1178,2,100.00,522/522,DNA
cgmlst-lmo1179	lmo1179,6,100.00,1461/1461,DNA
cgmlst-lmo1181	lmo1181,5,100.00,756/756,DNA
cgmlst-lmo1182	lmo1182,2,100.00,642/642,DNA
cgmlst-lmo1183	lmo1183,2,100.00,573/573,DNA
cgmlst-lmo1184	lmo1184,2,100.00,270/270,DNA
cgmlst-lmo1185	lmo1185,2,100.00,546/546,DNA
cgmlst-lmo1187	lmo1187,2,100.00,444/444,DNA
cgmlst-lmo1190	lmo1190,2,100.00,495/495,DNA
cgmlst-lmo1191	lmo1191,2,100.00,1359/1359,DNA
cgmlst-lmo1192	lmo1192,5,100.00,948/948,DNA
cgmlst-lmo1193	lmo1193,2,100.00,633/633,DNA
cgmlst-lmo1194	lmo1194,2,100.00,1122/1122,DNA
cgmlst-lmo1195	lmo1195,2,100.00,597/597,DNA
cgmlst-lmo1196	lmo1196,2,100.00,570/570,DNA
cgmlst-lmo1198	lmo1198,5,100.00,1032/1032,DNA
cgmlst-lmo1199	lmo1199,6,100.00,726/726,DNA
cgmlst-lmo1200	lmo1200,4,100.00,753/753,DNA
cgmlst-lmo1201	lmo1201,6,100.00,1482/1482,DNA
cgmlst-lmo1202	lmo1202,2,100.00,786/786,DNA
cgmlst-lmo1203	lmo1203,3,100.00,711/711,DNA
cgmlst-lmo1204	lmo1204,3,100.00,651/651,DNA
cgmlst-lmo1205	lmo1205,2,100.00,297/297,DNA
cgmlst-lmo1206	lmo1206,6,100.00,678/678,DNA
cgmlst-lmo1209	lmo1209,3,100.00,567/567,DNA
cgmlst-lmo1210	lmo1210,3,100.00,468/468,DNA
cgmlst-lmo1211	lmo1211,3,100.00,450/450,DNA
cgmlst-lmo1212	lmo1212,6,100.00,531/531,DNA
cgmlst-lmo1215	lmo1215,2,100.00,747/747,DNA
cgmlst-lmo1216	lmo1216,2,100.00,987/987,DNA
cgmlst-lmo1217	lmo1217,2,100.00,1080/1080,DNA
cgmlst-lmo1219	lmo1219,2,100.00,360/360,DNA
cgmlst-lmo1220	lmo1220,2,100.00,324/324,DNA
cgmlst-lmo1221	lmo1221,2,100.00,1053/1053,DNA
cgmlst-lmo1222	lmo1222,355,100.00,2409/2409,DNA
cgmlst-lmo1225	lmo1225,2,100.00,453/453,DNA
cgmlst-lmo1227	lmo1227,2,100.00,675/675,DNA
cgmlst-lmo1228	lmo1228,5,100.00,882/882,DNA
cgmlst-lmo1230	lmo1230,4,100.00,543/543,DNA
cgmlst-lmo1231	lmo1231,6,100.00,1713/1713,DNA
cgmlst-lmo1232	lmo1232,6,100.00,2358/2358,DNA
cgmlst-lmo1233	lmo1233,4,100.00,312/312,DNA
cgmlst-lmo1236	lmo1236,2,100.00,495/495,DNA
cgmlst-lmo1238	lmo1238,2,100.00,747/747,DNA
cgmlst-lmo1239	lmo1239,2,100.00,612/612,DNA
cgmlst-lmo1242	lmo1242,2,100.00,594/594,DNA
cgmlst-lmo1245	lmo1245,2,100.00,261/261,DNA
cgmlst-lmo1246	lmo1246,4,100.00,1413/1413,DNA
cgmlst-lmo1247	lmo1247,2,100.00,264/264,DNA
cgmlst-lmo1248	lmo1248,5,100.00,477/477,DNA
cgmlst-lmo1249	lmo1249,2,100.00,246/246,DNA
cgmlst-lmo1250	lmo1250,6,100.00,1206/1206,DNA
cgmlst-lmo1252	lmo1252,3,100.00,849/849,DNA
cgmlst-lmo1253	lmo1253,2,100.00,714/714,DNA
cgmlst-lmo1254	lmo1254,4,100.00,1647/1647,DNA
cgmlst-lmo1257	lmo1257,2,100.00,465/465,DNA
cgmlst-lmo1258	lmo1258,11,100.00,915/915,DNA
cgmlst-lmo1260	lmo1260,5,100.00,831/831,DNA
cgmlst-lmo1261	lmo1261,6,100.00,1140/1140,DNA
cgmlst-lmo1262	lmo1262,2,100.00,396/396,DNA
cgmlst-lmo1267	lmo1267,2,100.00,1284/1284,DNA
cgmlst-lmo1268	lmo1268,5,100.00,1260/1260,DNA
cgmlst-lmo1269	lmo1269,2,100.00,567/567,DNA
cgmlst-lmo1270	lmo1270,4,100.00,570/570,DNA
cgmlst-lmo1271	lmo1271,2,100.00,543/543,DNA
cgmlst-lmo1272	lmo1272,2,100.00,864/864,DNA
cgmlst-lmo1273	lmo1273,2,100.00,786/786,DNA
cgmlst-lmo1274	lmo1274,5,100.00,861/861,DNA
cgmlst-lmo1286	lmo1286,4,100.00,1968/1968,DNA
cgmlst-lmo1288	lmo1288,2,100.00,468/468,DNA
cgmlst-lmo1291	lmo1291,5,100.00,1887/1887,DNA
cgmlst-lmo1292	lmo1292,4,100.00,699/699,DNA
cgmlst-lmo1293	lmo1293,6,100.00,1677/1677,DNA
cgmlst-lmo1294	lmo1294,2,100.00,918/918,DNA
cgmlst-lmo1295	lmo1295,2,100.00,234/234,DNA
cgmlst-lmo1297	lmo1297,4,100.00,1227/1227,DNA
cgmlst-lmo1298	lmo1298,2,100.00,369/369,DNA
cgmlst-lmo1301	lmo1301,10,100.00,525/525,DNA
cgmlst-lmo1302	lmo1302,5,100.00,615/615,DNA
cgmlst-lmo1303	lmo1303,4,100.00,330/330,DNA
cgmlst-lmo1304	lmo1304,4,100.00,228/228,DNA
cgmlst-lmo1306	lmo1306,2,100.00,240/240,DNA
cgmlst-lmo1309	lmo1309,2,100.00,507/507,DNA
cgmlst-lmo1310	lmo1310,2,100.00,1305/1305,DNA
cgmlst-lmo1313	lmo1313,3,100.00,729/729,DNA
cgmlst-lmo1314	lmo1314,3,100.00,558/558,DNA
cgmlst-lmo1315	lmo1315,4,100.00,759/759,DNA
cgmlst-lmo1317	lmo1317,5,100.00,1143/1143,DNA
cgmlst-lmo1319	lmo1319,3,100.00,1707/1707,DNA
cgmlst-lmo1322	lmo1322,5,100.00,1119/1119,DNA
cgmlst-lmo1323	lmo1323,2,100.00,285/285,DNA
cgmlst-lmo1324	lmo1324,2,100.00,300/300,DNA
cgmlst-lmo1325	lmo1325,6,100.00,2349/2349,DNA
cgmlst-lmo1326	lmo1326,2,100.00,279/279,DNA
cgmlst-lmo1327	lmo1327,2,100.00,345/345,DNA
cgmlst-lmo1329	lmo1329,2,100.00,945/945,DNA
cgmlst-lmo1330	lmo1330,2,100.00,270/270,DNA
cgmlst-lmo1331	lmo1331,6,100.00,2172/2172,DNA
cgmlst-lmo1332	lmo1332,5,100.00,1041/1041,DNA
cgmlst-lmo1335	lmo1335,1,100.00,150/150,DNA
cgmlst-lmo1337	lmo1337,4,100.00,1539/1539,DNA
cgmlst-lmo1338	lmo1338,2,100.00,213/213,DNA
cgmlst-lmo1339	lmo1339,2,100.00,969/969,DNA
cgmlst-lmo1341	lmo1341,2,100.00,318/318,DNA
cgmlst-lmo1342	lmo1342,2,100.00,468/468,DNA
cgmlst-lmo1344	lmo1344,14,100.00,423/423,DNA
cgmlst-lmo1347	lmo1347,2,100.00,1023/1023,DNA
cgmlst-lmo1348	lmo1348,2,100.00,1089/1089,DNA
cgmlst-lmo1349	lmo1349,2,100.00,1347/1347,DNA
cgmlst-lmo1350	lmo1350,6,100.00,1467/1467,DNA
cgmlst-lmo1351	lmo1351,2,100.00,381/381,DNA
cgmlst-lmo1352	lmo1352,2,100.00,273/273,DNA
cgmlst-lmo1354	lmo1354,177,100.00,1062/1062,DNA
cgmlst-lmo1355	lmo1355,2,100.00,558/558,DNA
cgmlst-lmo1356	lmo1356,6,100.00,480/480,DNA
cgmlst-lmo1357	lmo1357,6,100.00,1365/1365,DNA
cgmlst-lmo1358	lmo1358,3,100.00,408/408,DNA
cgmlst-lmo1359	lmo1359,2,100.00,387/387,DNA
cgmlst-lmo1360	lmo1360,3,100.00,855/855,DNA
cgmlst-lmo1361	lmo1361,6,100.00,1353/1353,DNA
cgmlst-lmo1362	lmo1362,2,100.00,228/228,DNA
cgmlst-lmo1363	lmo1363,6,100.00,882/882,DNA
cgmlst-lmo1365	lmo1365,4,100.00,1830/1830,DNA
cgmlst-lmo1366	lmo1366,5,100.00,825/825,DNA
cgmlst-lmo1367	lmo1367,2,100.00,450/450,DNA
cgmlst-lmo1369	lmo1369,3,100.00,867/867,DNA
cgmlst-lmo1370	lmo1370,3,100.00,1068/1068,DNA
cgmlst-lmo1372	lmo1372,3,100.00,996/996,DNA
cgmlst-lmo1373	lmo1373,3,100.00,984/984,DNA
cgmlst-lmo1374	lmo1374,6,100.00,1251/1251,DNA
cgmlst-lmo1375	lmo1375,5,100.00,1098/1098,DNA
cgmlst-lmo1376	lmo1376,3,100.00,1419/1419,DNA
cgmlst-lmo1377	lmo1377,4,100.00,681/681,DNA
cgmlst-lmo1378	lmo1378,6,100.00,1452/1452,DNA
cgmlst-lmo1379	lmo1379,4,100.00,828/828,DNA
cgmlst-lmo1381	lmo1381,2,100.00,282/282,DNA
cgmlst-lmo1383	lmo1383,5,100.00,1077/1077,DNA
cgmlst-lmo1385	lmo1385,2,100.00,927/927,DNA
cgmlst-lmo1386	lmo1386,6,100.00,2274/2274,DNA
cgmlst-lmo1387	lmo1387,4,100.00,840/840,DNA
cgmlst-lmo1388	lmo1388,3,100.00,1074/1074,DNA
cgmlst-lmo1390	lmo1390,6,100.00,1053/1053,DNA
cgmlst-lmo1391	lmo1391,5,100.00,951/951,DNA
cgmlst-lmo1392	lmo1392,47,100.00,1293/1293,DNA
cgmlst-lmo1393	lmo1393,6,100.00,1287/1287,DNA
cgmlst-lmo1394	lmo1394,3,100.00,732/732,DNA
cgmlst-lmo1396	lmo1396,2,100.00,579/579,DNA
cgmlst-lmo1397	lmo1397,4,100.00,1245/1245,DNA
cgmlst-lmo1399	lmo1399,2,100.00,1563/1563,DNA
cgmlst-lmo1400	lmo1400,3,100.00,498/498,DNA
cgmlst-lmo1401	lmo1401,5,100.00,804/804,DNA
cgmlst-lmo1402	lmo1402,5,100.00,363/363,DNA
cgmlst-lmo1404	lmo1404,6,100.00,1812/1812,DNA
cgmlst-lmo1406	lmo1406,5,100.00,2232/2232,DNA
cgmlst-lmo1407	lmo1407,2,100.00,747/747,DNA
cgmlst-lmo1408	lmo1408,2,100.00,531/531,DNA
cgmlst-lmo1409	lmo1409,2,100.00,1194/1194,DNA
cgmlst-lmo1413	lmo1413,2,100.00,1323/1323,DNA
cgmlst-lmo1415	lmo1415,4,100.00,1167/1167,DNA
cgmlst-lmo1416	lmo1416,3,100.00,600/600,DNA
cgmlst-lmo1418	lmo1418,4,100.00,1269/1269,DNA
cgmlst-lmo1419	lmo1419,4,100.00,1038/1038,DNA
cgmlst-lmo1422	lmo1422,4,100.00,1515/1515,DNA
cgmlst-lmo1423	lmo1423,5,100.00,831/831,DNA
cgmlst-lmo1424	lmo1424,6,100.00,1347/1347,DNA
cgmlst-lmo1425	lmo1425,4,100.00,672/672,DNA
cgmlst-lmo1426	lmo1426,6,100.00,927/927,DNA
cgmlst-lmo1428	lmo1428,3,100.00,1194/1194,DNA
cgmlst-lmo1429	lmo1429,5,100.00,561/561,DNA
cgmlst-lmo1430	lmo1430,2,100.00,384/384,DNA
cgmlst-lmo1433	lmo1433,6,100.00,1341/1341,DNA
cgmlst-lmo1434	lmo1434,5,100.00,1668/1668,DNA
cgmlst-lmo1435	lmo1435,2,100.00,882/882,DNA
cgmlst-lmo1436	lmo1436,6,100.00,1212/1212,DNA
cgmlst-lmo1438	lmo1438,5,100.00,2166/2166,DNA
cgmlst-lmo1439	lmo1439,2,100.00,609/609,DNA
cgmlst-lmo1440	lmo1440,4,100.00,801/801,DNA
cgmlst-lmo1443	lmo1443,3,100.00,327/327,DNA
cgmlst-lmo1444	lmo1444,4,100.00,885/885,DNA
cgmlst-lmo1445	lmo1445,3,100.00,426/426,DNA
cgmlst-lmo1446	lmo1446,5,100.00,879/879,DNA
cgmlst-lmo1447	lmo1447,3,100.00,774/774,DNA
cgmlst-lmo1448	lmo1448,4,100.00,927/927,DNA
cgmlst-lmo1449	lmo1449,5,100.00,894/894,DNA
cgmlst-lmo1450	lmo1450,5,100.00,1308/1308,DNA
cgmlst-lmo1453	lmo1453,3,100.00,705/705,DNA
cgmlst-lmo1454	lmo1454,5,100.00,1125/1125,DNA
cgmlst-lmo1455	lmo1455,5,100.00,1881/1881,DNA
cgmlst-lmo1456	lmo1456,3,100.00,441/441,DNA
cgmlst-lmo1457	lmo1457,5,100.00,825/825,DNA
cgmlst-lmo1458	lmo1458,3,100.00,2067/2067,DNA
cgmlst-lmo1459	lmo1459,4,100.00,891/891,DNA
cgmlst-lmo1460	lmo1460,3,100.00,768/768,DNA
cgmlst-lmo1461	lmo1461,3,100.00,630/630,DNA
cgmlst-lmo1462	lmo1462,2,100.00,906/906,DNA
cgmlst-lmo1463	lmo1463,2,100.00,396/396,DNA
cgmlst-lmo1464	lmo1464,2,100.00,396/396,DNA
cgmlst-lmo1465	lmo1465,5,100.00,486/486,DNA
cgmlst-lmo1466	lmo1466,5,100.00,2157/2157,DNA
cgmlst-lmo1467	lmo1467,2,100.00,960/960,DNA
cgmlst-lmo1468	lmo1468,2,100.00,447/447,DNA
cgmlst-lmo1469	lmo1469,1,100.00,174/174,DNA
cgmlst-lmo1470	lmo1470,5,100.00,768/768,DNA
cgmlst-lmo1471	lmo1471,144,100.00,945/945,DNA
cgmlst-lmo1473	lmo1473,6,100.00,1842/1842,DNA
cgmlst-lmo1474	lmo1474,3,100.00,576/576,DNA
cgmlst-lmo1475	lmo1475,2,100.00,1038/1038,DNA
cgmlst-lmo1476	lmo1476,2,100.00,1158/1158,DNA
cgmlst-lmo1479	lmo1479,2,100.00,1827/1827,DNA
cgmlst-lmo1480	lmo1480,2,100.00,255/255,DNA
cgmlst-lmo1481	lmo1481,2,100.00,1032/1032,DNA
cgmlst-lmo1483	lmo1483,2,100.00,561/561,DNA
cgmlst-lmo1484	lmo1484,2,100.00,603/603,DNA
cgmlst-lmo1485	lmo1485,2,100.00,732/732,DNA
cgmlst-lmo1486	lmo1486,2,100.00,357/357,DNA
cgmlst-lmo1488	lmo1488,2,100.00,567/567,DNA
cgmlst-lmo1489	lmo1489,2,100.00,291/291,DNA
cgmlst-lmo1490	lmo1490,2,100.00,822/822,DNA
cgmlst-lmo1491	lmo1491,4,100.00,1101/1101,DNA
cgmlst-lmo1492	lmo1492,2,100.00,522/522,DNA
cgmlst-lmo1493	lmo1493,17,100.00,1809/1809,DNA
cgmlst-lmo1494	lmo1494,5,100.00,702/702,DNA
cgmlst-lmo1495	lmo1495,5,100.00,624/624,DNA
cgmlst-lmo1496	lmo1496,2,100.00,483/483,DNA
cgmlst-lmo1497	lmo1497,2,100.00,630/630,DNA
cgmlst-lmo1500	lmo1500,6,100.00,627/627,DNA
cgmlst-lmo1501	lmo1501,3,100.00,303/303,DNA
cgmlst-lmo1502	lmo1502,4,100.00,417/417,DNA
cgmlst-lmo1503	lmo1503,2,100.00,273/273,DNA
cgmlst-lmo1504	lmo1504,6,100.00,2640/2640,DNA
cgmlst-lmo1505	lmo1505,6,100.00,696/696,DNA
cgmlst-lmo1507	lmo1507,2,100.00,687/687,DNA
cgmlst-lmo1509	lmo1509,6,100.00,2397/2397,DNA
cgmlst-lmo1510	lmo1510,2,100.00,639/639,DNA
cgmlst-lmo1511	lmo1511,2,100.00,741/741,DNA
cgmlst-lmo1512	lmo1512,2,100.00,1116/1116,DNA
cgmlst-lmo1513	lmo1513,5,100.00,1149/1149,DNA
cgmlst-lmo1514	lmo1514,7,100.00,1284/1284,DNA
cgmlst-lmo1516	lmo1516,5,100.00,1206/1206,DNA
cgmlst-lmo1517	lmo1517,5,100.00,366/366,DNA
cgmlst-lmo1518	lmo1518,2,100.00,381/381,DNA
cgmlst-lmo1519	lmo1519,6,100.00,1776/1776,DNA
cgmlst-lmo1520	lmo1520,5,100.00,1278/1278,DNA
cgmlst-lmo1521	lmo1521,4,100.00,1284/1284,DNA
cgmlst-lmo1523	lmo1523,6,100.00,2217/2217,DNA
cgmlst-lmo1524	lmo1524,3,100.00,522/522,DNA
cgmlst-lmo1525	lmo1525,6,100.00,2352/2352,DNA
cgmlst-lmo1526	lmo1526,3,100.00,345/345,DNA
cgmlst-lmo1527	lmo1527,3,100.00,2265/2265,DNA
cgmlst-lmo1528	lmo1528,2,100.00,291/291,DNA
cgmlst-lmo1529	lmo1529,2,100.00,330/330,DNA
cgmlst-lmo1530	lmo1530,4,100.00,1140/1140,DNA
cgmlst-lmo1531	lmo1531,5,100.00,1029/1029,DNA
cgmlst-lmo1532	lmo1532,2,100.00,1008/1008,DNA
cgmlst-lmo1533	lmo1533,2,100.00,606/606,DNA
cgmlst-lmo1544	lmo1544,2,100.00,801/801,DNA
cgmlst-lmo1545	lmo1545,2,100.00,678/678,DNA
cgmlst-lmo1546	lmo1546,2,100.00,519/519,DNA
cgmlst-lmo1547	lmo1547,3,100.00,888/888,DNA
cgmlst-lmo1548	lmo1548,4,100.00,1014/1014,DNA
cgmlst-lmo1552	lmo1552,6,100.00,2652/2652,DNA
cgmlst-lmo1553	lmo1553,3,100.00,1290/1290,DNA
cgmlst-lmo1554	lmo1554,2,100.00,975/975,DNA
cgmlst-lmo1555	lmo1555,3,100.00,723/723,DNA
cgmlst-lmo1556	lmo1556,2,100.00,930/930,DNA
cgmlst-lmo1557	lmo1557,6,100.00,1308/1308,DNA
cgmlst-lmo1559	lmo1559,210,100.00,1923/1923,DNA
cgmlst-lmo1560	lmo1560,5,100.00,924/924,DNA
cgmlst-lmo1561	lmo1561,6,100.00,1377/1377,DNA
cgmlst-lmo1562	lmo1562,2,100.00,465/465,DNA
cgmlst-lmo1565	lmo1565,6,100.00,2628/2628,DNA
cgmlst-lmo1566	lmo1566,6,100.00,1263/1263,DNA
cgmlst-lmo1567	lmo1567,6,100.00,1122/1122,DNA
cgmlst-lmo1568	lmo1568,2,100.00,462/462,DNA
cgmlst-lmo1569	lmo1569,2,100.00,378/378,DNA
cgmlst-lmo1571	lmo1571,4,100.00,960/960,DNA
cgmlst-lmo1572	lmo1572,3,100.00,957/957,DNA
cgmlst-lmo1575	lmo1575,3,100.00,936/936,DNA
cgmlst-lmo1577	lmo1577,4,100.00,687/687,DNA
cgmlst-lmo1578	lmo1578,6,100.00,1098/1098,DNA
cgmlst-lmo1579	lmo1579,6,100.00,1113/1113,DNA
cgmlst-lmo1580	lmo1580,2,100.00,465/465,DNA
cgmlst-lmo1581	lmo1581,5,100.00,1194/1194,DNA
cgmlst-lmo1582	lmo1582,3,100.00,999/999,DNA
cgmlst-lmo1583	lmo1583,3,100.00,498/498,DNA
cgmlst-lmo1584	lmo1584,4,100.00,537/537,DNA
cgmlst-lmo1586	lmo1586,6,100.00,804/804,DNA
cgmlst-lmo1587	lmo1587,3,100.00,951/951,DNA
cgmlst-lmo1589	lmo1589,19,100.00,753/753,DNA
cgmlst-lmo1590	lmo1590,6,100.00,1197/1197,DNA
cgmlst-lmo1591	lmo1591,2,100.00,1032/1032,DNA
cgmlst-lmo1592	lmo1592,5,100.00,1212/1212,DNA
cgmlst-lmo1594	lmo1594,4,100.00,1716/1716,DNA
cgmlst-lmo1595	lmo1595,2,100.00,489/489,DNA
cgmlst-lmo1599	lmo1599,5,100.00,1008/1008,DNA
cgmlst-lmo1600	lmo1600,2,100.00,1086/1086,DNA
cgmlst-lmo1602	lmo1602,2,100.00,456/456,DNA
cgmlst-lmo1603	lmo1603,4,100.00,1113/1113,DNA
cgmlst-lmo1604	lmo1604,5,100.00,546/546,DNA
cgmlst-lmo1606	lmo1606,6,100.00,2352/2352,DNA
cgmlst-lmo1607	lmo1607,3,100.00,618/618,DNA
cgmlst-lmo1608	lmo1608,6,100.00,801/801,DNA
cgmlst-lmo1609	lmo1609,2,100.00,312/312,DNA
cgmlst-lmo1611	lmo1611,6,100.00,1074/1074,DNA
cgmlst-lmo1612	lmo1612,2,100.00,312/312,DNA
cgmlst-lmo1613	lmo1613,2,100.00,249/249,DNA
cgmlst-lmo1614	lmo1614,3,100.00,852/852,DNA
cgmlst-lmo1615	lmo1615,5,100.00,645/645,DNA
cgmlst-lmo1616	lmo1616,2,100.00,783/783,DNA
cgmlst-lmo1618	lmo1618,4,100.00,441/441,DNA
cgmlst-lmo1626	lmo1626,2,100.00,438/438,DNA
cgmlst-lmo1627	lmo1627,2,100.00,774/774,DNA
cgmlst-lmo1628	lmo1628,4,100.00,1203/1203,DNA
cgmlst-lmo1629	lmo1629,5,100.00,609/609,DNA
cgmlst-lmo1630	lmo1630,5,100.00,759/759,DNA
cgmlst-lmo1632	lmo1632,5,100.00,606/606,DNA
cgmlst-lmo1639	lmo1639,4,100.00,582/582,DNA
cgmlst-lmo1640	lmo1640,2,100.00,234/234,DNA
cgmlst-lmo1641	lmo1641,6,100.00,2703/2703,DNA
cgmlst-lmo1643	lmo1643,5,100.00,423/423,DNA
cgmlst-lmo1645	lmo1645,6,100.00,3072/3072,DNA
cgmlst-lmo1646	lmo1646,4,100.00,1125/1125,DNA
cgmlst-lmo1647	lmo1647,4,100.00,609/609,DNA
cgmlst-lmo1649	lmo1649,4,100.00,516/516,DNA
cgmlst-lmo1652	lmo1652,6,100.00,1770/1770,DNA
cgmlst-lmo1653	lmo1653,2,100.00,621/621,DNA
cgmlst-lmo1654	lmo1654,4,100.00,495/495,DNA
cgmlst-lmo1660	lmo1660,6,100.00,2412/2412,DNA
cgmlst-lmo1661	lmo1661,6,100.00,966/966,DNA
cgmlst-lmo1662	lmo1662,27,100.00,579/579,DNA
cgmlst-lmo1663	lmo1663,5,100.00,1866/1866,DNA
cgmlst-lmo1664	lmo1664,2,100.00,1200/1200,DNA
cgmlst-lmo1665	lmo1665,2,100.00,303/303,DNA
cgmlst-lmo1668	lmo1668,2,100.00,243/243,DNA
cgmlst-lmo1672	lmo1672,2,100.00,1410/1410,DNA
cgmlst-lmo1673	lmo1673,5,100.00,819/819,DNA
cgmlst-lmo1674	lmo1674,4,100.00,828/828,DNA
cgmlst-lmo1675	lmo1675,5,100.00,1743/1743,DNA
cgmlst-lmo1676	lmo1676,4,100.00,1389/1389,DNA
cgmlst-lmo1677	lmo1677,2,100.00,939/939,DNA
cgmlst-lmo1678	lmo1678,6,100.00,1854/1854,DNA
cgmlst-lmo1679	lmo1679,5,100.00,1173/1173,DNA
cgmlst-lmo1681	lmo1681,5,100.00,2298/2298,DNA
cgmlst-lmo1683	lmo1683,2,100.00,447/447,DNA
cgmlst-lmo1684	lmo1684,5,100.00,942/942,DNA
cgmlst-lmo1685	lmo1685,5,100.00,1299/1299,DNA
cgmlst-lmo1687	lmo1687,2,100.00,528/528,DNA
cgmlst-lmo1688	lmo1688,4,100.00,747/747,DNA
cgmlst-lmo1689	lmo1689,6,100.00,1098/1098,DNA
cgmlst-lmo1690	lmo1690,4,100.00,981/981,DNA
cgmlst-lmo1691	lmo1691,4,100.00,462/462,DNA
cgmlst-lmo1692	lmo1692,2,100.00,234/234,DNA
cgmlst-lmo1693	lmo1693,2,100.00,810/810,DNA
cgmlst-lmo1698	lmo1698,2,100.00,543/543,DNA
cgmlst-lmo1699	lmo1699,2,100.00,903/903,DNA
cgmlst-lmo1700	lmo1700,2,100.00,207/207,DNA
cgmlst-lmo1701	lmo1701,2,100.00,354/354,DNA
cgmlst-lmo1704	lmo1704,2,100.00,381/381,DNA
cgmlst-lmo1705	lmo1705,4,100.00,645/645,DNA
cgmlst-lmo1706	lmo1706,2,100.00,870/870,DNA
cgmlst-lmo1707	lmo1707,2,100.00,222/222,DNA
cgmlst-lmo1708	lmo1708,5,100.00,807/807,DNA
cgmlst-lmo1709	lmo1709,2,100.00,759/759,DNA
cgmlst-lmo1711	lmo1711,5,100.00,1233/1233,DNA
cgmlst-lmo1712	lmo1712,19,100.00,1260/1260,DNA
cgmlst-lmo1713	lmo1713,6,100.00,993/993,DNA
cgmlst-lmo1715	lmo1715,5,100.00,669/669,DNA
cgmlst-lmo1718	lmo1718,6,100.00,1089/1089,DNA
cgmlst-lmo1720	lmo1720,4,100.00,309/309,DNA
cgmlst-lmo1726	lmo1726,6,100.00,984/984,DNA
cgmlst-lmo1727	lmo1727,2,100.00,966/966,DNA
cgmlst-lmo1728	lmo1728,6,100.00,3261/3261,DNA
cgmlst-lmo1729	lmo1729,6,100.00,2172/2172,DNA
cgmlst-lmo1730	lmo1730,4,100.00,1245/1245,DNA
cgmlst-lmo1732	lmo1732,2,100.00,831/831,DNA
cgmlst-lmo1733	lmo1733,4,100.00,1470/1470,DNA
cgmlst-lmo1734	lmo1734,69,100.00,4593/4593,DNA
cgmlst-lmo1735	lmo1735,5,100.00,888/888,DNA
cgmlst-lmo1736	lmo1736,3,100.00,519/519,DNA
cgmlst-lmo1737	lmo1737,6,100.00,1107/1107,DNA
cgmlst-lmo1739	lmo1739,3,100.00,648/648,DNA
cgmlst-lmo1740	lmo1740,4,100.00,642/642,DNA
cgmlst-lmo1741	lmo1741,4,100.00,1041/1041,DNA
cgmlst-lmo1742	lmo1742,2,100.00,1743/1743,DNA
cgmlst-lmo1743	lmo1743,2,100.00,459/459,DNA
cgmlst-lmo1744	lmo1744,3,100.00,876/876,DNA
cgmlst-lmo1745	lmo1745,3,100.00,678/678,DNA
cgmlst-lmo1748	lmo1748,2,100.00,510/510,DNA
cgmlst-lmo1749	lmo1749,3,100.00,474/474,DNA
cgmlst-lmo1750	lmo1750,4,100.00,555/555,DNA
cgmlst-lmo1753	lmo1753,3,100.00,933/933,DNA
cgmlst-lmo1754	lmo1754,5,100.00,1431/1431,DNA
cgmlst-lmo1755	lmo1755,5,100.00,1452/1452,DNA
cgmlst-lmo1756	lmo1756,3,100.00,294/294,DNA
cgmlst-lmo1757	lmo1757,5,100.00,1116/1116,DNA
cgmlst-lmo1758	lmo1758,6,100.00,2016/2016,DNA
cgmlst-lmo1759	lmo1759,4,100.00,2196/2196,DNA
cgmlst-lmo1760	lmo1760,4,100.00,678/678,DNA
cgmlst-lmo1761	lmo1761,6,100.00,1356/1356,DNA
cgmlst-lmo1762	lmo1762,2,100.00,255/255,DNA
cgmlst-lmo1763	lmo1763,2,100.00,297/297,DNA
cgmlst-lmo1764	lmo1764,2,100.00,1263/1263,DNA
cgmlst-lmo1765	lmo1765,5,100.00,1530/1530,DNA
cgmlst-lmo1766	lmo1766,6,100.00,567/567,DNA
cgmlst-lmo1767	lmo1767,3,100.00,1050/1050,DNA
cgmlst-lmo1768	lmo1768,6,100.00,1428/1428,DNA
cgmlst-lmo1771	lmo1771,4,100.00,246/246,DNA
cgmlst-lmo1772	lmo1772,2,100.00,714/714,DNA
cgmlst-lmo1773	lmo1773,5,100.00,1293/1293,DNA
cgmlst-lmo1774	lmo1774,6,100.00,1125/1125,DNA
cgmlst-lmo1775	lmo1775,3,100.00,489/489,DNA
cgmlst-lmo1777	lmo1777,2,100.00,606/606,DNA
cgmlst-lmo1779	lmo1779,2,100.00,363/363,DNA
cgmlst-lmo1780	lmo1780,6,100.00,1233/1233,DNA
cgmlst-lmo1782	lmo1782,2,100.00,756/756,DNA
cgmlst-lmo1783	lmo1783,2,100.00,360/360,DNA
cgmlst-lmo1784	lmo1784,2,100.00,201/201,DNA
cgmlst-lmo1790	lmo1790,3,100.00,717/717,DNA
cgmlst-lmo1792	lmo1792,4,100.00,738/738,DNA
cgmlst-lmo1793	lmo1793,4,100.00,519/519,DNA
cgmlst-lmo1795	lmo1795,5,100.00,735/735,DNA
cgmlst-lmo1801	lmo1801,13,100.00,1353/1353,DNA
cgmlst-lmo1802	lmo1802,2,100.00,333/333,DNA
cgmlst-lmo1803	lmo1803,2,100.00,987/987,DNA
cgmlst-lmo1805	lmo1805,3,100.00,690/690,DNA
cgmlst-lmo1806	lmo1806,2,100.00,234/234,DNA
cgmlst-lmo1807	lmo1807,3,100.00,744/744,DNA
cgmlst-lmo1808	lmo1808,2,100.00,942/942,DNA
cgmlst-lmo1809	lmo1809,2,100.00,1014/1014,DNA
cgmlst-lmo1810	lmo1810,2,100.00,570/570,DNA
cgmlst-lmo1811	lmo1811,6,100.00,2049/2049,DNA
cgmlst-lmo1813	lmo1813,2,100.00,663/663,DNA
cgmlst-lmo1815	lmo1815,2,100.00,366/366,DNA
cgmlst-lmo1816	lmo1816,1,100.00,189/189,DNA
cgmlst-lmo1817	lmo1817,4,100.00,645/645,DNA
cgmlst-lmo1818	lmo1818,4,100.00,657/657,DNA
cgmlst-lmo1819	lmo1819,4,100.00,876/876,DNA
cgmlst-lmo1820	lmo1820,5,100.00,1968/1968,DNA
cgmlst-lmo1821	lmo1821,2,100.00,759/759,DNA
cgmlst-lmo1822	lmo1822,6,100.00,1335/1335,DNA
cgmlst-lmo1823	lmo1823,6,100.00,951/951,DNA
cgmlst-lmo1824	lmo1824,5,100.00,2394/2394,DNA
cgmlst-lmo1825	lmo1825,6,100.00,1200/1200,DNA
cgmlst-lmo1826	lmo1826,2,100.00,204/204,DNA
cgmlst-lmo1827	lmo1827,2,100.00,618/618,DNA
cgmlst-lmo1829	lmo1829,6,100.00,1713/1713,DNA
cgmlst-lmo1830	lmo1830,2,100.00,600/600,DNA
cgmlst-lmo1831	lmo1831,2,100.00,630/630,DNA
cgmlst-lmo1832	lmo1832,2,100.00,702/702,DNA
cgmlst-lmo1833	lmo1833,2,100.00,915/915,DNA
cgmlst-lmo1834	lmo1834,4,100.00,765/765,DNA
cgmlst-lmo1836	lmo1836,4,100.00,1092/1092,DNA
cgmlst-lmo1837	lmo1837,5,100.00,1281/1281,DNA
cgmlst-lmo1838	lmo1838,149,100.00,912/912,DNA
cgmlst-lmo1839	lmo1839,6,100.00,1287/1287,DNA
cgmlst-lmo1854	lmo1854,2,100.00,294/294,DNA
cgmlst-lmo1856	lmo1856,3,100.00,702/702,DNA
cgmlst-lmo1857	lmo1857,2,100.00,234/234,DNA
cgmlst-lmo1859	lmo1859,3,100.00,438/438,DNA
cgmlst-lmo1860	lmo1860,3,100.00,534/534,DNA
cgmlst-lmo1861	lmo1861,5,100.00,615/615,DNA
cgmlst-lmo1862	lmo1862,5,100.00,786/786,DNA
cgmlst-lmo1863	lmo1863,3,100.00,840/840,DNA
cgmlst-lmo1864	lmo1864,2,100.00,633/633,DNA
cgmlst-lmo1865	lmo1865,2,100.00,618/618,DNA
cgmlst-lmo1866	lmo1866,6,100.00,813/813,DNA
cgmlst-lmo1868	lmo1868,2,100.00,378/378,DNA
cgmlst-lmo1869	lmo1869,6,100.00,984/984,DNA
cgmlst-lmo1870	lmo1870,2,100.00,624/624,DNA
cgmlst-lmo1871	lmo1871,6,100.00,1512/1512,DNA
cgmlst-lmo1873	lmo1873,5,100.00,483/483,DNA
cgmlst-lmo1874	lmo1874,5,100.00,945/945,DNA
cgmlst-lmo1875	lmo1875,6,100.00,1893/1893,DNA
cgmlst-lmo1888	lmo1888,2,100.00,342/342,DNA
cgmlst-lmo1889	lmo1889,4,100.00,546/546,DNA
cgmlst-lmo1891	lmo1891,2,100.00,606/606,DNA
cgmlst-lmo1893	lmo1893,5,100.00,492/492,DNA
cgmlst-lmo1894	lmo1894,2,100.00,660/660,DNA
cgmlst-lmo1895	lmo1895,5,100.00,720/720,DNA
cgmlst-lmo1896	lmo1896,2,100.00,1293/1293,DNA
cgmlst-lmo1897	lmo1897,2,100.00,1182/1182,DNA
cgmlst-lmo1898	lmo1898,5,100.00,585/585,DNA
cgmlst-lmo1899	lmo1899,6,100.00,2787/2787,DNA
cgmlst-lmo1900	lmo1900,3,100.00,384/384,DNA
cgmlst-lmo1901	lmo1901,5,100.00,858/858,DNA
cgmlst-lmo1902	lmo1902,3,100.00,834/834,DNA
cgmlst-lmo1903	lmo1903,5,100.00,474/474,DNA
cgmlst-lmo1904	lmo1904,6,100.00,978/978,DNA
cgmlst-lmo1905	lmo1905,4,100.00,1182/1182,DNA
cgmlst-lmo1906	lmo1906,2,100.00,405/405,DNA
cgmlst-lmo1908	lmo1908,2,100.00,336/336,DNA
cgmlst-lmo1909	lmo1909,6,100.00,867/867,DNA
cgmlst-lmo1911	lmo1911,6,100.00,1137/1137,DNA
cgmlst-lmo1912	lmo1912,5,100.00,1128/1128,DNA
cgmlst-lmo1913	lmo1913,6,100.00,1005/1005,DNA
cgmlst-lmo1914	lmo1914,2,100.00,684/684,DNA
cgmlst-lmo1915	lmo1915,6,100.00,1644/1644,DNA
cgmlst-lmo1916	lmo1916,4,100.00,1008/1008,DNA
cgmlst-lmo1917	lmo1917,4,100.00,2280/2280,DNA
cgmlst-lmo1918	lmo1918,3,100.00,1266/1266,DNA
cgmlst-lmo1919	lmo1919,3,100.00,684/684,DNA
cgmlst-lmo1921	lmo1921,3,100.00,546/546,DNA
cgmlst-lmo1922	lmo1922,2,100.00,1254/1254,DNA
cgmlst-lmo1923	lmo1923,5,100.00,1287/1287,DNA
cgmlst-lmo1924	lmo1924,3,100.00,1104/1104,DNA
cgmlst-lmo1925	lmo1925,6,100.00,1083/1083,DNA
cgmlst-lmo1926	lmo1926,2,100.00,375/375,DNA
cgmlst-lmo1927	lmo1927,6,100.00,1098/1098,DNA
cgmlst-lmo1928	lmo1928,4,100.00,1167/1167,DNA
cgmlst-lmo1933	lmo1933,5,100.00,570/570,DNA
cgmlst-lmo1935	lmo1935,5,100.00,981/981,DNA
cgmlst-lmo1936	lmo1936,2,100.00,1017/1017,DNA
cgmlst-lmo1939	lmo1939,3,100.00,675/675,DNA
cgmlst-lmo1940	lmo1940,3,100.00,963/963,DNA
cgmlst-lmo1942	lmo1942,5,100.00,1404/1404,DNA
cgmlst-lmo1944	lmo1944,2,100.00,225/225,DNA
cgmlst-lmo1947	lmo1947,5,100.00,1791/1791,DNA
cgmlst-lmo1948	lmo1948,3,100.00,717/717,DNA
cgmlst-lmo1949	lmo1949,3,100.00,735/735,DNA
cgmlst-lmo1950	lmo1950,3,100.00,597/597,DNA
cgmlst-lmo1951	lmo1951,2,100.00,750/750,DNA
cgmlst-lmo1952	lmo1952,5,100.00,1311/1311,DNA
cgmlst-lmo1953	lmo1953,5,100.00,819/819,DNA
cgmlst-lmo1954	lmo1954,5,100.00,1185/1185,DNA
cgmlst-lmo1955	lmo1955,5,100.00,894/894,DNA
cgmlst-lmo1965	lmo1965,3,100.00,558/558,DNA
cgmlst-lmo1966	lmo1966,2,100.00,660/660,DNA
cgmlst-lmo1967	lmo1967,5,100.00,1200/1200,DNA
cgmlst-lmo1976	lmo1976,3,100.00,792/792,DNA
cgmlst-lmo1977	lmo1977,4,100.00,921/921,DNA
cgmlst-lmo1978	lmo1978,5,100.00,1476/1476,DNA
cgmlst-lmo1979	lmo1979,2,100.00,432/432,DNA
cgmlst-lmo1981	lmo1981,4,100.00,486/486,DNA
cgmlst-lmo1982	lmo1982,3,100.00,528/528,DNA
cgmlst-lmo1983	lmo1983,3,100.00,1695/1695,DNA
cgmlst-lmo1984	lmo1984,6,100.00,1722/1722,DNA
cgmlst-lmo1985	lmo1985,6,100.00,492/492,DNA
cgmlst-lmo1986	lmo1986,172,100.00,996/996,DNA
cgmlst-lmo1987	lmo1987,2,100.00,1539/1539,DNA
cgmlst-lmo1988	lmo1988,6,100.00,1053/1053,DNA
cgmlst-lmo1989	lmo1989,3,100.00,1389/1389,DNA
cgmlst-lmo1990	lmo1990,5,100.00,582/582,DNA
cgmlst-lmo1991	lmo1991,2,100.00,1269/1269,DNA
cgmlst-lmo1992	lmo1992,2,100.00,720/720,DNA
cgmlst-lmo1997	lmo1997,5,100.00,417/417,DNA
cgmlst-lmo1998	lmo1998,6,100.00,996/996,DNA
cgmlst-lmo1999	lmo1999,5,100.00,1065/1065,DNA
cgmlst-lmo2000	lmo2000,2,100.00,822/822,DNA
cgmlst-lmo2001	lmo2001,2,100.00,819/819,DNA
cgmlst-lmo2002	lmo2002,2,100.00,468/468,DNA
cgmlst-lmo2003	lmo2003,5,100.00,702/702,DNA
cgmlst-lmo2004	lmo2004,6,100.00,732/732,DNA
cgmlst-lmo2005	lmo2005,6,100.00,996/996,DNA
cgmlst-lmo2006	lmo2006,6,100.00,1698/1698,DNA
cgmlst-lmo2007	lmo2007,4,100.00,1458/1458,DNA
cgmlst-lmo2008	lmo2008,5,100.00,972/972,DNA
cgmlst-lmo2009	lmo2009,4,100.00,930/930,DNA
cgmlst-lmo2011	lmo2011,6,100.00,1734/1734,DNA
cgmlst-lmo2012	lmo2012,5,100.00,612/612,DNA
cgmlst-lmo2013	lmo2013,6,100.00,1305/1305,DNA
cgmlst-lmo2015	lmo2015,6,100.00,3111/3111,DNA
cgmlst-lmo2017	lmo2017,13,100.00,696/696,DNA
cgmlst-lmo2018	lmo2018,6,100.00,990/990,DNA
cgmlst-lmo2019	lmo2019,160,100.00,2766/2766,DNA
cgmlst-lmo2020	lmo2020,3,100.00,528/528,DNA
cgmlst-lmo2021	lmo2021,2,100.00,522/522,DNA
cgmlst-lmo2039	lmo2039,6,100.00,2256/2256,DNA
cgmlst-lmo2040	lmo2040,4,100.00,363/363,DNA
cgmlst-lmo2041	lmo2041,6,100.00,939/939,DNA
cgmlst-lmo2042	lmo2042,3,100.00,432/432,DNA
cgmlst-lmo2044	lmo2044,20,100.00,1815/1815,DNA
cgmlst-lmo2048	lmo2048,5,100.00,537/537,DNA
cgmlst-lmo2049	lmo2049,6,100.00,1173/1173,DNA
cgmlst-lmo2051	lmo2051,6,100.00,1041/1041,DNA
cgmlst-lmo2058	lmo2058,6,100.00,918/918,DNA
cgmlst-lmo2059	lmo2059,2,100.00,744/744,DNA
cgmlst-lmo2061	lmo2061,4,100.00,618/618,DNA
cgmlst-lmo2062	lmo2062,6,100.00,1626/1626,DNA
cgmlst-lmo2063	lmo2063,4,100.00,192/192,DNA
cgmlst-lmo2064	lmo2064,2,100.00,387/387,DNA
cgmlst-lmo2065	lmo2065,19,100.00,393/393,DNA
cgmlst-lmo2067	lmo2067,6,100.00,978/978,DNA
cgmlst-lmo2068	lmo2068,6,100.00,1629/1629,DNA
cgmlst-lmo2072	lmo2072,5,100.00,648/648,DNA
cgmlst-lmo2073	lmo2073,5,100.00,1953/1953,DNA
cgmlst-lmo2075	lmo2075,5,100.00,1023/1023,DNA
cgmlst-lmo2076	lmo2076,3,100.00,456/456,DNA
cgmlst-lmo2077	lmo2077,2,100.00,693/693,DNA
cgmlst-lmo2078	lmo2078,3,100.00,462/462,DNA
cgmlst-lmo2079	lmo2079,6,100.00,1143/1143,DNA
cgmlst-lmo2080	lmo2080,2,100.00,381/381,DNA
cgmlst-lmo2082	lmo2082,2,100.00,390/390,DNA
cgmlst-lmo2083	lmo2083,6,100.00,627/627,DNA
cgmlst-lmo2086	lmo2086,4,100.00,1272/1272,DNA
cgmlst-lmo2087	lmo2087,4,100.00,1332/1332,DNA
cgmlst-lmo2090	lmo2090,6,100.00,1215/1215,DNA
cgmlst-lmo2091	lmo2091,4,100.00,1371/1371,DNA
cgmlst-lmo2094	lmo2094,5,100.00,651/651,DNA
cgmlst-lmo2095	lmo2095,3,100.00,933/933,DNA
cgmlst-lmo2096	lmo2096,2,100.00,1350/1350,DNA
cgmlst-lmo2100	lmo2100,5,100.00,1446/1446,DNA
cgmlst-lmo2102	lmo2102,4,100.00,567/567,DNA
cgmlst-lmo2103	lmo2103,3,100.00,978/978,DNA
cgmlst-lmo2104	lmo2104,3,100.00,228/228,DNA
cgmlst-lmo2105	lmo2105,6,100.00,1995/1995,DNA
cgmlst-lmo2106	lmo2106,3,100.00,855/855,DNA
cgmlst-lmo2107	lmo2107,4,100.00,762/762,DNA
cgmlst-lmo2108	lmo2108,5,100.00,1134/1134,DNA
cgmlst-lmo2110	lmo2110,6,100.00,957/957,DNA
cgmlst-lmo2111	lmo2111,6,100.00,732/732,DNA
cgmlst-lmo2112	lmo2112,2,100.00,231/231,DNA
cgmlst-lmo2113	lmo2113,6,100.00,756/756,DNA
cgmlst-lmo2114	lmo2114,2,100.00,768/768,DNA
cgmlst-lmo2115	lmo2115,6,100.00,1941/1941,DNA
cgmlst-lmo2116	lmo2116,3,100.00,825/825,DNA
cgmlst-lmo2117	lmo2117,3,100.00,462/462,DNA
cgmlst-lmo2118	lmo2118,5,100.00,1353/1353,DNA
cgmlst-lmo2119	lmo2119,5,100.00,1359/1359,DNA
cgmlst-lmo2120	lmo2120,2,100.00,822/822,DNA
cgmlst-lmo2122	lmo2122,4,100.00,834/834,DNA
cgmlst-lmo2123	lmo2123,2,100.00,852/852,DNA
cgmlst-lmo2124	lmo2124,5,100.00,1308/1308,DNA
cgmlst-lmo2125	lmo2125,5,100.00,1260/1260,DNA
cgmlst-lmo2126	lmo2126,5,100.00,1776/1776,DNA
cgmlst-lmo2127	lmo2127,6,100.00,636/636,DNA
cgmlst-lmo2139	lmo2139,2,100.00,903/903,DNA
cgmlst-lmo2140	lmo2140,6,100.00,1236/1236,DNA
cgmlst-lmo2141	lmo2141,2,100.00,474/474,DNA
cgmlst-lmo2142	lmo2142,2,100.00,666/666,DNA
cgmlst-lmo2145	lmo2145,2,100.00,1017/1017,DNA
cgmlst-lmo2146	lmo2146,4,100.00,855/855,DNA
cgmlst-lmo2147	lmo2147,6,100.00,1008/1008,DNA
cgmlst-lmo2149	lmo2149,2,100.00,318/318,DNA
cgmlst-lmo2150	lmo2150,2,100.00,177/177,DNA
cgmlst-lmo2151	lmo2151,2,100.00,300/300,DNA
cgmlst-lmo2152	lmo2152,2,100.00,327/327,DNA
cgmlst-lmo2153	lmo2153,2,100.00,438/438,DNA
cgmlst-lmo2154	lmo2154,5,100.00,1050/1050,DNA
cgmlst-lmo2155	lmo2155,3,100.00,2292/2292,DNA
cgmlst-lmo2156	lmo2156,2,100.00,342/342,DNA
cgmlst-lmo2158	lmo2158,2,100.00,186/186,DNA
cgmlst-lmo2159	lmo2159,6,100.00,1050/1050,DNA
cgmlst-lmo2161	lmo2161,2,100.00,723/723,DNA
cgmlst-lmo2162	lmo2162,5,100.00,741/741,DNA
cgmlst-lmo2163	lmo2163,3,100.00,1077/1077,DNA
cgmlst-lmo2164	lmo2164,2,100.00,879/879,DNA
cgmlst-lmo2165	lmo2165,4,100.00,696/696,DNA
cgmlst-lmo2166	lmo2166,6,100.00,672/672,DNA
cgmlst-lmo2167	lmo2167,4,100.00,618/618,DNA
cgmlst-lmo2168	lmo2168,2,100.00,390/390,DNA
cgmlst-lmo2169	lmo2169,2,100.00,159/159,DNA
cgmlst-lmo2170	lmo2170,5,100.00,930/930,DNA
cgmlst-lmo2171	lmo2171,5,100.00,1224/1224,DNA
cgmlst-lmo2172	lmo2172,6,100.00,1584/1584,DNA
cgmlst-lmo2173	lmo2173,3,100.00,1368/1368,DNA
cgmlst-lmo2174	lmo2174,4,100.00,1074/1074,DNA
cgmlst-lmo2175	lmo2175,3,100.00,762/762,DNA
cgmlst-lmo2176	lmo2176,2,100.00,564/564,DNA
cgmlst-lmo2177	lmo2177,2,100.00,348/348,DNA
cgmlst-lmo2179	lmo2179,6,100.00,3456/3456,DNA
cgmlst-lmo2180	lmo2180,4,100.00,477/477,DNA
cgmlst-lmo2181	lmo2181,5,100.00,741/741,DNA
cgmlst-lmo2182	lmo2182,6,100.00,780/780,DNA
cgmlst-lmo2184	lmo2184,5,100.00,873/873,DNA
cgmlst-lmo2185	lmo2185,5,100.00,1710/1710,DNA
cgmlst-lmo2187	lmo2187,3,100.00,261/261,DNA
cgmlst-lmo2188	lmo2188,3,100.00,1806/1806,DNA
cgmlst-lmo2189	lmo2189,4,100.00,1116/1116,DNA
cgmlst-lmo2190	lmo2190,3,100.00,654/654,DNA
cgmlst-lmo2191	lmo2191,2,100.00,396/396,DNA
cgmlst-lmo2194	lmo2194,2,100.00,1035/1035,DNA
cgmlst-lmo2195	lmo2195,2,100.00,930/930,DNA
cgmlst-lmo2196	lmo2196,4,100.00,1677/1677,DNA
cgmlst-lmo2197	lmo2197,4,100.00,345/345,DNA
cgmlst-lmo2198	lmo2198,2,100.00,996/996,DNA
cgmlst-lmo2199	lmo2199,2,100.00,417/417,DNA
cgmlst-lmo2200	lmo2200,3,100.00,453/453,DNA
cgmlst-lmo2201	lmo2201,4,100.00,1242/1242,DNA
cgmlst-lmo2202	lmo2202,2,100.00,939/939,DNA
cgmlst-lmo2204	lmo2204,2,100.00,189/189,DNA
cgmlst-lmo2205	lmo2205,4,100.00,690/690,DNA
cgmlst-lmo2206	lmo2206,6,100.00,2601/2601,DNA
cgmlst-lmo2208	lmo2208,3,100.00,771/771,DNA
cgmlst-lmo2209	lmo2209,5,100.00,786/786,DNA
cgmlst-lmo2210	lmo2210,2,100.00,345/345,DNA
cgmlst-lmo2211	lmo2211,4,100.00,930/930,DNA
cgmlst-lmo2212	lmo2212,4,100.00,1062/1062,DNA
cgmlst-lmo2213	lmo2213,5,100.00,504/504,DNA
cgmlst-lmo2214	lmo2214,6,100.00,1224/1224,DNA
cgmlst-lmo2215	lmo2215,4,100.00,753/753,DNA
cgmlst-lmo2216	lmo2216,2,100.00,423/423,DNA
cgmlst-lmo2217	lmo2217,2,100.00,363/363,DNA
cgmlst-lmo2223	lmo2223,2,100.00,354/354,DNA
cgmlst-lmo2225	lmo2225,4,100.00,1368/1368,DNA
cgmlst-lmo2227	lmo2227,2,100.00,906/906,DNA
cgmlst-lmo2228	lmo2228,2,100.00,198/198,DNA
cgmlst-lmo2229	lmo2229,50,100.00,2145/2145,DNA
cgmlst-lmo2230	lmo2230,2,100.00,426/426,DNA
cgmlst-lmo2231	lmo2231,2,100.00,870/870,DNA
cgmlst-lmo2232	lmo2232,2,100.00,1305/1305,DNA
cgmlst-lmo2233	lmo2233,2,100.00,879/879,DNA
cgmlst-lmo2234	lmo2234,2,100.00,855/855,DNA
cgmlst-lmo2235	lmo2235,6,100.00,1926/1926,DNA
cgmlst-lmo2236	lmo2236,4,100.00,870/870,DNA
cgmlst-lmo2237	lmo2237,4,100.00,1209/1209,DNA
cgmlst-lmo2238	lmo2238,5,100.00,1191/1191,DNA
cgmlst-lmo2241	lmo2241,2,100.00,396/396,DNA
cgmlst-lmo2243	lmo2243,9,100.00,561/561,DNA
cgmlst-lmo2244	lmo2244,6,100.00,870/870,DNA
cgmlst-lmo2245	lmo2245,3,100.00,393/393,DNA
cgmlst-lmo2246	lmo2246,5,100.00,657/657,DNA
cgmlst-lmo2247	lmo2247,2,100.00,885/885,DNA
cgmlst-lmo2248	lmo2248,4,100.00,621/621,DNA
cgmlst-lmo2249	lmo2249,3,100.00,999/999,DNA
cgmlst-lmo2254	lmo2254,6,100.00,1293/1293,DNA
cgmlst-lmo2256	lmo2256,2,100.00,522/522,DNA
cgmlst-lmo2258	lmo2258,3,100.00,192/192,DNA
cgmlst-lmo2259	lmo2259,3,100.00,351/351,DNA
cgmlst-lmo2260	lmo2260,6,100.00,876/876,DNA
cgmlst-lmo2261	lmo2261,2,100.00,309/309,DNA
cgmlst-lmo2262	lmo2262,4,100.00,753/753,DNA
cgmlst-lmo2263	lmo2263,4,100.00,846/846,DNA
cgmlst-lmo2264	lmo2264,6,100.00,903/903,DNA
cgmlst-lmo2265	lmo2265,3,100.00,363/363,DNA
cgmlst-lmo2266	lmo2266,4,100.00,849/849,DNA
cgmlst-lmo2267	lmo2267,6,100.00,3708/3708,DNA
cgmlst-lmo2268	lmo2268,5,100.00,3474/3474,DNA
cgmlst-lmo2334	lmo2334,2,100.00,348/348,DNA
cgmlst-lmo2337	lmo2337,4,100.00,753/753,DNA
cgmlst-lmo2338	lmo2338,5,100.00,1326/1326,DNA
cgmlst-lmo2339	lmo2339,3,100.00,444/444,DNA
cgmlst-lmo2340	lmo2340,5,100.00,912/912,DNA
cgmlst-lmo2341	lmo2341,4,100.00,1119/1119,DNA
cgmlst-lmo2342	lmo2342,22,100.00,702/702,DNA
cgmlst-lmo2343	lmo2343,5,100.00,1323/1323,DNA
cgmlst-lmo2344	lmo2344,2,100.00,267/267,DNA
cgmlst-lmo2346	lmo2346,6,100.00,780/780,DNA
cgmlst-lmo2348	lmo2348,5,100.00,717/717,DNA
cgmlst-lmo2349	lmo2349,5,100.00,810/810,DNA
cgmlst-lmo2350	lmo2350,5,100.00,537/537,DNA
cgmlst-lmo2352	lmo2352,5,100.00,900/900,DNA
cgmlst-lmo2353	lmo2353,5,100.00,1953/1953,DNA
cgmlst-lmo2356	lmo2356,5,100.00,612/612,DNA
cgmlst-lmo2357	lmo2357,3,100.00,531/531,DNA
cgmlst-lmo2358	lmo2358,2,100.00,732/732,DNA
cgmlst-lmo2360	lmo2360,6,100.00,2784/2784,DNA
cgmlst-lmo2361	lmo2361,2,100.00,471/471,DNA
cgmlst-lmo2366	lmo2366,5,100.00,759/759,DNA
cgmlst-lmo2367	lmo2367,6,100.00,1353/1353,DNA
cgmlst-lmo2369	lmo2369,3,100.00,354/354,DNA
cgmlst-lmo2370	lmo2370,5,100.00,1167/1167,DNA
cgmlst-lmo2371	lmo2371,19,100.00,1104/1104,DNA
cgmlst-lmo2374	lmo2374,20,100.00,1362/1362,DNA
cgmlst-lmo2376	lmo2376,5,100.00,585/585,DNA
cgmlst-lmo2377	lmo2377,6,100.00,1212/1212,DNA
cgmlst-lmo2380	lmo2380,2,100.00,348/348,DNA
cgmlst-lmo2381	lmo2381,6,100.00,1485/1485,DNA
cgmlst-lmo2382	lmo2382,2,100.00,480/480,DNA
cgmlst-lmo2383	lmo2383,2,100.00,288/288,DNA
cgmlst-lmo2384	lmo2384,6,100.00,594/594,DNA
cgmlst-lmo2385	lmo2385,2,100.00,372/372,DNA
cgmlst-lmo2386	lmo2386,3,100.00,474/474,DNA
cgmlst-lmo2387	lmo2387,24,100.00,1221/1221,DNA
cgmlst-lmo2388	lmo2388,3,100.00,819/819,DNA
cgmlst-lmo2389	lmo2389,4,100.00,1212/1212,DNA
cgmlst-lmo2390	lmo2390,6,100.00,996/996,DNA
cgmlst-lmo2392	lmo2392,3,100.00,234/234,DNA
cgmlst-lmo2393	lmo2393,3,100.00,327/327,DNA
cgmlst-lmo2397	lmo2397,4,100.00,237/237,DNA
cgmlst-lmo2398	lmo2398,4,100.00,501/501,DNA
cgmlst-lmo2399	lmo2399,5,100.00,1311/1311,DNA
cgmlst-lmo2401	lmo2401,3,100.00,768/768,DNA
cgmlst-lmo2402	lmo2402,3,100.00,276/276,DNA
cgmlst-lmo2403	lmo2403,6,100.00,1389/1389,DNA
cgmlst-lmo2404	lmo2404,5,100.00,840/840,DNA
cgmlst-lmo2405	lmo2405,2,100.00,366/366,DNA
cgmlst-lmo2406	lmo2406,6,100.00,843/843,DNA
cgmlst-lmo2411	lmo2411,6,100.00,1395/1395,DNA
cgmlst-lmo2412	lmo2412,2,100.00,444/444,DNA
cgmlst-lmo2413	lmo2413,6,100.00,1227/1227,DNA
cgmlst-lmo2414	lmo2414,6,100.00,1302/1302,DNA
cgmlst-lmo2415	lmo2415,5,100.00,786/786,DNA
cgmlst-lmo2416	lmo2416,4,100.00,1077/1077,DNA
cgmlst-lmo2417	lmo2417,4,100.00,831/831,DNA
cgmlst-lmo2418	lmo2418,3,100.00,675/675,DNA
cgmlst-lmo2421	lmo2421,3,100.00,1143/1143,DNA
cgmlst-lmo2422	lmo2422,3,100.00,696/696,DNA
cgmlst-lmo2424	lmo2424,6,100.00,285/285,DNA
cgmlst-lmo2425	lmo2425,2,100.00,378/378,DNA
cgmlst-lmo2426	lmo2426,2,100.00,354/354,DNA
cgmlst-lmo2427	lmo2427,5,100.00,1176/1176,DNA
cgmlst-lmo2428	lmo2428,3,100.00,1170/1170,DNA
cgmlst-lmo2429	lmo2429,5,100.00,792/792,DNA
cgmlst-lmo2430	lmo2430,5,100.00,1011/1011,DNA
cgmlst-lmo2431	lmo2431,5,100.00,972/972,DNA
cgmlst-lmo2433	lmo2433,2,100.00,759/759,DNA
cgmlst-lmo2434	lmo2434,2,100.00,1404/1404,DNA
cgmlst-lmo2435	lmo2435,8,100.00,309/309,DNA
cgmlst-lmo2436	lmo2436,8,100.00,855/855,DNA
cgmlst-lmo2437	lmo2437,2,100.00,411/411,DNA
cgmlst-lmo2438	lmo2438,3,100.00,513/513,DNA
cgmlst-lmo2439	lmo2439,2,100.00,342/342,DNA
cgmlst-lmo2441	lmo2441,5,100.00,897/897,DNA
cgmlst-lmo2442	lmo2442,2,100.00,570/570,DNA
cgmlst-lmo2448	lmo2448,2,100.00,465/465,DNA
cgmlst-lmo2449	lmo2449,6,100.00,2382/2382,DNA
cgmlst-lmo2450	lmo2450,2,100.00,747/747,DNA
cgmlst-lmo2456	lmo2456,4,100.00,1533/1533,DNA
cgmlst-lmo2457	lmo2457,2,100.00,756/756,DNA
cgmlst-lmo2458	lmo2458,3,100.00,1191/1191,DNA
cgmlst-lmo2459	lmo2459,3,100.00,1011/1011,DNA
cgmlst-lmo2460	lmo2460,2,100.00,1047/1047,DNA
cgmlst-lmo2464	lmo2464,3,100.00,609/609,DNA
cgmlst-lmo2465	lmo2465,2,100.00,399/399,DNA
cgmlst-lmo2467	lmo2467,6,100.00,1437/1437,DNA
cgmlst-lmo2468	lmo2468,2,100.00,597/597,DNA
cgmlst-lmo2473	lmo2473,2,100.00,969/969,DNA
cgmlst-lmo2474	lmo2474,2,100.00,876/876,DNA
cgmlst-lmo2475	lmo2475,6,100.00,1731/1731,DNA
cgmlst-lmo2476	lmo2476,2,100.00,1062/1062,DNA
cgmlst-lmo2477	lmo2477,2,100.00,984/984,DNA
cgmlst-lmo2478	lmo2478,2,100.00,960/960,DNA
cgmlst-lmo2479	lmo2479,5,100.00,1476/1476,DNA
cgmlst-lmo2482	lmo2482,2,100.00,834/834,DNA
cgmlst-lmo2483	lmo2483,4,100.00,939/939,DNA
cgmlst-lmo2484	lmo2484,2,100.00,354/354,DNA
cgmlst-lmo2485	lmo2485,3,100.00,201/201,DNA
cgmlst-lmo2486	lmo2486,27,100.00,1212/1212,DNA
cgmlst-lmo2487	lmo2487,2,100.00,1263/1263,DNA
cgmlst-lmo2488	lmo2488,2,100.00,2871/2871,DNA
cgmlst-lmo2489	lmo2489,6,100.00,1977/1977,DNA
cgmlst-lmo2490	lmo2490,2,100.00,240/240,DNA
cgmlst-lmo2492	lmo2492,2,100.00,387/387,DNA
cgmlst-lmo2493	lmo2493,2,100.00,306/306,DNA
cgmlst-lmo2494	lmo2494,2,100.00,660/660,DNA
cgmlst-lmo2495	lmo2495,3,100.00,780/780,DNA
cgmlst-lmo2496	lmo2496,2,100.00,816/816,DNA
cgmlst-lmo2497	lmo2497,6,100.00,885/885,DNA
cgmlst-lmo2498	lmo2498,2,100.00,924/924,DNA
cgmlst-lmo2499	lmo2499,3,100.00,909/909,DNA
cgmlst-lmo2500	lmo2500,6,100.00,1776/1776,DNA
cgmlst-lmo2501	lmo2501,2,100.00,711/711,DNA
cgmlst-lmo2504	lmo2504,4,100.00,1311/1311,DNA
cgmlst-lmo2505	lmo2505,3,100.00,1206/1206,DNA
cgmlst-lmo2506	lmo2506,4,100.00,885/885,DNA
cgmlst-lmo2507	lmo2507,2,100.00,687/687,DNA
cgmlst-lmo2508	lmo2508,2,100.00,864/864,DNA
cgmlst-lmo2510	lmo2510,5,100.00,2514/2514,DNA
cgmlst-lmo2511	lmo2511,3,100.00,564/564,DNA
cgmlst-lmo2512	lmo2512,5,100.00,657/657,DNA
cgmlst-lmo2513	lmo2513,15,100.00,1320/1320,DNA
cgmlst-lmo2514	lmo2514,2,100.00,852/852,DNA
cgmlst-lmo2515	lmo2515,2,100.00,687/687,DNA
cgmlst-lmo2518	lmo2518,2,100.00,1059/1059,DNA
cgmlst-lmo2519	lmo2519,4,100.00,1053/1053,DNA
cgmlst-lmo2521	lmo2521,4,100.00,735/735,DNA
cgmlst-lmo2523	lmo2523,3,100.00,366/366,DNA
cgmlst-lmo2524	lmo2524,2,100.00,435/435,DNA
cgmlst-lmo2525	lmo2525,5,100.00,996/996,DNA
cgmlst-lmo2526	lmo2526,2,100.00,1293/1293,DNA
cgmlst-lmo2527	lmo2527,2,100.00,237/237,DNA
cgmlst-lmo2528	lmo2528,2,100.00,405/405,DNA
cgmlst-lmo2529	lmo2529,2,100.00,1422/1422,DNA
cgmlst-lmo2530	lmo2530,2,100.00,873/873,DNA
cgmlst-lmo2531	lmo2531,2,100.00,1515/1515,DNA
cgmlst-lmo2532	lmo2532,2,100.00,540/540,DNA
cgmlst-lmo2533	lmo2533,2,100.00,513/513,DNA
cgmlst-lmo2534	lmo2534,2,100.00,219/219,DNA
cgmlst-lmo2537	lmo2537,2,100.00,1140/1140,DNA
cgmlst-lmo2539	lmo2539,2,100.00,1242/1242,DNA
cgmlst-lmo2540	lmo2540,2,100.00,408/408,DNA
cgmlst-lmo2541	lmo2541,5,100.00,1038/1038,DNA
cgmlst-lmo2542	lmo2542,6,100.00,852/852,DNA
cgmlst-lmo2543	lmo2543,3,100.00,1077/1077,DNA
cgmlst-lmo2544	lmo2544,2,100.00,576/576,DNA
cgmlst-lmo2545	lmo2545,5,100.00,867/867,DNA
cgmlst-lmo2546	lmo2546,5,100.00,1056/1056,DNA
cgmlst-lmo2547	lmo2547,6,100.00,1287/1287,DNA
cgmlst-lmo2559	lmo2559,4,100.00,1599/1599,DNA
cgmlst-lmo2560	lmo2560,2,100.00,537/537,DNA
cgmlst-lmo2561	lmo2561,3,100.00,1671/1671,DNA
cgmlst-lmo2562	lmo2562,3,100.00,450/450,DNA
cgmlst-lmo2563	lmo2563,4,100.00,654/654,DNA
cgmlst-lmo2564	lmo2564,2,100.00,186/186,DNA
cgmlst-lmo2566	lmo2566,4,100.00,837/837,DNA
cgmlst-lmo2567	lmo2567,2,100.00,201/201,DNA
cgmlst-lmo2568	lmo2568,2,100.00,324/324,DNA
cgmlst-lmo2569	lmo2569,6,100.00,1662/1662,DNA
cgmlst-lmo2570	lmo2570,2,100.00,615/615,DNA
cgmlst-lmo2571	lmo2571,29,100.00,633/633,DNA
cgmlst-lmo2572	lmo2572,2,100.00,525/525,DNA
cgmlst-lmo2573	lmo2573,3,100.00,999/999,DNA
cgmlst-lmo2574	lmo2574,5,100.00,273/273,DNA
cgmlst-lmo2575	lmo2575,5,100.00,912/912,DNA
cgmlst-lmo2577	lmo2577,3,100.00,828/828,DNA
cgmlst-lmo2578	lmo2578,6,100.00,876/876,DNA
cgmlst-lmo2579	lmo2579,3,100.00,294/294,DNA
cgmlst-lmo2581	lmo2581,2,100.00,1089/1089,DNA
cgmlst-lmo2582	lmo2582,6,100.00,1380/1380,DNA
cgmlst-lmo2583	lmo2583,4,100.00,678/678,DNA
cgmlst-lmo2584	lmo2584,2,100.00,786/786,DNA
cgmlst-lmo2585	lmo2585,6,100.00,477/477,DNA
cgmlst-lmo2586	lmo2586,6,100.00,2988/2988,DNA
cgmlst-lmo2587	lmo2587,6,100.00,843/843,DNA
cgmlst-lmo2588	lmo2588,6,100.00,1482/1482,DNA
cgmlst-lmo2589	lmo2589,2,100.00,888/888,DNA
cgmlst-lmo2591	lmo2591,6,100.00,1527/1527,DNA
cgmlst-lmo2596	lmo2596,2,100.00,393/393,DNA
cgmlst-lmo2599	lmo2599,6,100.00,798/798,DNA
cgmlst-lmo2600	lmo2600,2,100.00,867/867,DNA
cgmlst-lmo2601	lmo2601,2,100.00,840/840,DNA
cgmlst-lmo2602	lmo2602,2,100.00,663/663,DNA
cgmlst-lmo2603	lmo2603,4,100.00,891/891,DNA
cgmlst-lmo2605	lmo2605,3,100.00,408/408,DNA
cgmlst-lmo2606	lmo2606,2,100.00,945/945,DNA
cgmlst-lmo2607	lmo2607,2,100.00,390/390,DNA
cgmlst-lmo2608	lmo2608,1,100.00,366/366,DNA
cgmlst-lmo2611	lmo2611,2,100.00,648/648,DNA
cgmlst-lmo2612	lmo2612,2,100.00,1296/1296,DNA
cgmlst-lmo2613	lmo2613,2,100.00,441/441,DNA
cgmlst-lmo2614	lmo2614,1,100.00,180/180,DNA
cgmlst-lmo2615	lmo2615,3,100.00,504/504,DNA
cgmlst-lmo2617	lmo2617,2,100.00,537/537,DNA
cgmlst-lmo2619	lmo2619,2,100.00,186/186,DNA
cgmlst-lmo2620	lmo2620,1,100.00,540/540,DNA
cgmlst-lmo2621	lmo2621,2,100.00,312/312,DNA
cgmlst-lmo2622	lmo2622,3,100.00,369/369,DNA
cgmlst-lmo2623	lmo2623,1,100.00,264/264,DNA
cgmlst-lmo2624	lmo2624,1,100.00,192/192,DNA
cgmlst-lmo2625	lmo2625,2,100.00,435/435,DNA
cgmlst-lmo2638	lmo2638,3,100.00,1887/1887,DNA
cgmlst-lmo2640	lmo2640,5,100.00,543/543,DNA
cgmlst-lmo2641	lmo2641,5,100.00,981/981,DNA
cgmlst-lmo2642	lmo2642,6,100.00,1332/1332,DNA
cgmlst-lmo2643	lmo2643,5,100.00,987/987,DNA
cgmlst-lmo2644a	lmo2644a,2,100.00,744/744,DNA
cgmlst-lmo2646	lmo2646,6,100.00,720/720,DNA
cgmlst-lmo2647	lmo2647,5,100.00,750/750,DNA
cgmlst-lmo2648	lmo2648,5,100.00,993/993,DNA
cgmlst-lmo2649	lmo2649,4,100.00,1299/1299,DNA
cgmlst-lmo2650	lmo2650,2,100.00,273/273,DNA
cgmlst-lmo2651	lmo2651,3,100.00,435/435,DNA
cgmlst-lmo2653	lmo2653,4,100.00,1188/1188,DNA
cgmlst-lmo2655	lmo2655,1,100.00,471/471,DNA
cgmlst-lmo2656	lmo2656,2,100.00,414/414,DNA
cgmlst-lmo2657	lmo2657,6,100.00,1398/1398,DNA
cgmlst-lmo2658	lmo2658,5,100.00,480/480,DNA
cgmlst-lmo2659	lmo2659,3,100.00,645/645,DNA
cgmlst-lmo2661	lmo2661,2,100.00,675/675,DNA
cgmlst-lmo2662	lmo2662,5,100.00,441/441,DNA
cgmlst-lmo2663	lmo2663,3,100.00,1032/1032,DNA
cgmlst-lmo2664	lmo2664,5,100.00,1053/1053,DNA
cgmlst-lmo2665	lmo2665,2,100.00,1272/1272,DNA
cgmlst-lmo2666	lmo2666,5,100.00,282/282,DNA
cgmlst-lmo2667	lmo2667,2,100.00,465/465,DNA
cgmlst-lmo2668	lmo2668,2,100.00,2070/2070,DNA
cgmlst-lmo2669	lmo2669,2,100.00,813/813,DNA
cgmlst-lmo2670	lmo2670,2,100.00,363/363,DNA
cgmlst-lmo2673	lmo2673,2,100.00,471/471,DNA
cgmlst-lmo2674	lmo2674,2,100.00,456/456,DNA
cgmlst-lmo2677	lmo2677,2,100.00,813/813,DNA
cgmlst-lmo2678	lmo2678,2,100.00,696/696,DNA
cgmlst-lmo2679	lmo2679,6,100.00,2691/2691,DNA
cgmlst-lmo2680	lmo2680,4,100.00,573/573,DNA
cgmlst-lmo2681	lmo2681,6,100.00,2046/2046,DNA
cgmlst-lmo2682	lmo2682,6,100.00,1686/1686,DNA
cgmlst-lmo2683	lmo2683,2,100.00,306/306,DNA
cgmlst-lmo2684	lmo2684,2,100.00,1308/1308,DNA
cgmlst-lmo2688	lmo2688,5,100.00,1131/1131,DNA
cgmlst-lmo2689	lmo2689,6,100.00,2571/2571,DNA
cgmlst-lmo2690	lmo2690,2,100.00,567/567,DNA
cgmlst-lmo2692	lmo2692,2,100.00,330/330,DNA
cgmlst-lmo2694	lmo2694,22,100.00,1380/1380,DNA
cgmlst-lmo2695	lmo2695,2,100.00,990/990,DNA
cgmlst-lmo2696	lmo2696,5,100.00,597/597,DNA
cgmlst-lmo2697	lmo2697,2,100.00,375/375,DNA
cgmlst-lmo2698	lmo2698,6,100.00,852/852,DNA
cgmlst-lmo2699	lmo2699,6,100.00,840/840,DNA
cgmlst-lmo2700	lmo2700,6,100.00,843/843,DNA
cgmlst-lmo2701	lmo2701,2,100.00,246/246,DNA
cgmlst-lmo2702	lmo2702,2,100.00,597/597,DNA
cgmlst-lmo2703	lmo2703,2,100.00,318/318,DNA
cgmlst-lmo2704	lmo2704,5,100.00,1740/1740,DNA
cgmlst-lmo2705	lmo2705,2,100.00,465/465,DNA
cgmlst-lmo2706	lmo2706,2,100.00,183/183,DNA
cgmlst-lmo2707	lmo2707,2,100.00,222/222,DNA
cgmlst-lmo2710	lmo2710,2,100.00,642/642,DNA
cgmlst-lmo2712	lmo2712,6,100.00,1515/1515,DNA
cgmlst-lmo2713	lmo2713,6,100.00,939/939,DNA
cgmlst-lmo2714	lmo2714,6,100.00,948/948,DNA
cgmlst-lmo2715	lmo2715,21,100.00,1740/1740,DNA
cgmlst-lmo2716	lmo2716,6,100.00,1725/1725,DNA
cgmlst-lmo2717	lmo2717,2,100.00,1014/1014,DNA
cgmlst-lmo2718	lmo2718,6,100.00,1407/1407,DNA
cgmlst-lmo2719	lmo2719,5,100.00,471/471,DNA
cgmlst-lmo2720	lmo2720,208,100.00,1578/1578,DNA
cgmlst-lmo2722	lmo2722,6,100.00,735/735,DNA
cgmlst-lmo2723	lmo2723,6,100.00,462/462,DNA
cgmlst-lmo2725	lmo2725,6,100.00,1353/1353,DNA
cgmlst-lmo2726	lmo2726,2,100.00,450/450,DNA
cgmlst-lmo2727	lmo2727,154,100.00,882/882,DNA
cgmlst-lmo2728	lmo2728,2,100.00,456/456,DNA
cgmlst-lmo2730	lmo2730,2,100.00,612/612,DNA
cgmlst-lmo2731	lmo2731,2,100.00,369/369,DNA
cgmlst-lmo2738	lmo2738,6,100.00,1335/1335,DNA
cgmlst-lmo2739	lmo2739,6,100.00,690/690,DNA
cgmlst-lmo2741	lmo2741,6,100.00,1209/1209,DNA
cgmlst-lmo2742	lmo2742,4,100.00,348/348,DNA
cgmlst-lmo2744	lmo2744,2,100.00,690/690,DNA
cgmlst-lmo2745	lmo2745,6,100.00,1728/1728,DNA
cgmlst-lmo2746	lmo2746,3,100.00,252/252,DNA
cgmlst-lmo2747	lmo2747,2,100.00,1284/1284,DNA
cgmlst-lmo2748	lmo2748,2,100.00,420/420,DNA
cgmlst-lmo2749	lmo2749,5,100.00,573/573,DNA
cgmlst-lmo2754	lmo2754,4,100.00,1338/1338,DNA
cgmlst-lmo2755	lmo2755,6,100.00,1668/1668,DNA
cgmlst-lmo2757	lmo2757,4,100.00,1773/1773,DNA
cgmlst-lmo2758	lmo2758,4,100.00,1467/1467,DNA
cgmlst-lmo2759	lmo2759,3,100.00,531/531,DNA
cgmlst-lmo2761	lmo2761,6,100.00,1455/1455,DNA
cgmlst-lmo2762	lmo2762,2,100.00,303/303,DNA
cgmlst-lmo2763	lmo2763,6,100.00,1353/1353,DNA
cgmlst-lmo2764	lmo2764,6,100.00,885/885,DNA
cgmlst-lmo2766	lmo2766,4,100.00,735/735,DNA
cgmlst-lmo2769	lmo2769,3,100.00,888/888,DNA
cgmlst-lmo2770	lmo2770,216,100.00,2331/2331,DNA
cgmlst-lmo2777	lmo2777,4,100.00,1191/1191,DNA
cgmlst-lmo2778	lmo2778,6,100.00,510/510,DNA
cgmlst-lmo2779	lmo2779,6,100.00,1101/1101,DNA
cgmlst-lmo2789	lmo2789,7,100.00,204/204,DNA
cgmlst-lmo2790	lmo2790,2,100.00,852/852,DNA
cgmlst-lmo2791	lmo2791,5,100.00,762/762,DNA
cgmlst-lmo2792	lmo2792,5,100.00,759/759,DNA
cgmlst-lmo2793	lmo2793,2,100.00,300/300,DNA
cgmlst-lmo2794	lmo2794,3,100.00,855/855,DNA
cgmlst-lmo2795	lmo2795,2,100.00,807/807,DNA
cgmlst-lmo2796	lmo2796,2,100.00,906/906,DNA
cgmlst-lmo2797	lmo2797,5,100.00,447/447,DNA
cgmlst-lmo2798	lmo2798,3,100.00,657/657,DNA
cgmlst-lmo2800	lmo2800,6,100.00,1002/1002,DNA
cgmlst-lmo2802	lmo2802,6,100.00,717/717,DNA
cgmlst-lmo2810	lmo2810,4,100.00,1890/1890,DNA
cgmlst-lmo2812	lmo2812,6,100.00,819/819,DNA
cgmlst-lmo2814	lmo2814,5,100.00,528/528,DNA
cgmlst-lmo2815	lmo2815,6,100.00,732/732,DNA
cgmlst-lmo2816	lmo2816,6,100.00,1194/1194,DNA
cgmlst-lmo2817	lmo2817,6,100.00,1191/1191,DNA
cgmlst-lmo2818	lmo2818,6,100.00,1401/1401,DNA
cgmlst-lmo2819	lmo2819,6,100.00,1203/1203,DNA
cgmlst-lmo2822	lmo2822,2,100.00,324/324,DNA
cgmlst-lmo2823	lmo2823,5,100.00,1242/1242,DNA
cgmlst-lmo2824	lmo2824,5,100.00,1188/1188,DNA
cgmlst-lmo2825	lmo2825,3,100.00,1092/1092,DNA
cgmlst-lmo2826	lmo2826,4,100.00,1149/1149,DNA
cgmlst-lmo2827	lmo2827,4,100.00,423/423,DNA
cgmlst-lmo2830	lmo2830,5,100.00,321/321,DNA
cgmlst-lmo2831	lmo2831,4,100.00,663/663,DNA
cgmlst-lmo2832	lmo2832,6,100.00,1122/1122,DNA
cgmlst-lmo2833	lmo2833,6,100.00,2178/2178,DNA
cgmlst-lmo2835	lmo2835,2,100.00,795/795,DNA
cgmlst-lmo2836	lmo2836,3,100.00,1053/1053,DNA
cgmlst-lmo2837	lmo2837,6,100.00,852/852,DNA
cgmlst-lmo2838	lmo2838,6,100.00,882/882,DNA
cgmlst-lmo2839	lmo2839,6,100.00,1293/1293,DNA
cgmlst-lmo2842	lmo2842,6,100.00,1026/1026,DNA
cgmlst-lmo2844	lmo2844,14,100.00,543/543,DNA
cgmlst-lmo2845	lmo2845,6,100.00,1413/1413,DNA
cgmlst-lmo2852	lmo2852,2,100.00,462/462,DNA
cgmlst-lmo2853	lmo2853,2,100.00,621/621,DNA
cgmlst-lmo2854	lmo2854,5,100.00,864/864,DNA