pipeline_name	salmonella pipeline
pipeline_version	0.1
sample	S19BD03008
input_files	S19BD03008_1.fastq.gz, S19BD03008_2.fastq.gz
analysis_date	15/07/2022 - 11:55:03
detection_method	blast
read_type	illumina
downsampling_coverage_estimated	62.82
downsampling_coverage_target	100.00
downsampling_downsample_factor	None
downsampling_mean_read_length	234.23
downsampling_nb_read_pairs_in	674255
downsampling_nb_read_pairs_out	674255
downsampling_size_ref_genome	5027649
downsampling_total_bases	315855806
trimming_pairs_in	674255
trimming_pairs_out	627225
trimming_fwd_only_surviving	40866
trimming_rev_only_surviving	2040
trimming_pairs_both_dropped	4124
assembly_n50	406021
assembly_nb_contigs	26
assembly_total_length	4873861
qc_kraken_status	OK
qc_kraken_value	0.00%
qc_cgmlst_status	OK
qc_cgmlst_value	99.47%
qc_cov_assembly_status	OK
qc_cov_assembly_value	56.00x
qc_map_rate_assembly_status	OK
qc_map_rate_assembly_value	99.22%
qc_fqc_avg_qual_fwd_status	OK
qc_fqc_avg_qual_fwd_value	37
qc_fqc_avg_qual_rev_status	OK
qc_fqc_avg_qual_rev_value	36
qc_fqc_gc_fwd_status	OK
qc_fqc_gc_fwd_value	1.20%
qc_fqc_gc_rev_status	OK
qc_fqc_gc_rev_value	1.20%
qc_fqc_n_fraction_fwd_status	OK
qc_fqc_n_fraction_fwd_value	0.0000
qc_fqc_n_fraction_rev_status	OK
qc_fqc_n_fraction_rev_value	0.0000
qc_fqc_per_base_fwd_status	OK
qc_fqc_per_base_fwd_value	0.24%
qc_fqc_per_base_rev_status	OK
qc_fqc_per_base_rev_value	0.23%
qc_fqc_qscore_fwd_status	OK
qc_fqc_qscore_fwd_value	inf
qc_fqc_qscore_rev_status	OK
qc_fqc_qscore_rev_value	inf
qc_fqc_seq_len_fwd_status	OK
qc_fqc_seq_len_fwd_value	100.00%
qc_fqc_seq_len_rev_status	OK
qc_fqc_seq_len_rev_value	96.41%
kraken2_expected_species	Salmonella enterica
kraken2_expected_species_occurrence	74.21
kraken2_contaminants_warn	[]
kraken2_contaminants_fail	[]
vc-mapping_rate	89.27
vc-median_depth	54.0
filt-depth-in	41250
filt-depth-out	40913
filt-distance-in	36709
filt-distance-out	30732
filt-mapping_qual-in	40387
filt-mapping_qual-out	36709
filt-region-in	30678
filt-region-out	30678
filt-snp_qual-in	40913
filt-snp_qual-out	40387
filt-zscore-in	30732
filt-zscore-out	30678
hits_resfinder	[["Cluster_562", "aac(6')-Iaa_1", "98.63", "438/438", "NODE_4_length_417204_cov_18.909933", "155782..156219", "aminoglycoside", "NC_003197"]]
hits_ncbi_amr	[]
pointfinder_mutations	[["pmrB p.T9P", "ACC -> CCC", "T -> P", "Unknown", "-"], ["gyrA p.S868N", "AGC -> AAC", "S -> N", "Unknown", "-"], ["parC p.Q648L", "CAG -> CTG", "Q -> L", "Unknown", "-"], ["16S_rrsD r.92C>T", "C -> T", "RNA mutations", "Unknown", "-"], ["16S_rrsD r.1005C>G", "C -> G", "RNA mutations", "Unknown", "-"], ["16S_rrsD r.1006T>A", "T -> A", "RNA mutations", "Unknown", "-"], ["16S_rrsD r.1007T>A", "T -> A", "RNA mutations", "Unknown", "-"], ["16S_rrsD r.1022G>T", "G -> T", "RNA mutations", "Unknown", "-"]]
hits_vfdb_core	[["Cluster_2893", "VFG000437", "100.00", "651/651", "NODE_15_length_74785_cov_45.761044", "73214..73864", "spvD", "NP_490527"], ["Cluster_2666", "VFG000438", "99.86", "726/726", "NODE_15_length_74785_cov_45.761044", "72228..72953", "spvC", "NP_490528"], ["Cluster_658", "VFG000439", "99.61", "1782/1776", "NODE_15_length_74785_cov_45.761044", "70167..71948", "spvB", "NP_490529"], ["Cluster_3130", "VFG000443", "98.92", "558/558", "NODE_2_length_560390_cov_24.398156", "312318..312875", "fimA", "NP_459538"], ["Cluster_3203", "VFG000444", "98.50", "534/534", "NODE_2_length_560390_cov_24.398156", "312949..313482", "fimI", "NP_459539"], ["Cluster_2782", "VFG000445", "98.70", "693/693", "NODE_2_length_560390_cov_24.398156", "313526..314218", "fimC", "NP_459540"], ["Cluster_286", "VFG000446", "99.00", "2613/2613", "NODE_2_length_560390_cov_24.398156", "314249..316861", "fimD", "NP_459541"], ["Cluster_1886", "VFG000447", "98.02", "1008/1008", "NODE_2_length_560390_cov_24.398156", "316876..317883", "fimH", "NP_459542"], ["Cluster_3244", "VFG000448", "99.23", "519/519", "NODE_2_length_560390_cov_24.398156", "317893..318411", "fimF", "NP_459543"], ["Cluster_2937", "VFG000449", "99.84", "633/633", "NODE_2_length_560390_cov_24.398156", "318457..319089", "fimZ", "NP_459544"], ["Cluster_2675", "VFG000450", "98.06", "723/723", "NODE_2_length_560390_cov_24.398156", "319693..320415", "fimY", "NP_459545"], ["Cluster_3035", "VFG000451", "98.16", "597/597", "NODE_2_length_560390_cov_24.398156", "320906..321502", "fimW", "NP_459547"], ["Cluster_3214", "VFG000452", "99.81", "528/528", "NODE_5_length_406021_cov_29.954360", "182655..183182", "lpfE", "NP_462537"], ["Cluster_1684", "VFG000453", "99.63", "1080/1080", "NODE_5_length_406021_cov_29.954360", "181570..182649", "lpfD", "NP_462538"], ["Cluster_302", "VFG000454", "99.13", "2529/2529", "NODE_5_length_406021_cov_29.954360", "179025..181552", "lpfC", "NP_462539"], ["Cluster_2752", "VFG000455", "99.86", "699/699", "NODE_5_length_406021_cov_29.954360", "178304..179002", "lpfB", "NP_462540"], ["Cluster_3197", "VFG000456", "99.63", "537/537", "NODE_5_length_406021_cov_29.954360", "177683..178219", "lpfA", "NP_462541"], ["Cluster_3431", "VFG000457", "99.78", "456/456", "NODE_7_length_384700_cov_20.055381", "313290..313745", "csgB", "NP_460114"], ["Cluster_3436", "VFG000458", "98.90", "456/456", "NODE_7_length_384700_cov_20.055381", "312793..313248", "csgA", "NP_460115"], ["Cluster_3768", "VFG000459", "100.00", "327/327", "NODE_7_length_384700_cov_20.055381", "312405..312731", "csgC", "NP_460116"], ["Cluster_3622", "VFG000460", "99.75", "396/396", "NODE_7_length_384700_cov_20.055381", "315155..315550", "csgE", "NP_460112"], ["Cluster_3556", "VFG000461", "100.00", "417/417", "NODE_7_length_384700_cov_20.055381", "315577..315993", "csgF", "NP_460111"], ["Cluster_2315", "VFG000462", "99.64", "834/834", "NODE_7_length_384700_cov_20.055381", "316020..316853", "csgG", "NP_460110"], ["Cluster_3204", "VFG000463", "100.00", "534/534", "NODE_16_length_47161_cov_21.367266", "11999..12532", "Cu-Zn", "NP_460019"], ["Cluster_364", "VFG000464", "99.28", "2349/2349", "NODE_9_length_261638_cov_21.226090", "194360..196708", "sopA", "NP_461011"], ["Cluster_740", "VFG000465", "99.35", "1686/1686", "NODE_8_length_384553_cov_21.121888", "299581..301266", "sopB/sigD", "NP_460064"], ["Cluster_2020", "VFG000466", "97.80", "954/954", "NODE_1_length_679957_cov_27.040222", "249723..250676", "sopD", "NP_461866"], ["Cluster_2676", "VFG000467", "100.00", "723/723", "NODE_4_length_417204_cov_18.909933", "401273..401995", "sopE2", "NP_460811"], ["Cluster_360", "VFG000468", "95.99", "1672/2367", "NODE_9_length_261638_cov_21.226090", "5008..6675", "sspH2", "NP_461184"], ["Cluster_378", "VFG000469", "97.13", "2298/2298", "NODE_8_length_384553_cov_21.121888", "33894..36161", "slrP", "NP_459778"], ["Cluster_1874", "VFG000470", "99.70", "1011/1011", "NODE_7_length_384700_cov_20.055381", "234030..235040", "sifA", "NP_460194"], ["Cluster_1350", "VFG000471", "99.76", "1227/1227", "NODE_4_length_417204_cov_18.909933", "169650..170876", "sseJ", "NP_460590"], ["Cluster_959", "VFG000474", "98.91", "1464/1464", "NODE_7_length_384700_cov_20.055381", "226195..227658", "phoQ", "NP_460200"], ["Cluster_2822", "VFG000475", "99.56", "675/675", "NODE_7_length_384700_cov_20.055381", "225521..226195", "phoP", "NP_460201"], ["Cluster_1929", "VFG000477", "99.70", "992/993", "NODE_1_length_679957_cov_27.040222", "229456..230447", "rpoS", "NP_461845"], ["Cluster_3445", "VFG000478", "99.34", "453/453", "NODE_2_length_560390_cov_24.398156", "498772..499224", "fur", "NP_459678"], ["Cluster_2927", "VFG000492", "99.53", "639/639", "NODE_7_length_384700_cov_20.055381", "59064..59702", "ssrB", "NP_460356"], ["Cluster_242", "VFG000493", "99.13", "2763/2763", "NODE_7_length_384700_cov_20.055381", "56271..59033", "ssrA", "NP_460357"], ["Cluster_3603", "VFG000494", "99.75", "402/402", "NODE_7_length_384700_cov_20.055381", "55469..55870", "spiC/ssaB", "NP_460358"], ["Cluster_920", "VFG000495", "99.00", "1494/1494", "NODE_7_length_384700_cov_20.055381", "53974..55467", "ssaC", "NP_460359"], ["Cluster_1383", "VFG000496", "99.50", "1212/1212", "NODE_7_length_384700_cov_20.055381", "52782..53993", "ssaD", "NP_460360"], ["Cluster_3927", "VFG000497", "100.00", "243/243", "NODE_7_length_384700_cov_20.055381", "52532..52774", "ssaE", "NP_460361"], ["Cluster_3769", "VFG000498", "99.69", "327/327", "NODE_7_length_384700_cov_20.055381", "52003..52329", "sseA", "NP_460362"], ["Cluster_3049", "VFG000499", "100.00", "591/591", "NODE_7_length_384700_cov_20.055381", "51406..51996", "sseB", "NP_460363"], ["Cluster_3382", "VFG000500", "98.94", "474/474", "NODE_7_length_384700_cov_20.055381", "50936..51409", "sscA", "NP_460364"], ["Cluster_969", "VFG000501", "98.14", "1455/1455", "NODE_7_length_384700_cov_20.055381", "49479..50933", "sseC", "NP_460365"], ["Cluster_3061", "VFG000502", "97.45", "588/588", "NODE_7_length_384700_cov_20.055381", "48876..49463", "sseD", "NP_460366"], ["Cluster_3557", "VFG000503", "99.76", "417/417", "NODE_7_length_384700_cov_20.055381", "48457..48873", "sseE", "NP_460367"], ["Cluster_3508", "VFG000504", "100.00", "435/435", "NODE_7_length_384700_cov_20.055381", "47971..48405", "sscB", "NP_460368"], ["Cluster_2463", "VFG000505", "98.98", "783/783", "NODE_7_length_384700_cov_20.055381", "47173..47955", "sseF", "NP_460369"], ["Cluster_2788", "VFG000506", "99.42", "690/690", "NODE_7_length_384700_cov_20.055381", "46487..47176", "sseG", "NP_460370"], ["Cluster_3944", "VFG000507", "100.00", "216/216", "NODE_7_length_384700_cov_20.055381", "46178..46393", "ssaG", "NP_460371"], ["Cluster_3937", "VFG000508", "100.00", "228/228", "NODE_7_length_384700_cov_20.055381", "45910..46137", "ssaH", "NP_460372"], ["Cluster_3922", "VFG000509", "100.00", "249/249", "NODE_7_length_384700_cov_20.055381", "45650..45898", "ssaI", "NP_460373"], ["Cluster_2584", "VFG000510", "98.67", "750/750", "NODE_7_length_384700_cov_20.055381", "44904..45653", "ssaJ", "NP_460374"], ["Cluster_2823", "VFG000511", "99.41", "675/675", "NODE_7_length_384700_cov_20.055381", "43667..44341", "ssaK", "NP_460376"], ["Cluster_1860", "VFG000512", "99.31", "1017/1017", "NODE_7_length_384700_cov_20.055381", "42685..43701", "ssaL", "NP_460377"], ["Cluster_3688", "VFG000513", "99.46", "369/369", "NODE_7_length_384700_cov_20.055381", "42259..42627", "ssaM", "NP_460378"], ["Cluster_493", "VFG000514", "100.00", "2046/2046", "NODE_7_length_384700_cov_20.055381", "40229..42274", "ssaV", "NP_460379"], ["Cluster_1219", "VFG000515", "99.08", "1302/1302", "NODE_7_length_384700_cov_20.055381", "38938..40239", "ssaN", "NP_460380"], ["Cluster_3665", "VFG000516", "99.73", "378/378", "NODE_7_length_384700_cov_20.055381", "38558..38935", "ssaO", "NP_460381"], ["Cluster_3672", "VFG000517", "99.73", "375/375", "NODE_7_length_384700_cov_20.055381", "38203..38577", "ssaP", "NP_460382"], ["Cluster_1982", "VFG000518", "98.56", "969/969", "NODE_7_length_384700_cov_20.055381", "37254..38222", "ssaQ", "NP_460383"], ["Cluster_2905", "VFG000519", "99.07", "648/648", "NODE_7_length_384700_cov_20.055381", "36539..37186", "ssaR", "NP_460384"], ["Cluster_3904", "VFG000520", "99.25", "267/267", "NODE_7_length_384700_cov_20.055381", "36276..36542", "ssaS", "NP_460385"], ["Cluster_2474", "VFG000521", "98.72", "780/780", "NODE_7_length_384700_cov_20.055381", "35496..36275", "ssaT", "NP_460386"], ["Cluster_1747", "VFG000522", "98.96", "1059/1059", "NODE_7_length_384700_cov_20.055381", "34441..35499", "ssaU", "NP_460387"], ["Cluster_2131", "VFG000529", "99.78", "909/909", "NODE_1_length_679957_cov_27.040222", "173769..174676", "avrA", "NP_461786"], ["Cluster_2564", "VFG000530", "99.47", "756/756", "NODE_1_length_679957_cov_27.040222", "174837..175592", "sprB", "NP_461787"], ["Cluster_2178", "VFG000531", "99.66", "888/888", "NODE_1_length_679957_cov_27.040222", "175976..176863", "hilC", "NP_461788"], ["Cluster_2811", "VFG000532", "99.85", "681/681", "NODE_1_length_679957_cov_27.040222", "177657..178337", "orgB/SctL", "NP_461790"], ["Cluster_2550", "VFG000533", "99.87", "759/759", "NODE_1_length_679957_cov_27.040222", "178865..179623", "prgK", "NP_461792"], ["Cluster_3817", "VFG000534", "100.00", "306/306", "NODE_1_length_679957_cov_27.040222", "179620..179925", "prgJ", "NP_461793"], ["Cluster_3928", "VFG000535", "100.00", "243/243", "NODE_1_length_679957_cov_27.040222", "179944..180186", "prgI", "NP_461794"], ["Cluster_1454", "VFG000536", "99.58", "1179/1179", "NODE_1_length_679957_cov_27.040222", "180211..181389", "prgH", "NP_461795"], ["Cluster_2073", "VFG000537", "99.68", "930/930", "NODE_1_length_679957_cov_27.040222", "181705..182634", "hilD", "NP_461796"], ["Cluster_765", "VFG000538", "100.00", "1662/1662", "NODE_1_length_679957_cov_27.040222", "183725..185386", "hilA", "NP_461797"], ["Cluster_3360", "VFG000539", "99.59", "483/483", "NODE_1_length_679957_cov_27.040222", "185404..185886", "iagB", "NP_461798"], ["Cluster_793", "VFG000540", "99.63", "1632/1632", "NODE_1_length_679957_cov_27.040222", "185940..187571", "sptP", "NP_461799"], ["Cluster_3631", "VFG000541", "100.00", "393/393", "NODE_1_length_679957_cov_27.040222", "187558..187950", "sicP", "NP_461800"], ["Cluster_3923", "VFG000542", "99.20", "249/249", "NODE_1_length_679957_cov_27.040222", "188281..188529", "iacP", "NP_461802"], ["Cluster_487", "VFG000543", "99.85", "2058/2058", "NODE_1_length_679957_cov_27.040222", "188548..190605", "sipA/sspA", "NP_461803"], ["Cluster_1814", "VFG000544", "99.81", "1032/1032", "NODE_1_length_679957_cov_27.040222", "190624..191655", "sipD", "NP_461804"], ["Cluster_1343", "VFG000545", "99.51", "1230/1230", "NODE_1_length_679957_cov_27.040222", "191726..192955", "sipC/sspC", "NP_461805"], ["Cluster_650", "VFG000546", "99.72", "1782/1782", "NODE_1_length_679957_cov_27.040222", "192983..194764", "sipB/sspB", "NP_461806"], ["Cluster_3312", "VFG000547", "99.60", "498/498", "NODE_1_length_679957_cov_27.040222", "194767..195264", "sicA", "NP_461807"], ["Cluster_1708", "VFG000548", "100.00", "1071/1071", "NODE_1_length_679957_cov_27.040222", "195402..196472", "spaS", "NP_461808"], ["Cluster_2423", "VFG000549", "99.24", "792/792", "NODE_1_length_679957_cov_27.040222", "196459..197250", "spaR", "NP_461809"], ["Cluster_3911", "VFG000550", "100.00", "261/261", "NODE_1_length_679957_cov_27.040222", "197254..197514", "spaQ", "NP_461810"], ["Cluster_2824", "VFG000551", "98.96", "675/675", "NODE_1_length_679957_cov_27.040222", "197540..198214", "spaP", "NP_461811"], ["Cluster_2129", "VFG000552", "98.90", "912/912", "NODE_1_length_679957_cov_27.040222", "198204..199115", "spaO/sctQ", "NP_461812"], ["Cluster_1875", "VFG000553", "99.11", "1011/1011", "NODE_1_length_679957_cov_27.040222", "199115..200125", "invJ", "NP_461813"], ["Cluster_3478", "VFG000554", "100.00", "444/444", "NODE_1_length_679957_cov_27.040222", "200125..200568", "invI", "NP_461814"], ["Cluster_1227", "VFG000555", "99.92", "1296/1296", "NODE_1_length_679957_cov_27.040222", "200546..201841", "invC/sctN", "NP_461815"], ["Cluster_3592", "VFG000556", "99.02", "408/408", "NODE_1_length_679957_cov_27.040222", "201838..202245", "invB", "NP_461816"], ["Cluster_488", "VFG000557", "99.32", "2058/2058", "NODE_1_length_679957_cov_27.040222", "202269..204326", "invA", "NP_461817"], ["Cluster_1591", "VFG000558", "99.73", "1119/1119", "NODE_1_length_679957_cov_27.040222", "204351..205469", "invE", "NP_461818"], ["Cluster_738", "VFG000559", "99.35", "1689/1689", "NODE_1_length_679957_cov_27.040222", "205466..207154", "invG", "NP_461819"], ["Cluster_2894", "VFG000560", "99.85", "651/651", "NODE_1_length_679957_cov_27.040222", "207151..207801", "invF", "NP_461820"], ["Cluster_3479", "VFG000561", "98.87", "444/444", "NODE_1_length_679957_cov_27.040222", "208257..208700", "invH", "NP_461821"], ["Cluster_253", "VFG000574", "99.23", "2727/2727", "NODE_5_length_406021_cov_29.954360", "42516..45242", "mgtB", "NP_462662"], ["Cluster_2765", "VFG000575", "98.56", "696/696", "NODE_5_length_406021_cov_29.954360", "41601..42296", "mgtC", "NP_462663"], ["Cluster_2224", "VFG000589", "98.97", "876/876", "NODE_8_length_384553_cov_21.121888", "297800..298675", "pipB", "NP_460061"], ["Cluster_2616", "VFG002301", "100.00", "741/741", "NODE_15_length_74785_cov_45.761044", "61867..62607", "mig-5", "NP_490536"], ["Cluster_2150", "VFG002302", "98.11", "897/897", "NODE_1_length_679957_cov_27.040222", "93735..94631", "mig-14", "NP_461708"], ["Cluster_226", "VFG002304", "99.44", "2868/2868", "NODE_5_length_406021_cov_29.954360", "49095..51962", "misL", "NP_462656"], ["Cluster_34", "VFG002305", "95.15", "3673/6120", "NODE_6_length_400964_cov_22.684483", "280850..284467", "shdA", "NP_461448"], ["Cluster_20", "VFG002306", "98.71", "7309/7308", "NODE_6_length_400964_cov_22.684483", "287171..294466", "ratB", "NP_461449"], ["Cluster_419", "VFG002307", "99.91", "2193/2193", "NODE_6_length_400964_cov_22.684483", "301365..303557", "sinH", "NP_461452"], ["Cluster_3446", "VFG003635", "99.34", "453/453", "NODE_1_length_679957_cov_27.040222", "177208..177660", "orgC", "NP_461789"], ["Cluster_3023", "VFG003645", "100.00", "600/600", "NODE_1_length_679957_cov_27.040222", "178294..178893", "orgA/sctK", "NP_461791"], ["Cluster_1983", "VFG003971", "99.59", "969/969", "NODE_8_length_384553_cov_21.121888", "261296..262264", "sseI/srfH", "NP_460026"], ["Cluster_2021", "VFG003977", "96.86", "954/954", "NODE_6_length_400964_cov_22.684483", "41250..42203", "sseL", "NP_461229"], ["Cluster_2027", "VFG003988", "98.74", "951/951", "NODE_4_length_417204_cov_18.909933", "140603..141553", "sifB", "NP_460561"], ["Cluster_1759", "VFG003997", "99.53", "1053/1053", "NODE_1_length_679957_cov_27.040222", "90941..91993", "pipB2", "NP_461706"], ["Cluster_1876", "VFG004016", "98.91", "1011/1011", "NODE_18_length_32477_cov_28.378393", "17702..18712", "sseK1", "NP_463026"], ["Cluster_2884", "VFG004125", "99.69", "651/651", "NODE_7_length_384700_cov_20.055381", "314500..315150", "csgD", "NP_460113"], ["Cluster_1751", "VFG041090", "98.68", "1062/1056", "NODE_2_length_560390_cov_24.398156", "10262..11323", "STM0266", "NP_459263"], ["Cluster_1921", "VFG041091", "99.40", "996/996", "NODE_2_length_560390_cov_24.398156", "11334..12329", "STM0267", "NP_459264"], ["Cluster_586", "VFG041092", "99.26", "1623/1884", "NODE_2_length_560390_cov_24.398156", "12541..14163", "STM0268", "NP_459265"], ["Cluster_3325", "VFG041093", "99.39", "495/495", "NODE_2_length_560390_cov_24.398156", "14179..14673", "STM0269", "NP_459266"], ["Cluster_2344", "VFG041094", "99.27", "825/825", "NODE_2_length_560390_cov_24.398156", "14670..15494", "STM0270", "NP_459267"], ["Cluster_2142", "VFG041095", "99.56", "903/903", "NODE_2_length_560390_cov_24.398156", "15481..16383", "STM0271", "NP_459268"], ["Cluster_275", "VFG041096", "99.39", "2640/2640", "NODE_2_length_560390_cov_24.398156", "16751..19390", "STM0272", "NP_459269"], ["Cluster_3181", "VFG041097", "99.82", "543/543", "NODE_2_length_560390_cov_24.398156", "19490..20032", "STM0273", "NP_459270"], ["Cluster_903", "VFG041098", "99.60", "1509/1509", "NODE_2_length_560390_cov_24.398156", "20056..21564", "STM0274", "NP_459271"], ["Cluster_3758", "VFG041099", "97.60", "333/333", "NODE_2_length_560390_cov_24.398156", "22144..22476", "STM0275", "NP_459273"], ["Cluster_3352", "VFG041100", "91.58", "487/486", "NODE_2_length_560390_cov_24.398156", "22728..23213", "STM0276", "NP_459274"], ["Cluster_3198", "VFG041104", "99.25", "537/537", "NODE_2_length_560390_cov_24.398156", "23280..23816", "STM0280", "NP_459278"], ["Cluster_1133", "VFG041105", "98.51", "1344/1344", "NODE_2_length_560390_cov_24.398156", "23820..25163", "STM0281", "NP_459279"], ["Cluster_1213", "VFG041106", "99.23", "1305/1305", "NODE_2_length_560390_cov_24.398156", "25160..26464", "STM0282", "NP_459280"], ["Cluster_2497", "VFG041107", "97.67", "774/774", "NODE_2_length_560390_cov_24.398156", "26469..27242", "STM0283", "NP_459281"], ["Cluster_3517", "VFG041108", "99.54", "432/432", "NODE_2_length_560390_cov_24.398156", "27445..27876", "STM0284", "NP_459282"], ["Cluster_111", "VFG041109", "98.92", "3870/3870", "NODE_2_length_560390_cov_24.398156", "27910..31779", "STM0285", "NP_459283"], ["Cluster_2439", "VFG041110", "97.13", "802/789", "NODE_2_length_560390_cov_24.398156", "31779..32580", "STM0286", "NP_459284"], ["Cluster_3558", "VFG041111", "99.76", "417/417", "NODE_2_length_560390_cov_24.398156", "32577..32993", "STM0287", "NP_459285"], ["Cluster_3231", "VFG041112", "99.81", "522/522", "NODE_2_length_560390_cov_24.398156", "33017..33538", "tlde1", "NP_459286"], ["Cluster_424", "VFG041113", "98.90", "2190/2190", "NODE_2_length_560390_cov_24.398156", "33935..36124", "STM0289", "NP_459287"], ["Cluster_3465", "VFG041114", "99.78", "447/447", "NODE_2_length_560390_cov_24.398156", "36148..36594", "STM0290", "NP_459288"], ["Cluster_1095", "VFG042066", "99.42", "1374/1374", "NODE_4_length_417204_cov_18.909933", "238517..239890", "steC", "NP_460656"], ["Cluster_2938", "VFG042067", "97.31", "633/633", "NODE_4_length_417204_cov_18.909933", "117936..118568", "steA", "NP_460542"], ["Cluster_2004", "VFG042068", "99.48", "960/960", "NODE_8_length_384553_cov_21.121888", "176887..177846", "sopD2", "NP_459947"], ["Cluster_3604", "VFG042214", "99.75", "402/402", "NODE_4_length_417204_cov_18.909933", "167979..168380", "steB", "NP_448047"], ["Cluster_3160", "VFG050219", "100.00", "549/549", "NODE_7_length_384700_cov_20.055381", "44338..44886", "ssaX", "NP_460375"]]
hits_plasmidfinder	[["Cluster_72", "IncFII(S)_1", "97.71", "262/262", "NODE_15_length_74785_cov_45.761044", "18008..18267", "", "CP000858"], ["Cluster_61", "IncX1_1", "98.66", "374/374", "NODE_15_length_74785_cov_45.761044", "53862..54235", "", "EU370913"]]
spifinder_fastq	[{'SPI': 'SPI-12', 'identity': 98.85, 'HSP_length/template_length': '11091/11075', 'accession': 'NC_006905', 'insertion_site': 'tRNA-pro', 'category_function': '8'}, {'SPI': 'SPI-13', 'identity': 99.5, 'HSP_length/template_length': '404/404', 'accession': 'AY956833', 'insertion_site': 'tRNA-pheV', 'category_function': '11'}, {'SPI': 'SPI-14', 'identity': 99.8, 'HSP_length/template_length': '501/501', 'accession': 'AY956835', 'insertion_site': 'Not_published', 'category_function': '12'}, {'SPI': 'SPI-14', 'identity': 99.77, 'HSP_length/template_length': '441/441', 'accession': 'AY956836', 'insertion_site': 'Not_published', 'category_function': '13'}, {'SPI': 'SPI-3', 'identity': 99.05, 'HSP_length/template_length': '738/738', 'accession': 'AJ000509', 'insertion_site': 'tRNA_selC', 'category_function': '15'}, {'SPI': 'SPI-5', 'identity': 99.33, 'HSP_length/template_length': '9750/9739', 'accession': 'AF060858', 'insertion_site': 'tRNA-serT', 'category_function': '18'}, {'SPI': 'SPI-9', 'identity': 97.0, 'HSP_length/template_length': '15698/15696', 'accession': 'NC_003198', 'insertion_site': 'Not_published', 'category_function': '22'}, {'SPI': 'CS54_island', 'identity': 96.7, 'HSP_length/template_length': '25280/25252', 'accession': 'AF140550', 'insertion_site': 'xseA-yfgK', 'category_function': '29'}, {'SPI': 'SPI-1', 'identity': 99.28, 'HSP_length/template_length': '412/415', 'accession': 'AY956825', 'insertion_site': 'Not_published', 'category_function': '5'}, {'SPI': 'SPI-10', 'identity': 97.83, 'HSP_length/template_length': '547/554', 'accession': 'AY956839', 'insertion_site': 'Not_published', 'category_function': '28'}, {'SPI': 'SPI-6', 'identity': 99.57, 'HSP_length/template_length': '5780/5780', 'accession': 'AF376036', 'insertion_site': 'tRNA-pheV', 'category_function': '24'}, {'SPI': 'SPI-1', 'identity': 98.98, 'HSP_length/template_length': '3144/3141', 'accession': 'U16303', 'insertion_site': 'fhlA/mutS', 'category_function': '5'}]
spifinder_fasta	[{'SPI': 'SPI-9', 'identity': 98.44, 'HSP_length/template_length': '12647/15696', 'contig_name': 'NODE_1_length_679957_cov_27.040222', 'positions_in_contig': '29316..41957', 'accession': 'NC_003198', 'insertion_site': 'Not_published', 'category_function': '22'}, {'SPI': 'C63PI', 'identity': 99.08, 'HSP_length/template_length': '4000/4000', 'contig_name': 'NODE_1_length_679957_cov_27.040222', 'positions_in_contig': '169930..173928', 'accession': 'AF128999', 'insertion_site': 'fhlA', 'category_function': '1'}, {'SPI': 'SPI-1', 'identity': 98.92, 'HSP_length/template_length': '3155/3141', 'contig_name': 'NODE_1_length_679957_cov_27.040222', 'positions_in_contig': '213690..216842', 'accession': 'U16303', 'insertion_site': 'fhlA/mutS', 'category_function': '5'}, {'SPI': 'SPI-1', 'identity': 99.67, 'HSP_length/template_length': '2705/2705', 'contig_name': 'NODE_1_length_679957_cov_27.040222', 'positions_in_contig': '174504..177207', 'accession': 'AF148689', 'insertion_site': 'fhlA/mutS', 'category_function': '5'}, {'SPI': 'SPI-1', 'identity': 100.0, 'HSP_length/template_length': '470/470', 'contig_name': 'NODE_1_length_679957_cov_27.040222', 'positions_in_contig': '190675..191144', 'accession': 'AY956824', 'insertion_site': 'Not_published', 'category_function': '5'}, {'SPI': 'SPI-1', 'identity': 99.77, 'HSP_length/template_length': '440/440', 'contig_name': 'NODE_1_length_679957_cov_27.040222', 'positions_in_contig': '179857..180296', 'accession': 'AY956822', 'insertion_site': 'Not_published', 'category_function': '5'}, {'SPI': 'SPI-1', 'identity': 99.77, 'HSP_length/template_length': '430/430', 'contig_name': 'NODE_1_length_679957_cov_27.040222', 'positions_in_contig': '181967..182396', 'accession': 'AY956823', 'insertion_site': 'Not_published', 'category_function': '5'}, {'SPI': 'SPI-1', 'identity': 100.0, 'HSP_length/template_length': '415/415', 'contig_name': 'NODE_1_length_679957_cov_27.040222', 'positions_in_contig': '202462..202876', 'accession': 'AY956825', 'insertion_site': 'Not_published', 'category_function': '5'}, {'SPI': 'SPI-13', 'identity': 100.0, 'HSP_length/template_length': '341/341', 'contig_name': 'NODE_1_length_679957_cov_27.040222', 'positions_in_contig': '443519..443859', 'accession': 'AY956834', 'insertion_site': 'tRNA-pheV', 'category_function': '10'}, {'SPI': 'SPI-13', 'identity': 99.41, 'HSP_length/template_length': '338/338', 'contig_name': 'NODE_1_length_679957_cov_27.040222', 'positions_in_contig': '445938..446275', 'accession': 'AY956832', 'insertion_site': 'tRNA-pheV', 'category_function': '9'}, {'SPI': 'SPI-1', 'identity': 98.07, 'HSP_length/template_length': '259/257', 'contig_name': 'NODE_1_length_679957_cov_27.040222', 'positions_in_contig': '203756..204014', 'accession': 'JN982040', 'insertion_site': '-', 'category_function': '27'}, {'SPI': 'SPI-4', 'identity': 98.89, 'HSP_length/template_length': '26700/26698', 'contig_name': 'NODE_3_length_478681_cov_28.954388', 'positions_in_contig': '63057..89755', 'accession': 'NC_006905', 'insertion_site': 'ssb-soxSR', 'category_function': '17'}, {'SPI': 'SPI-10', 'identity': 99.28, 'HSP_length/template_length': '553/554', 'contig_name': 'NODE_3_length_478681_cov_28.954388', 'positions_in_contig': '302576..303128', 'accession': 'AY956839', 'insertion_site': 'Not_published', 'category_function': '28'}, {'SPI': 'SPI-3', 'identity': 98.88, 'HSP_length/template_length': '1514/1514', 'contig_name': 'NODE_5_length_406021_cov_29.954360', 'positions_in_contig': '57049..58562', 'accession': 'Y13864', 'insertion_site': 'tRNA_selC', 'category_function': '15'}, {'SPI': 'SPI-3', 'identity': 99.05, 'HSP_length/template_length': '738/738', 'contig_name': 'NODE_5_length_406021_cov_29.954360', 'positions_in_contig': '40355..41092', 'accession': 'AJ000509', 'insertion_site': 'tRNA_selC', 'category_function': '15'}, {'SPI': 'CS54_island', 'identity': 98.24, 'HSP_length/template_length': '20267/25252', 'contig_name': 'NODE_6_length_400964_cov_22.684483', 'positions_in_contig': '284779..305019', 'accession': 'AF140550', 'insertion_site': 'xseA-yfgK', 'category_function': '29'}, {'SPI': 'SPI-2', 'identity': 98.96, 'HSP_length/template_length': '4633/4631', 'contig_name': 'NODE_7_length_384700_cov_20.055381', 'positions_in_contig': '71639..76266', 'accession': 'X99945', 'insertion_site': 'tRNA-valV', 'category_function': '14'}, {'SPI': 'SPI-2', 'identity': 100.0, 'HSP_length/template_length': '642/642', 'contig_name': 'NODE_7_length_384700_cov_20.055381', 'positions_in_contig': '45571..46212', 'accession': 'AY956827', 'insertion_site': 'tRNA-valV', 'category_function': '14'}, {'SPI': 'SPI-2', 'identity': 99.22, 'HSP_length/template_length': '637/637', 'contig_name': 'NODE_7_length_384700_cov_20.055381', 'positions_in_contig': '38266..38902', 'accession': 'AY956826', 'insertion_site': 'tRNA-valV', 'category_function': '14'}, {'SPI': 'SPI-2', 'identity': 100.0, 'HSP_length/template_length': '425/425', 'contig_name': 'NODE_7_length_384700_cov_20.055381', 'positions_in_contig': '47813..48237', 'accession': 'AY956829', 'insertion_site': 'tRNA-valV', 'category_function': '14'}, {'SPI': 'SPI-2', 'identity': 100.0, 'HSP_length/template_length': '395/396', 'contig_name': 'NODE_7_length_384700_cov_20.055381', 'positions_in_contig': '41185..41579', 'accession': 'AY956828', 'insertion_site': 'tRNA-valV', 'category_function': '14'}, {'SPI': 'SPI-2', 'identity': 100.0, 'HSP_length/template_length': '384/384', 'contig_name': 'NODE_7_length_384700_cov_20.055381', 'positions_in_contig': '55469..55852', 'accession': 'JN673269', 'insertion_site': '-', 'category_function': '23'}, {'SPI': 'Not_named', 'identity': 100.0, 'HSP_length/template_length': '330/330', 'contig_name': 'NODE_7_length_384700_cov_20.055381', 'positions_in_contig': '52785..53114', 'accession': 'JQ071613', 'insertion_site': '-', 'category_function': '26'}, {'SPI': 'SPI-5', 'identity': 99.45, 'HSP_length/template_length': '9751/9739', 'contig_name': 'NODE_8_length_384553_cov_21.121888', 'positions_in_contig': '296582..306328', 'accession': 'AF060858', 'insertion_site': 'tRNA-serT', 'category_function': '18'}, {'SPI': 'SPI-14', 'identity': 99.8, 'HSP_length/template_length': '501/501', 'contig_name': 'NODE_8_length_384553_cov_21.121888', 'positions_in_contig': '93582..94082', 'accession': 'AY956835', 'insertion_site': 'Not_published', 'category_function': '12'}, {'SPI': 'SPI-14', 'identity': 99.77, 'HSP_length/template_length': '441/441', 'contig_name': 'NODE_8_length_384553_cov_21.121888', 'positions_in_contig': '99163..99603', 'accession': 'AY956836', 'insertion_site': 'Not_published', 'category_function': '13'}]
genotyphi_ESBLs_susceptibility	S
genotyphi_ESBLs_variants	-
genotyphi_ESBLs_genes	-
genotyphi_IncFIAHI1_susceptibility	S
genotyphi_IncFIAHI1_variants	-
genotyphi_IncFIAHI1_genes	-
genotyphi_IncHI1A_susceptibility	S
genotyphi_IncHI1A_variants	-
genotyphi_IncHI1A_genes	-
genotyphi_IncHI1BR27_susceptibility	S
genotyphi_IncHI1BR27_variants	-
genotyphi_IncHI1BR27_genes	-
genotyphi_IncY_susceptibility	S
genotyphi_IncY_variants	-
genotyphi_IncY_genes	-
genotyphi_aminoglycosides_susceptibility	S
genotyphi_aminoglycosides_variants	-
genotyphi_aminoglycosides_genes	-
genotyphi_azithromycin_susceptibility	S
genotyphi_azithromycin_variants	-
genotyphi_azithromycin_genes	-
genotyphi_beta-lactamases_susceptibility	S
genotyphi_beta-lactamases_variants	-
genotyphi_beta-lactamases_genes	-
genotyphi_macrolides_susceptibility	S
genotyphi_macrolides_variants	-
genotyphi_macrolides_genes	-
genotyphi_pST_susceptibility	S
genotyphi_pST_variants	-
genotyphi_pST_genes	-
genotyphi_phenicols_susceptibility	S
genotyphi_phenicols_variants	-
genotyphi_phenicols_genes	-
genotyphi_quinolones_susceptibility	S
genotyphi_quinolones_variants	-
genotyphi_quinolones_genes	-
genotyphi_sulfonamides_susceptibility	S
genotyphi_sulfonamides_variants	-
genotyphi_sulfonamides_genes	-
genotyphi_tetracyclines_susceptibility	S
genotyphi_tetracyclines_variants	-
genotyphi_tetracyclines_genes	-
genotyphi_trimethoprims_susceptibility	S
genotyphi_trimethoprims_variants	-
genotyphi_trimethoprims_genes	-
genotyphi_z66_susceptibility	S
genotyphi_z66_variants	-
genotyphi_z66_genes	-
genotyphi_phylo_group	Salmonella_enterica
genotyphi_species	Unknown
genotyphi_lineage	Unknown
genotyphi_phylo_group_per_covg	90.133
genotyphi_species_per_covg	-1
genotyphi_lineage_per_covg	-1
genotyphi_phylo_group_depth	65
genotyphi_species_depth	-1
genotyphi_lineage_depth	-1
sistr_hits_serotype_h1_fliC	fliC,g;p,100.00,1518/1518,NODE_12_length_109708_cov_20.296758,28250...29767
sistr_hits_serotype_h2_fljB
sistr_hits_serotype_o_wzx	wzx,D1,100.00,1299/1299,NODE_9_length_261638_cov_21.226090,168080...169378
sistr_hits_serotype_o_wzy
sistr_serotype_antigenic_formula	1,9,12[Vi]:g,p:-
sistr_serotype_serogroup	D1
sistr_serotype_concensus	Dublin
seqsero2_kmer O antigen prediction:	9
seqsero2_kmer H1 antigen prediction(fliC):	g,p
seqsero2_kmer H2 antigen prediction(fljB):	-
seqsero2_kmer Predicted identification:	Salmonella enterica subspecies enterica (subspecies I)
seqsero2_kmer Predicted antigenic profile:	9:g,p:-
seqsero2_kmer Predicted serotype:	Dublin
seqsero2_allele O antigen prediction:	9
seqsero2_allele H1 antigen prediction(fliC):	g,p
seqsero2_allele H2 antigen prediction(fljB):	-
seqsero2_allele Predicted identification:	Salmonella enterica subspecies enterica (subspecies I)
seqsero2_allele Predicted antigenic profile:	9:g,p:-
seqsero2_allele Predicted serotype:	Dublin
seqsero2_kmerread O antigen prediction:	9
seqsero2_kmerread H1 antigen prediction(fliC):	g,p
seqsero2_kmerread H2 antigen prediction(fljB):	-
seqsero2_kmerread Predicted identification:	Salmonella enterica subspecies enterica (subspecies I)
seqsero2_kmerread Predicted antigenic profile:	9:g,p:-
seqsero2_kmerread Predicted serotype:	Dublin
mlst-ST	10
mlst-percent_detected	100.0
mlst-aroC	aroC,5,100.00,501/501,DNA
mlst-dnaN	dnaN,2,100.00,501/501,DNA
mlst-hemD	hemD,3,100.00,432/432,DNA
mlst-hisD	hisD,6,100.00,501/501,DNA
mlst-purE	purE,5,100.00,399/399,DNA
mlst-sucA	sucA,5,100.00,501/501,DNA
mlst-thrA	thrA,10,100.00,501/501,DNA
cgmlst-SC0831	SC0831,1,100.00,129/129,DNA
cgmlst-SEN0401	SEN0401,1,100.00,981/981,DNA
cgmlst-SNSL254_A1382	SNSL254_A1382,2,100.00,117/117,DNA
cgmlst-SPAB_04503	SPAB_04503,4,100.00,108/108,DNA
cgmlst-STM0834	STM0834,41,100.00,1581/1581,DNA
cgmlst-STM0942	STM0942,38,100.00,1947/1947,DNA
cgmlst-STM1092	STM1092,1,100.00,171/171,DNA
cgmlst-STM1940	STM1940,41,100.00,1440/1440,DNA
cgmlst-STM2666	STM2666,2,100.00,48/48,DNA
cgmlst-STM2932	STM2932,1,100.00,357/357,DNA
cgmlst-STM3012	STM3012,40,100.00,1023/1023,DNA
cgmlst-STM3624	STM3624,26,100.00,1680/1680,DNA
cgmlst-STM3624A	STM3624A,1,100.00,141/141,DNA
cgmlst-STM4351	STM4351,1210,100.00,859/859,DNA
cgmlst-STMMW_00001	STMMW_00001,1,100.00,87/87,DNA
cgmlst-STMMW_00011	STMMW_00011,40,100.00,2463/2463,DNA
cgmlst-STMMW_00021	STMMW_00021,32,100.00,930/930,DNA
cgmlst-STMMW_00031	STMMW_00031,192,100.00,1287/1287,DNA
cgmlst-STMMW_00041	STMMW_00041,31,100.00,774/774,DNA
cgmlst-STMMW_00051	STMMW_00051,35,100.00,1431/1431,DNA
cgmlst-STMMW_00061	STMMW_00061,26,100.00,954/954,DNA
cgmlst-STMMW_00071	STMMW_00071,23,100.00,591/591,DNA
cgmlst-STMMW_00081	STMMW_00081,22,100.00,567/567,DNA
cgmlst-STMMW_00091	STMMW_00091,24,100.00,714/714,DNA
cgmlst-STMMW_00101	STMMW_00101,17,100.00,405/405,DNA
cgmlst-STMMW_00111	STMMW_00111,36,100.00,1917/1917,DNA
cgmlst-STMMW_00121	STMMW_00121,5,100.00,1140/1140,DNA
cgmlst-STMMW_00131	STMMW_00131,28,100.00,948/948,DNA
cgmlst-STMMW_00141	STMMW_00141,1,100.00,345/345,DNA
cgmlst-STMMW_00151	STMMW_00151,1,100.00,534/534,DNA
cgmlst-STMMW_00161	STMMW_00161,17,100.00,444/444,DNA
cgmlst-STMMW_00171	STMMW_00171,41,100.00,2100/2100,DNA
cgmlst-STMMW_00191	STMMW_00191,21,100.00,705/705,DNA
cgmlst-STMMW_00361	STMMW_00361,36,100.00,1494/1494,DNA
cgmlst-STMMW_00401	STMMW_00401,39,100.00,1167/1167,DNA
cgmlst-STMMW_00441	STMMW_00441,1,100.00,264/264,DNA
cgmlst-STMMW_00451	STMMW_00451,9,100.00,216/216,DNA
cgmlst-STMMW_00461	STMMW_00461,32,100.00,939/939,DNA
cgmlst-STMMW_00471	STMMW_00471,39,100.00,2835/2835,DNA
cgmlst-STMMW_00481	STMMW_00481,25,100.00,501/501,DNA
cgmlst-STMMW_00491	STMMW_00491,16,100.00,450/450,DNA
cgmlst-STMMW_00501	STMMW_00501,35,100.00,951/951,DNA
cgmlst-STMMW_00651	STMMW_00651,35,100.00,822/822,DNA
cgmlst-STMMW_00681	STMMW_00681,40,100.00,1149/1149,DNA
cgmlst-STMMW_00701	STMMW_00701,11,100.00,396/396,DNA
cgmlst-STMMW_00721	STMMW_00721,500,100.00,786/786,DNA
cgmlst-STMMW_00731	STMMW_00731,649,100.00,1554/1554,DNA
cgmlst-STMMW_00741	STMMW_00741,576,100.00,1218/1218,DNA
cgmlst-STMMW_00751	STMMW_00751,26,100.00,1143/1143,DNA
cgmlst-STMMW_00761	STMMW_00761,39,100.00,1518/1518,DNA
cgmlst-STMMW_00781	STMMW_00781,37,100.00,942/942,DNA
cgmlst-STMMW_00791	STMMW_00791,30,100.00,1287/1287,DNA
cgmlst-STMMW_00801	STMMW_00801,11,100.00,288/288,DNA
cgmlst-STMMW_00821	STMMW_00821,1,100.00,264/264,DNA
cgmlst-STMMW_00901	STMMW_00901,21,100.00,531/531,DNA
cgmlst-STMMW_00911	STMMW_00911,32,100.00,1863/1863,DNA
cgmlst-STMMW_00921	STMMW_00921,23,100.00,480/480,DNA
cgmlst-STMMW_00931	STMMW_00931,24,100.00,849/849,DNA
cgmlst-STMMW_00941	STMMW_00941,2,100.00,378/378,DNA
cgmlst-STMMW_00951	STMMW_00951,22,100.00,822/822,DNA
cgmlst-STMMW_00961	STMMW_00961,14,100.00,990/990,DNA
cgmlst-STMMW_00971	STMMW_00971,27,100.00,1287/1287,DNA
cgmlst-STMMW_00981	STMMW_00981,644,100.00,2361/2361,DNA
cgmlst-STMMW_00991	STMMW_00991,23,100.00,813/813,DNA
cgmlst-STMMW_01001	STMMW_01001,26,100.00,660/660,DNA
cgmlst-STMMW_01011	STMMW_01011,39,100.00,2907/2907,DNA
cgmlst-STMMW_01021	STMMW_01021,41,100.00,2352/2352,DNA
cgmlst-STMMW_01071	STMMW_01071,1227,100.00,696/696,DNA
cgmlst-STMMW_01081	STMMW_01081,38,100.00,1503/1503,DNA
cgmlst-STMMW_01091	STMMW_01091,679,100.00,1709/1709,DNA
cgmlst-STMMW_01101	STMMW_01101,23,100.00,846/846,DNA
cgmlst-STMMW_01111	STMMW_01111,20,100.00,768/768,DNA
cgmlst-STMMW_01131	STMMW_01131,40,100.00,1611/1611,DNA
cgmlst-STMMW_01141	STMMW_01141,25,100.00,984/984,DNA
cgmlst-STMMW_01151	STMMW_01151,26,100.00,1659/1659,DNA
cgmlst-STMMW_01152	STMMW_01152,6,100.00,123/123,DNA
cgmlst-STMMW_01161	STMMW_01161,13,100.00,606/606,DNA
cgmlst-STMMW_01171	STMMW_01171,28,100.00,1401/1401,DNA
cgmlst-STMMW_01181	STMMW_01181,32,100.00,1092/1092,DNA
cgmlst-STMMW_01191	STMMW_01191,40,100.00,1572/1572,DNA
cgmlst-STMMW_01201	STMMW_01201,1,100.00,87/87,DNA
cgmlst-STMMW_01211	STMMW_01211,34,100.00,945/945,DNA
cgmlst-STMMW_01221	STMMW_01221,222,100.00,1662/1662,DNA
cgmlst-STMMW_01231	STMMW_01231,18,100.00,492/492,DNA
cgmlst-STMMW_01241	STMMW_01241,24,100.00,1005/1005,DNA
cgmlst-STMMW_01251	STMMW_01251,1,100.00,459/459,DNA
cgmlst-STMMW_01261	STMMW_01261,22,100.00,942/942,DNA
cgmlst-STMMW_01271	STMMW_01271,9,100.00,366/366,DNA
cgmlst-STMMW_01291	STMMW_01291,7,100.00,1488/1488,DNA
cgmlst-STMMW_01301	STMMW_01301,7,100.00,1359/1359,DNA
cgmlst-STMMW_01311	STMMW_01311,7,100.00,1083/1083,DNA
cgmlst-STMMW_01321	STMMW_01321,26,100.00,1317/1317,DNA
cgmlst-STMMW_01331	STMMW_01331,31,100.00,1158/1158,DNA
cgmlst-STMMW_01341	STMMW_01341,543,100.00,1068/1068,DNA
cgmlst-STMMW_01351	STMMW_01351,26,100.00,1476/1476,DNA
cgmlst-STMMW_01361	STMMW_01361,36,100.00,858/858,DNA
cgmlst-STMMW_01371	STMMW_01371,25,100.00,831/831,DNA
cgmlst-STMMW_01381	STMMW_01381,25,100.00,1263/1263,DNA
cgmlst-STMMW_01391	STMMW_01391,38,100.00,1152/1152,DNA
cgmlst-STMMW_01401	STMMW_01401,20,100.00,918/918,DNA
cgmlst-STMMW_01411	STMMW_01411,1,100.00,429/429,DNA
cgmlst-STMMW_01421	STMMW_01421,42,100.00,2706/2706,DNA
cgmlst-STMMW_01431	STMMW_01431,14,100.00,396/396,DNA
cgmlst-STMMW_01441	STMMW_01441,2,100.00,192/192,DNA
cgmlst-STMMW_01451	STMMW_01451,20,100.00,744/744,DNA
cgmlst-STMMW_01461	STMMW_01461,18,100.00,621/621,DNA
cgmlst-STMMW_01471	STMMW_01471,26,100.00,1044/1044,DNA
cgmlst-STMMW_01481	STMMW_01481,38,100.00,1203/1203,DNA
cgmlst-STMMW_01491	STMMW_01491,628,100.00,1386/1386,DNA
cgmlst-STMMW_01501	STMMW_01501,1,100.00,438/438,DNA
cgmlst-STMMW_01511	STMMW_01511,385,100.00,747/747,DNA
cgmlst-STMMW_01521	STMMW_01521,18,100.00,564/564,DNA
cgmlst-STMMW_01531	STMMW_01531,26,100.00,855/855,DNA
cgmlst-STMMW_01541	STMMW_01541,14,100.00,951/951,DNA
cgmlst-STMMW_01551	STMMW_01551,40,100.00,1407/1407,DNA
cgmlst-STMMW_01571	STMMW_01571,7,100.00,765/765,DNA
cgmlst-STMMW_01581	STMMW_01581,218,100.00,2664/2664,DNA
cgmlst-STMMW_01591	STMMW_01591,41,100.00,1890/1890,DNA
cgmlst-STMMW_01601	STMMW_01601,36,100.00,1425/1425,DNA
cgmlst-STMMW_01611	STMMW_01611,24,100.00,285/285,DNA
cgmlst-STMMW_01621	STMMW_01621,32,100.00,792/792,DNA
cgmlst-STMMW_01641	STMMW_01641,42,100.00,2598/2598,DNA
cgmlst-STMMW_01661	STMMW_01661,1,100.00,363/363,DNA
cgmlst-STMMW_01711	STMMW_01711,27,100.00,795/795,DNA
cgmlst-STMMW_01721	STMMW_01721,37,100.00,861/861,DNA
cgmlst-STMMW_01731	STMMW_01731,19,100.00,348/348,DNA
cgmlst-STMMW_01741	STMMW_01741,38,100.00,1611/1611,DNA
cgmlst-STMMW_01751	STMMW_01751,226,100.00,2391/2391,DNA
cgmlst-STMMW_01761	STMMW_01761,5,100.00,537/537,DNA
cgmlst-STMMW_01771	STMMW_01771,23,100.00,663/663,DNA
cgmlst-STMMW_01781	STMMW_01781,10,100.00,927/927,DNA
cgmlst-STMMW_01791	STMMW_01791,26,100.00,771/771,DNA
cgmlst-STMMW_01841	STMMW_01841,25,100.00,441/441,DNA
cgmlst-STMMW_01851	STMMW_01851,29,100.00,1230/1230,DNA
cgmlst-STMMW_01861	STMMW_01861,22,100.00,381/381,DNA
cgmlst-STMMW_01881	STMMW_01881,38,100.00,792/792,DNA
cgmlst-STMMW_01891	STMMW_01891,31,100.00,480/480,DNA
cgmlst-STMMW_01901	STMMW_01901,38,100.00,1419/1419,DNA
cgmlst-STMMW_01911	STMMW_01911,40,100.00,942/942,DNA
cgmlst-STMMW_01921	STMMW_01921,1,100.00,456/456,DNA
cgmlst-STMMW_01931	STMMW_01931,34,100.00,705/705,DNA
cgmlst-STMMW_01941	STMMW_01941,10,100.00,531/531,DNA
cgmlst-STMMW_01951	STMMW_01951,782,100.00,2475/2475,DNA
cgmlst-STMMW_01961	STMMW_01961,42,100.00,2523/2523,DNA
cgmlst-STMMW_01971	STMMW_01971,40,100.00,2190/2190,DNA
cgmlst-STMMW_01981	STMMW_01981,38,100.00,798/798,DNA
cgmlst-STMMW_01991	STMMW_01991,116,100.00,891/891,DNA
cgmlst-STMMW_02081	STMMW_02081,40,100.00,1281/1281,DNA
cgmlst-STMMW_02091	STMMW_02091,38,100.00,1422/1422,DNA
cgmlst-STMMW_02101	STMMW_02101,4,100.00,390/390,DNA
cgmlst-STMMW_02121	STMMW_02121,39,100.00,801/801,DNA
cgmlst-STMMW_02131	STMMW_02131,35,100.00,699/699,DNA
cgmlst-STMMW_02141	STMMW_02141,39,100.00,1518/1518,DNA
cgmlst-STMMW_02151	STMMW_02151,27,100.00,1428/1428,DNA
cgmlst-STMMW_02171	STMMW_02171,2,100.00,387/387,DNA
cgmlst-STMMW_02181	STMMW_02181,590,100.00,1302/1302,DNA
cgmlst-STMMW_02191	STMMW_02191,34,100.00,825/825,DNA
cgmlst-STMMW_02201	STMMW_02201,43,100.00,2673/2673,DNA
cgmlst-STMMW_02211	STMMW_02211,9,100.00,795/795,DNA
cgmlst-STMMW_02221	STMMW_02221,7,100.00,726/726,DNA
cgmlst-STMMW_02231	STMMW_02231,26,100.00,852/852,DNA
cgmlst-STMMW_02241	STMMW_02241,14,100.00,726/726,DNA
cgmlst-STMMW_02251	STMMW_02251,16,100.00,558/558,DNA
cgmlst-STMMW_02261	STMMW_02261,22,100.00,1197/1197,DNA
cgmlst-STMMW_02271	STMMW_02271,15,100.00,759/759,DNA
cgmlst-STMMW_02281	STMMW_02281,31,100.00,858/858,DNA
cgmlst-STMMW_02291	STMMW_02291,35,100.00,1353/1353,DNA
cgmlst-STMMW_02301	STMMW_02301,39,100.00,2415/2415,DNA
cgmlst-STMMW_02311	STMMW_02311,5,100.00,486/486,DNA
cgmlst-STMMW_02321	STMMW_02321,11,100.00,1026/1026,DNA
cgmlst-STMMW_02331	STMMW_02331,20,100.00,456/456,DNA
cgmlst-STMMW_02341	STMMW_02341,28,100.00,789/789,DNA
cgmlst-STMMW_02351	STMMW_02351,28,100.00,1149/1149,DNA
cgmlst-STMMW_02361	STMMW_02361,22,100.00,597/597,DNA
cgmlst-STMMW_02371	STMMW_02371,225,100.00,3483/3483,DNA
cgmlst-STMMW_02381	STMMW_02381,361,100.00,960/960,DNA
cgmlst-STMMW_02411	STMMW_02411,18,100.00,390/390,DNA
cgmlst-STMMW_02431	STMMW_02431,7,100.00,261/261,DNA
cgmlst-STMMW_02441	STMMW_02441,1,100.00,219/219,DNA
cgmlst-STMMW_02451	STMMW_02451,20,100.00,546/546,DNA
cgmlst-STMMW_02461	STMMW_02461,21,100.00,423/423,DNA
cgmlst-STMMW_02471	STMMW_02471,10,100.00,702/702,DNA
cgmlst-STMMW_02481	STMMW_02481,28,100.00,1719/1719,DNA
cgmlst-STMMW_02491	STMMW_02491,23,100.00,708/708,DNA
cgmlst-STMMW_02501	STMMW_02501,13,100.00,405/405,DNA
cgmlst-STMMW_02511	STMMW_02511,25,100.00,816/816,DNA
cgmlst-STMMW_02521	STMMW_02521,26,100.00,654/654,DNA
cgmlst-STMMW_02531	STMMW_02531,452,100.00,1032/1032,DNA
cgmlst-STMMW_02532	STMMW_02532,30,100.00,567/567,DNA
cgmlst-STMMW_02571	STMMW_02571,30,100.00,780/780,DNA
cgmlst-STMMW_02591	STMMW_02591,403,100.00,1368/1368,DNA
cgmlst-STMMW_02601	STMMW_02601,25,100.00,756/756,DNA
cgmlst-STMMW_02611	STMMW_02611,388,100.00,723/723,DNA
cgmlst-STMMW_02621	STMMW_02621,10,100.00,468/468,DNA
cgmlst-STMMW_02631	STMMW_02631,33,100.00,732/732,DNA
cgmlst-STMMW_03171	STMMW_03171,354,100.00,720/720,DNA
cgmlst-STMMW_03181	STMMW_03181,1,100.00,408/408,DNA
cgmlst-STMMW_03191	STMMW_03191,5,100.00,768/768,DNA
cgmlst-STMMW_03201	STMMW_03201,751,100.00,2445/2445,DNA
cgmlst-STMMW_03211	STMMW_03211,27,100.00,579/579,DNA
cgmlst-STMMW_03221	STMMW_03221,27,100.00,768/768,DNA
cgmlst-STMMW_03231	STMMW_03231,34,100.00,741/741,DNA
cgmlst-STMMW_03241	STMMW_03241,43,100.00,1056/1056,DNA
cgmlst-STMMW_03271	STMMW_03271,31,100.00,1458/1458,DNA
cgmlst-STMMW_03281	STMMW_03281,4,100.00,459/459,DNA
cgmlst-STMMW_03291	STMMW_03291,30,100.00,1245/1245,DNA
cgmlst-STMMW_03301	STMMW_03301,4,100.00,402/402,DNA
cgmlst-STMMW_03311	STMMW_03311,27,100.00,1053/1053,DNA
cgmlst-STMMW_03321	STMMW_03321,26,100.00,1104/1104,DNA
cgmlst-STMMW_03331	STMMW_03331,28,100.00,1248/1248,DNA
cgmlst-STMMW_04261	STMMW_04261,36,100.00,1254/1254,DNA
cgmlst-STMMW_04271	STMMW_04271,38,100.00,1959/1959,DNA
cgmlst-STMMW_04281	STMMW_04281,2889,100.00,2973/2973,DNA
cgmlst-STMMW_04291	STMMW_04291,12,100.00,102/102,DNA
cgmlst-STMMW_04301	STMMW_04301,40,100.00,1404/1404,DNA
cgmlst-STMMW_04351	STMMW_04351,34,100.00,633/633,DNA
cgmlst-STMMW_04361	STMMW_04361,13,100.00,276/276,DNA
cgmlst-STMMW_04371	STMMW_04371,44,100.00,1534/1534,DNA
cgmlst-STMMW_04381	STMMW_04381,41,100.00,888/888,DNA
cgmlst-STMMW_04391	STMMW_04391,37,100.00,1170/1170,DNA
cgmlst-STMMW_04401	STMMW_04401,42,100.00,1452/1452,DNA
cgmlst-STMMW_04411	STMMW_04411,43,100.00,1887/1887,DNA
cgmlst-STMMW_04421	STMMW_04421,35,100.00,975/975,DNA
cgmlst-STMMW_04441	STMMW_04441,34,100.00,624/624,DNA
cgmlst-STMMW_04451	STMMW_04451,39,100.00,1131/1131,DNA
cgmlst-STMMW_04461	STMMW_04461,40,100.00,1119/1119,DNA
cgmlst-STMMW_04471	STMMW_04471,36,100.00,1095/1095,DNA
cgmlst-STMMW_04481	STMMW_04481,14,100.00,309/309,DNA
cgmlst-STMMW_04491	STMMW_04491,21,100.00,216/216,DNA
cgmlst-STMMW_04501	STMMW_04501,35,100.00,1095/1095,DNA
cgmlst-STMMW_04511	STMMW_04511,37,100.00,714/714,DNA
cgmlst-STMMW_04521	STMMW_04521,38,100.00,1212/1212,DNA
cgmlst-STMMW_04531	STMMW_04531,1,100.00,267/267,DNA
cgmlst-STMMW_04541	STMMW_04541,6,100.00,321/321,DNA
cgmlst-STMMW_04551	STMMW_04551,37,100.00,1113/1113,DNA
cgmlst-STMMW_04561	STMMW_04561,439,100.00,810/810,DNA
cgmlst-STMMW_04571	STMMW_04571,25,100.00,456/456,DNA
cgmlst-STMMW_04581	STMMW_04581,26,100.00,546/546,DNA
cgmlst-STMMW_04591	STMMW_04591,5,100.00,192/192,DNA
cgmlst-STMMW_04601	STMMW_04601,25,100.00,678/678,DNA
cgmlst-STMMW_04611	STMMW_04611,6,100.00,285/285,DNA
cgmlst-STMMW_04621	STMMW_04621,24,100.00,912/912,DNA
cgmlst-STMMW_04631	STMMW_04631,35,100.00,909/909,DNA
cgmlst-STMMW_04641	STMMW_04641,39,100.00,1173/1173,DNA
cgmlst-STMMW_04651	STMMW_04651,833,100.00,3141/3141,DNA
cgmlst-STMMW_04661	STMMW_04661,41,100.00,1203/1203,DNA
cgmlst-STMMW_04671	STMMW_04671,24,100.00,690/690,DNA
cgmlst-STMMW_04681	STMMW_04681,33,100.00,1296/1296,DNA
cgmlst-STMMW_04691	STMMW_04691,34,100.00,1320/1320,DNA
cgmlst-STMMW_04701	STMMW_04701,26,100.00,1371/1371,DNA
cgmlst-STMMW_04711	STMMW_04711,715,100.00,1818/1818,DNA
cgmlst-STMMW_04721	STMMW_04721,25,100.00,603/603,DNA
cgmlst-STMMW_04731	STMMW_04731,30,100.00,582/582,DNA
cgmlst-STMMW_04741	STMMW_04741,25,100.00,1065/1065,DNA
cgmlst-STMMW_04751	STMMW_04751,34,100.00,1128/1128,DNA
cgmlst-STMMW_04761	STMMW_04761,1,100.00,333/333,DNA
cgmlst-STMMW_04771	STMMW_04771,2173,100.00,1848/1848,DNA
cgmlst-STMMW_04781	STMMW_04781,23,100.00,972/972,DNA
cgmlst-STMMW_04811	STMMW_04811,19,100.00,348/348,DNA
cgmlst-STMMW_04831	STMMW_04831,18,100.00,864/864,DNA
cgmlst-STMMW_04841	STMMW_04841,7,100.00,540/540,DNA
cgmlst-STMMW_04851	STMMW_04851,2,100.00,450/450,DNA
cgmlst-STMMW_04861	STMMW_04861,38,100.00,1104/1104,DNA
cgmlst-STMMW_04871	STMMW_04871,1,100.00,471/471,DNA
cgmlst-STMMW_04881	STMMW_04881,1,100.00,420/420,DNA
cgmlst-STMMW_04901	STMMW_04901,7,100.00,516/516,DNA
cgmlst-STMMW_04911	STMMW_04911,38,100.00,975/975,DNA
cgmlst-STMMW_04921	STMMW_04921,11,100.00,1863/1863,DNA
cgmlst-STMMW_04931	STMMW_04931,6,100.00,900/900,DNA
cgmlst-STMMW_04941	STMMW_04941,1,100.00,243/243,DNA
cgmlst-STMMW_04951	STMMW_04951,26,100.00,1449/1449,DNA
cgmlst-STMMW_05031	STMMW_05031,25,100.00,591/591,DNA
cgmlst-STMMW_05041	STMMW_05041,437,100.00,918/918,DNA
cgmlst-STMMW_05051	STMMW_05051,186,100.00,510/510,DNA
cgmlst-STMMW_05061	STMMW_05061,40,100.00,1350/1350,DNA
cgmlst-STMMW_05101	STMMW_05101,26,100.00,891/891,DNA
cgmlst-STMMW_05111	STMMW_05111,1,100.00,330/330,DNA
cgmlst-STMMW_05121	STMMW_05121,5,100.00,516/516,DNA
cgmlst-STMMW_05131	STMMW_05131,31,100.00,1992/1992,DNA
cgmlst-STMMW_05141	STMMW_05141,21,100.00,957/957,DNA
cgmlst-STMMW_05151	STMMW_05151,25,100.00,1476/1476,DNA
cgmlst-STMMW_05161	STMMW_05161,25,100.00,633/633,DNA
cgmlst-STMMW_05171	STMMW_05171,5,100.00,318/318,DNA
cgmlst-STMMW_05181	STMMW_05181,34,100.00,1299/1299,DNA
cgmlst-STMMW_05191	STMMW_05191,19,100.00,624/624,DNA
cgmlst-STMMW_05201	STMMW_05201,1,100.00,1272/1272,DNA
cgmlst-STMMW_05211	STMMW_05211,35,100.00,2355/2355,DNA
cgmlst-STMMW_05221	STMMW_05221,?,-,-,DNA
cgmlst-STMMW_05231	STMMW_05231,40,100.00,1872/1872,DNA
cgmlst-STMMW_05241	STMMW_05241,8,100.00,375/375,DNA
cgmlst-STMMW_05251	STMMW_05251,6,100.00,399/399,DNA
cgmlst-STMMW_05261	STMMW_05261,22,100.00,696/696,DNA
cgmlst-STMMW_05271	STMMW_05271,36,100.00,1701/1701,DNA
cgmlst-STMMW_05281	STMMW_05281,15,100.00,819/819,DNA
cgmlst-STMMW_05291	STMMW_05291,26,100.00,1056/1056,DNA
cgmlst-STMMW_05301	STMMW_05301,19,100.00,459/459,DNA
cgmlst-STMMW_05311	STMMW_05311,41,100.00,1773/1773,DNA
cgmlst-STMMW_05321	STMMW_05321,39,100.00,1782/1782,DNA
cgmlst-STMMW_05331	STMMW_05331,?,-,-,DNA
cgmlst-STMMW_05341	STMMW_05341,34,100.00,1287/1287,DNA
cgmlst-STMMW_05351	STMMW_05351,21,100.00,861/861,DNA
cgmlst-STMMW_05361	STMMW_05361,2,100.00,570/570,DNA
cgmlst-STMMW_05371	STMMW_05371,20,100.00,390/390,DNA
cgmlst-STMMW_05381	STMMW_05381,2261,100.00,1551/1551,DNA
cgmlst-STMMW_05401	STMMW_05401,1,100.00,141/141,DNA
cgmlst-STMMW_05411	STMMW_05411,8,100.00,471/471,DNA
cgmlst-STMMW_05421	STMMW_05421,26,100.00,552/552,DNA
cgmlst-STMMW_05431	STMMW_05431,1,100.00,219/219,DNA
cgmlst-STMMW_05441	STMMW_05441,1,100.00,375/375,DNA
cgmlst-STMMW_05451	STMMW_05451,39,100.00,3150/3150,DNA
cgmlst-STMMW_05461	STMMW_05461,29,100.00,1194/1194,DNA
cgmlst-STMMW_05471	STMMW_05471,17,100.00,654/654,DNA
cgmlst-STMMW_05481	STMMW_05481,44,100.00,3363/3363,DNA
cgmlst-STMMW_05501	STMMW_05501,5,100.00,168/168,DNA
cgmlst-STMMW_05511	STMMW_05511,30,100.00,516/516,DNA
cgmlst-STMMW_05521	STMMW_05521,24,100.00,378/378,DNA
cgmlst-STMMW_05531	STMMW_05531,10,100.00,552/552,DNA
cgmlst-STMMW_05541	STMMW_05541,25,100.00,1929/1929,DNA
cgmlst-STMMW_05551	STMMW_05551,13,100.00,354/354,DNA
cgmlst-STMMW_05561	STMMW_05561,19,100.00,606/606,DNA
cgmlst-STMMW_05571	STMMW_05571,38,100.00,1899/1899,DNA
cgmlst-STMMW_05581	STMMW_05581,30,100.00,645/645,DNA
cgmlst-STMMW_05591	STMMW_05591,24,100.00,963/963,DNA
cgmlst-STMMW_05601	STMMW_05601,29,100.00,972/972,DNA
cgmlst-STMMW_05611	STMMW_05611,37,100.00,1305/1305,DNA
cgmlst-STMMW_05621	STMMW_05621,41,100.00,1677/1677,DNA
cgmlst-STMMW_05631	STMMW_05631,35,100.00,1221/1221,DNA
cgmlst-STMMW_05651	STMMW_05651,1,100.00,480/480,DNA
cgmlst-STMMW_05681	STMMW_05681,40,100.00,2502/2502,DNA
cgmlst-STMMW_05691	STMMW_05691,18,100.00,417/417,DNA
cgmlst-STMMW_05701	STMMW_05701,29,100.00,453/453,DNA
cgmlst-STMMW_05711	STMMW_05711,33,100.00,918/918,DNA
cgmlst-STMMW_05721	STMMW_05721,36,100.00,678/678,DNA
cgmlst-STMMW_05731	STMMW_05731,37,100.00,780/780,DNA
cgmlst-STMMW_05741	STMMW_05741,184,100.00,855/855,DNA
cgmlst-STMMW_05751	STMMW_05751,36,100.00,771/771,DNA
cgmlst-STMMW_05761	STMMW_05761,1,100.00,615/615,DNA
cgmlst-STMMW_05771	STMMW_05771,32,100.00,687/687,DNA
cgmlst-STMMW_05781	STMMW_05781,45,100.00,2415/2415,DNA
cgmlst-STMMW_05791	STMMW_05791,37,100.00,1134/1134,DNA
cgmlst-STMMW_06011	STMMW_06011,29,100.00,1068/1068,DNA
cgmlst-STMMW_06021	STMMW_06021,9,100.00,510/510,DNA
cgmlst-STMMW_06031	STMMW_06031,40,100.00,723/723,DNA
cgmlst-STMMW_06041	STMMW_06041,8,100.00,495/495,DNA
cgmlst-STMMW_06051	STMMW_06051,591,100.00,1386/1386,DNA
cgmlst-STMMW_06091	STMMW_06091,5,100.00,213/213,DNA
cgmlst-STMMW_06101	STMMW_06101,26,100.00,867/867,DNA
cgmlst-STMMW_06111	STMMW_06111,38,100.00,558/558,DNA
cgmlst-STMMW_06121	STMMW_06121,34,100.00,534/534,DNA
cgmlst-STMMW_06131	STMMW_06131,36,100.00,693/693,DNA
cgmlst-STMMW_06141	STMMW_06141,31,100.00,2613/2613,DNA
cgmlst-STMMW_06151	STMMW_06151,39,100.00,1008/1008,DNA
cgmlst-STMMW_06161	STMMW_06161,24,100.00,519/519,DNA
cgmlst-STMMW_06171	STMMW_06171,35,100.00,633/633,DNA
cgmlst-STMMW_06181	STMMW_06181,30,100.00,723/723,DNA
cgmlst-STMMW_06201	STMMW_06201,159,100.00,597/597,DNA
cgmlst-STMMW_06281	STMMW_06281,35,100.00,855/855,DNA
cgmlst-STMMW_06291	STMMW_06291,38,100.00,1326/1326,DNA
cgmlst-STMMW_06301	STMMW_06301,20,100.00,237/237,DNA
cgmlst-STMMW_06311	STMMW_06311,25,100.00,561/561,DNA
cgmlst-STMMW_06321	STMMW_06321,24,100.00,1176/1176,DNA
cgmlst-STMMW_06331	STMMW_06331,38,100.00,1395/1395,DNA
cgmlst-STMMW_06341	STMMW_06341,36,100.00,1248/1248,DNA
cgmlst-STMMW_06351	STMMW_06351,39,100.00,1987/1987,DNA
cgmlst-STMMW_06431	STMMW_06431,1,100.00,654/654,DNA
cgmlst-STMMW_06441	STMMW_06441,21,100.00,369/369,DNA
cgmlst-STMMW_06451	STMMW_06451,1811,100.00,569/569,DNA
cgmlst-STMMW_06461	STMMW_06461,10,99.71,342/342,DNA
cgmlst-STMMW_06472	STMMW_06472,1,100.00,249/249,DNA
cgmlst-STMMW_06481	STMMW_06481,37,100.00,1119/1119,DNA
cgmlst-STMMW_06501	STMMW_06501,43,100.00,2256/2256,DNA
cgmlst-STMMW_06511	STMMW_06511,39,100.00,1215/1215,DNA
cgmlst-STMMW_06521	STMMW_06521,18,100.00,219/219,DNA
cgmlst-STMMW_06531	STMMW_06531,43,100.00,3885/3885,DNA
cgmlst-STMMW_06541	STMMW_06541,41,100.00,1137/1137,DNA
cgmlst-STMMW_06551	STMMW_06551,37,100.00,795/795,DNA
cgmlst-STMMW_06561	STMMW_06561,532,100.00,990/990,DNA
cgmlst-STMMW_06571	STMMW_06571,26,100.00,1008/1008,DNA
cgmlst-STMMW_06581	STMMW_06581,38,100.00,1245/1245,DNA
cgmlst-STMMW_06591	STMMW_06591,24,100.00,957/957,DNA
cgmlst-STMMW_06601	STMMW_06601,31,100.00,1176/1176,DNA
cgmlst-STMMW_06611	STMMW_06611,664,100.00,1611/1611,DNA
cgmlst-STMMW_06621	STMMW_06621,24,100.00,858/858,DNA
cgmlst-STMMW_06631	STMMW_06631,36,100.00,756/756,DNA
cgmlst-STMMW_06641	STMMW_06641,18,100.00,414/414,DNA
cgmlst-STMMW_06651	STMMW_06651,223,100.00,2106/2106,DNA
cgmlst-STMMW_06671	STMMW_06671,38,100.00,1087/1087,DNA
cgmlst-STMMW_06681	STMMW_06681,38,100.00,1161/1161,DNA
cgmlst-STMMW_06691	STMMW_06691,21,100.00,618/618,DNA
cgmlst-STMMW_06701	STMMW_06701,5,100.00,1236/1236,DNA
cgmlst-STMMW_06721	STMMW_06721,406,100.00,747/747,DNA
cgmlst-STMMW_06731	STMMW_06731,206,100.00,564/564,DNA
cgmlst-STMMW_06741	STMMW_06741,40,100.00,1566/1566,DNA
cgmlst-STMMW_06791	STMMW_06791,25,100.00,429/429,DNA
cgmlst-STMMW_06801	STMMW_06801,44,100.00,1239/1239,DNA
cgmlst-STMMW_06811	STMMW_06811,4,100.00,411/411,DNA
cgmlst-STMMW_06821	STMMW_06821,528,100.00,805/805,DNA
cgmlst-STMMW_06831	STMMW_06831,55,100.00,1464/1464,DNA
cgmlst-STMMW_06841	STMMW_06841,484,100.00,897/897,DNA
cgmlst-STMMW_06861	STMMW_06861,40,100.00,1530/1530,DNA
cgmlst-STMMW_06871	STMMW_06871,36,100.00,909/909,DNA
cgmlst-STMMW_06881	STMMW_06881,15,100.00,297/297,DNA
cgmlst-STMMW_06891	STMMW_06891,37,100.00,1077/1077,DNA
cgmlst-STMMW_06901	STMMW_06901,39,100.00,1659/1659,DNA
cgmlst-STMMW_06911	STMMW_06911,32,100.00,681/681,DNA
cgmlst-STMMW_06921	STMMW_06921,35,100.00,1254/1254,DNA
cgmlst-STMMW_06931	STMMW_06931,32,100.00,573/573,DNA
cgmlst-STMMW_06951	STMMW_06951,5,100.00,384/384,DNA
cgmlst-STMMW_06961	STMMW_06961,33,100.00,789/789,DNA
cgmlst-STMMW_06981	STMMW_06981,13,100.00,966/966,DNA
cgmlst-STMMW_06991	STMMW_06991,25,100.00,954/954,DNA
cgmlst-STMMW_07001	STMMW_07001,24,100.00,576/576,DNA
cgmlst-STMMW_07011	STMMW_07011,1,100.00,264/264,DNA
cgmlst-STMMW_07021	STMMW_07021,490,100.00,1212/1212,DNA
cgmlst-STMMW_07031	STMMW_07031,38,100.00,1134/1134,DNA
cgmlst-STMMW_07041	STMMW_07041,23,100.00,1113/1113,DNA
cgmlst-STMMW_07051	STMMW_07051,39,100.00,1902/1902,DNA
cgmlst-STMMW_07061	STMMW_07061,13,100.00,468/468,DNA
cgmlst-STMMW_07071	STMMW_07071,13,100.00,318/318,DNA
cgmlst-STMMW_07101	STMMW_07101,26,100.00,642/642,DNA
cgmlst-STMMW_07111	STMMW_07111,37,100.00,1032/1032,DNA
cgmlst-STMMW_07121	STMMW_07121,23,100.00,591/591,DNA
cgmlst-STMMW_07131	STMMW_07131,39,100.00,2583/2583,DNA
cgmlst-STMMW_07181	STMMW_07181,7,100.00,474/474,DNA
cgmlst-STMMW_07261	STMMW_07261,41,100.00,936/936,DNA
cgmlst-STMMW_07281	STMMW_07281,35,100.00,675/675,DNA
cgmlst-STMMW_07291	STMMW_07291,1,100.00,741/741,DNA
cgmlst-STMMW_07301	STMMW_07301,17,100.00,927/927,DNA
cgmlst-STMMW_07311	STMMW_07311,42,100.00,1539/1539,DNA
cgmlst-STMMW_07321	STMMW_07321,28,100.00,879/879,DNA
cgmlst-STMMW_07351	STMMW_07351,532,100.00,1425/1425,DNA
cgmlst-STMMW_07361	STMMW_07361,206,100.00,1176/1176,DNA
cgmlst-STMMW_07381	STMMW_07381,41,100.00,1665/1665,DNA
cgmlst-STMMW_07391	STMMW_07391,36,100.00,753/753,DNA
cgmlst-STMMW_07401	STMMW_07401,28,100.00,1221/1221,DNA
cgmlst-STMMW_07411	STMMW_07411,32,100.00,1155/1155,DNA
cgmlst-STMMW_07421	STMMW_07421,22,100.00,801/801,DNA
cgmlst-STMMW_07431	STMMW_07431,40,100.00,1953/1953,DNA
cgmlst-STMMW_07441	STMMW_07441,37,100.00,1668/1668,DNA
cgmlst-STMMW_07451	STMMW_07451,1906,100.00,1408/1408,DNA
cgmlst-STMMW_07461	STMMW_07461,9,100.00,333/333,DNA
cgmlst-STMMW_07471	STMMW_07471,23,100.00,1305/1305,DNA
cgmlst-STMMW_07481	STMMW_07481,26,100.00,1140/1140,DNA
cgmlst-STMMW_07491	STMMW_07491,15,100.00,1404/1404,DNA
cgmlst-STMMW_07501	STMMW_07501,36,100.00,927/927,DNA
cgmlst-STMMW_07511	STMMW_07511,40,100.00,453/453,DNA
cgmlst-STMMW_07521	STMMW_07521,19,100.00,531/531,DNA
cgmlst-STMMW_07551	STMMW_07551,1,100.00,543/543,DNA
cgmlst-STMMW_07561	STMMW_07561,36,100.00,1596/1596,DNA
cgmlst-STMMW_07571	STMMW_07571,29,100.00,486/486,DNA
cgmlst-STMMW_07581	STMMW_07581,27,100.00,1320/1320,DNA
cgmlst-STMMW_07591	STMMW_07591,38,100.00,2199/2199,DNA
cgmlst-STMMW_07601	STMMW_07601,25,100.00,678/678,DNA
cgmlst-STMMW_07611	STMMW_07611,49,100.00,2685/2685,DNA
cgmlst-STMMW_07621	STMMW_07621,24,100.00,585/585,DNA
cgmlst-STMMW_07641	STMMW_07641,39,100.00,1680/1680,DNA
cgmlst-STMMW_07642	STMMW_07642,1,100.00,90/90,DNA
cgmlst-STMMW_07651	STMMW_07651,4,100.00,207/207,DNA
cgmlst-STMMW_07661	STMMW_07661,40,100.00,1422/1422,DNA
cgmlst-STMMW_07671	STMMW_07671,36,100.00,1482/1482,DNA
cgmlst-STMMW_07681	STMMW_07681,32,100.00,744/744,DNA
cgmlst-STMMW_07691	STMMW_07691,156,100.00,657/657,DNA
cgmlst-STMMW_07701	STMMW_07701,42,100.00,933/933,DNA
cgmlst-STMMW_07711	STMMW_07711,28,100.00,735/735,DNA
cgmlst-STMMW_07851	STMMW_07851,34,100.00,792/792,DNA
cgmlst-STMMW_07861	STMMW_07861,27,100.00,963/963,DNA
cgmlst-STMMW_07871	STMMW_07871,29,100.00,1284/1284,DNA
cgmlst-STMMW_07891	STMMW_07891,2,100.00,390/390,DNA
cgmlst-STMMW_07901	STMMW_07901,2,100.00,348/348,DNA
cgmlst-STMMW_07921	STMMW_07921,21,100.00,720/720,DNA
cgmlst-STMMW_07931	STMMW_07931,39,100.00,2802/2802,DNA
cgmlst-STMMW_07941	STMMW_07941,34,100.00,1209/1209,DNA
cgmlst-STMMW_07951	STMMW_07951,38,100.00,1167/1167,DNA
cgmlst-STMMW_07961	STMMW_07961,35,100.00,870/870,DNA
cgmlst-STMMW_07971	STMMW_07971,38,100.00,1569/1569,DNA
cgmlst-STMMW_07981	STMMW_07981,36,100.00,1140/1140,DNA
cgmlst-STMMW_07991	STMMW_07991,1,100.00,114/114,DNA
cgmlst-STMMW_08011	STMMW_08011,1,100.00,405/405,DNA
cgmlst-STMMW_08031	STMMW_08031,9,100.00,429/429,DNA
cgmlst-STMMW_08051	STMMW_08051,29,100.00,1293/1293,DNA
cgmlst-STMMW_08061	STMMW_08061,6,100.00,525/525,DNA
cgmlst-STMMW_08071	STMMW_08071,14,100.00,789/789,DNA
cgmlst-STMMW_08081	STMMW_08081,33,100.00,1044/1044,DNA
cgmlst-STMMW_08091	STMMW_08091,10,100.00,720/720,DNA
cgmlst-STMMW_08101	STMMW_08101,27,100.00,939/939,DNA
cgmlst-STMMW_08111	STMMW_08111,20,100.00,387/387,DNA
cgmlst-STMMW_08121	STMMW_08121,27,100.00,1053/1053,DNA
cgmlst-STMMW_08241	STMMW_08241,32,100.00,753/753,DNA
cgmlst-STMMW_08251	STMMW_08251,39,100.00,1041/1041,DNA
cgmlst-STMMW_08261	STMMW_08261,40,100.00,1149/1149,DNA
cgmlst-STMMW_08271	STMMW_08271,40,100.00,1047/1047,DNA
cgmlst-STMMW_08281	STMMW_08281,36,100.00,1017/1017,DNA
cgmlst-STMMW_08311	STMMW_08311,39,100.00,789/789,DNA
cgmlst-STMMW_08321	STMMW_08321,1,100.00,252/252,DNA
cgmlst-STMMW_08331	STMMW_08331,27,100.00,774/774,DNA
cgmlst-STMMW_08341	STMMW_08341,5,100.00,690/690,DNA
cgmlst-STMMW_08351	STMMW_08351,24,100.00,1059/1059,DNA
cgmlst-STMMW_08371	STMMW_08371,27,100.00,996/996,DNA
cgmlst-STMMW_08381	STMMW_08381,27,100.00,1284/1284,DNA
cgmlst-STMMW_08391	STMMW_08391,37,100.00,1224/1224,DNA
cgmlst-STMMW_08401	STMMW_08401,26,100.00,942/942,DNA
cgmlst-STMMW_08411	STMMW_08411,33,100.00,678/678,DNA
cgmlst-STMMW_08421	STMMW_08421,30,100.00,1686/1686,DNA
cgmlst-STMMW_08431	STMMW_08431,43,100.00,1521/1521,DNA
cgmlst-STMMW_08441	STMMW_08441,19,100.00,477/477,DNA
cgmlst-STMMW_08451	STMMW_08451,39,100.00,1289/1289,DNA
cgmlst-STMMW_08461	STMMW_08461,27,100.00,1041/1041,DNA
cgmlst-STMMW_08471	STMMW_08471,40,100.00,1158/1158,DNA
cgmlst-STMMW_08481	STMMW_08481,26,100.00,756/756,DNA
cgmlst-STMMW_08491	STMMW_08491,13,100.00,687/687,DNA
cgmlst-STMMW_08501	STMMW_08501,26,100.00,2022/2022,DNA
cgmlst-STMMW_08531	STMMW_08531,37,100.00,909/909,DNA
cgmlst-STMMW_08541	STMMW_08541,25,100.00,990/990,DNA
cgmlst-STMMW_08551	STMMW_08551,9,100.00,513/513,DNA
cgmlst-STMMW_08561	STMMW_08561,312,100.00,486/486,DNA
cgmlst-STMMW_08571	STMMW_08571,19,100.00,252/252,DNA
cgmlst-STMMW_08581	STMMW_08581,19,100.00,453/453,DNA
cgmlst-STMMW_08591	STMMW_08591,18,100.00,705/705,DNA
cgmlst-STMMW_08631	STMMW_08631,37,100.00,963/963,DNA
cgmlst-STMMW_08641	STMMW_08641,42,100.00,1242/1242,DNA
cgmlst-STMMW_08651	STMMW_08651,39,100.00,759/759,DNA
cgmlst-STMMW_08661	STMMW_08661,19,100.00,411/411,DNA
cgmlst-STMMW_08671	STMMW_08671,41,100.00,1107/1107,DNA
cgmlst-STMMW_08681	STMMW_08681,41,100.00,1131/1131,DNA
cgmlst-STMMW_08691	STMMW_08691,39,100.00,1737/1737,DNA
cgmlst-STMMW_08701	STMMW_08701,26,100.00,996/996,DNA
cgmlst-STMMW_08711	STMMW_08711,26,100.00,675/675,DNA
cgmlst-STMMW_08721	STMMW_08721,39,100.00,1362/1362,DNA
cgmlst-STMMW_08731	STMMW_08731,226,100.00,2046/2046,DNA
cgmlst-STMMW_08751	STMMW_08751,6,100.00,261/261,DNA
cgmlst-STMMW_08761	STMMW_08761,16,100.00,267/267,DNA
cgmlst-STMMW_08771	STMMW_08771,29,100.00,927/927,DNA
cgmlst-STMMW_08781	STMMW_08781,43,100.00,2223/2223,DNA
cgmlst-STMMW_08791	STMMW_08791,27,100.00,723/723,DNA
cgmlst-STMMW_08801	STMMW_08801,27,100.00,660/660,DNA
cgmlst-STMMW_08811	STMMW_08811,35,100.00,747/747,DNA
cgmlst-STMMW_08821	STMMW_08821,8,100.00,504/504,DNA
cgmlst-STMMW_08831	STMMW_08831,468,100.00,890/890,DNA
cgmlst-STMMW_08841	STMMW_08841,12,100.00,516/516,DNA
cgmlst-STMMW_08861	STMMW_08861,1,100.00,474/474,DNA
cgmlst-STMMW_08871	STMMW_08871,35,100.00,1113/1113,DNA
cgmlst-STMMW_08881	STMMW_08881,33,100.00,921/921,DNA
cgmlst-STMMW_08931	STMMW_08931,20,100.00,810/810,DNA
cgmlst-STMMW_08941	STMMW_08941,41,100.00,2433/2433,DNA
cgmlst-STMMW_08951	STMMW_08951,28,100.00,900/900,DNA
cgmlst-STMMW_08961	STMMW_08961,57,100.00,750/750,DNA
cgmlst-STMMW_08971	STMMW_08971,37,100.00,1242/1242,DNA
cgmlst-STMMW_08991	STMMW_08991,37,100.00,1872/1872,DNA
cgmlst-STMMW_09001	STMMW_09001,36,100.00,1539/1539,DNA
cgmlst-STMMW_09011	STMMW_09011,20,100.00,921/921,DNA
cgmlst-STMMW_09021	STMMW_09021,35,100.00,912/912,DNA
cgmlst-STMMW_09031	STMMW_09031,35,100.00,1326/1326,DNA
cgmlst-STMMW_09041	STMMW_09041,14,100.00,384/384,DNA
cgmlst-STMMW_09131	STMMW_09131,40,100.00,627/627,DNA
cgmlst-STMMW_09141	STMMW_09141,18,100.00,1203/1203,DNA
cgmlst-STMMW_09151	STMMW_09151,35,100.00,759/759,DNA
cgmlst-STMMW_09161	STMMW_09161,17,100.00,609/609,DNA
cgmlst-STMMW_09171	STMMW_09171,38,100.00,1233/1233,DNA
cgmlst-STMMW_09191	STMMW_09191,531,100.00,1212/1212,DNA
cgmlst-STMMW_09211	STMMW_09211,39,100.00,1686/1686,DNA
cgmlst-STMMW_09221	STMMW_09221,22,100.00,378/378,DNA
cgmlst-STMMW_09231	STMMW_09231,1,100.00,264/264,DNA
cgmlst-STMMW_09241	STMMW_09241,1,100.00,291/291,DNA
cgmlst-STMMW_09251	STMMW_09251,38,100.00,660/660,DNA
cgmlst-STMMW_09261	STMMW_09261,425,100.00,903/903,DNA
cgmlst-STMMW_09271	STMMW_09271,16,100.00,477/477,DNA
cgmlst-STMMW_09281	STMMW_09281,35,100.00,1113/1113,DNA
cgmlst-STMMW_09291	STMMW_09291,36,100.00,1134/1134,DNA
cgmlst-STMMW_09301	STMMW_09301,37,100.00,954/954,DNA
cgmlst-STMMW_09311	STMMW_09311,36,100.00,846/846,DNA
cgmlst-STMMW_09321	STMMW_09321,25,100.00,474/474,DNA
cgmlst-STMMW_09341	STMMW_09341,39,100.00,1344/1344,DNA
cgmlst-STMMW_09351	STMMW_09351,18,100.00,321/321,DNA
cgmlst-STMMW_09361	STMMW_09361,40,100.00,1488/1488,DNA
cgmlst-STMMW_09371	STMMW_09371,27,100.00,732/732,DNA
cgmlst-STMMW_09381	STMMW_09381,34,100.00,669/669,DNA
cgmlst-STMMW_09391	STMMW_09391,25,100.00,717/717,DNA
cgmlst-STMMW_09401	STMMW_09401,10,100.00,732/732,DNA
cgmlst-STMMW_09421	STMMW_09421,24,100.00,516/516,DNA
cgmlst-STMMW_09431	STMMW_09431,21,100.00,324/324,DNA
cgmlst-STMMW_09441	STMMW_09441,33,100.00,831/831,DNA
cgmlst-STMMW_09451	STMMW_09451,35,100.00,1014/1014,DNA
cgmlst-STMMW_09461	STMMW_09461,43,100.00,1434/1434,DNA
cgmlst-STMMW_09471	STMMW_09471,34,100.00,1002/1002,DNA
cgmlst-STMMW_09481	STMMW_09481,44,100.00,1719/1719,DNA
cgmlst-STMMW_09491	STMMW_09491,35,100.00,972/972,DNA
cgmlst-STMMW_09501	STMMW_09501,41,100.00,1653/1653,DNA
cgmlst-STMMW_09511	STMMW_09511,384,100.00,792/792,DNA
cgmlst-STMMW_09521	STMMW_09521,37,100.00,1659/1659,DNA
cgmlst-STMMW_09531	STMMW_09531,34,100.00,969/969,DNA
cgmlst-STMMW_09541	STMMW_09541,39,100.00,1119/1119,DNA
cgmlst-STMMW_09561	STMMW_09561,6,100.00,222/222,DNA
cgmlst-STMMW_09571	STMMW_09571,4,100.00,321/321,DNA
cgmlst-STMMW_09621	STMMW_09621,26,100.00,678/678,DNA
cgmlst-STMMW_09631	STMMW_09631,7,100.00,861/861,DNA
cgmlst-STMMW_09641	STMMW_09641,36,100.00,912/912,DNA
cgmlst-STMMW_09651	STMMW_09651,1,100.00,219/219,DNA
cgmlst-STMMW_09661	STMMW_09661,3,100.00,330/330,DNA
cgmlst-STMMW_09671	STMMW_09671,35,100.00,705/705,DNA
cgmlst-STMMW_09681	STMMW_09681,621,100.00,1722/1722,DNA
cgmlst-STMMW_09691	STMMW_09691,38,100.00,1767/1767,DNA
cgmlst-STMMW_09701	STMMW_09701,30,100.00,969/969,DNA
cgmlst-STMMW_09711	STMMW_09711,1,100.00,495/495,DNA
cgmlst-STMMW_09731	STMMW_09731,14,100.00,615/615,DNA
cgmlst-STMMW_09741	STMMW_09741,27,100.00,1344/1344,DNA
cgmlst-STMMW_09751	STMMW_09751,27,100.00,1293/1293,DNA
cgmlst-STMMW_09761	STMMW_09761,32,100.00,2445/2445,DNA
cgmlst-STMMW_09791	STMMW_09791,184,100.00,1149/1149,DNA
cgmlst-STMMW_09811	STMMW_09811,7,100.00,825/825,DNA
cgmlst-STMMW_09841	STMMW_09841,32,100.00,2283/2283,DNA
cgmlst-STMMW_09851	STMMW_09851,1,100.00,858/858,DNA
cgmlst-STMMW_09861	STMMW_09861,1,100.00,1761/1761,DNA
cgmlst-STMMW_09871	STMMW_09871,25,100.00,693/693,DNA
cgmlst-STMMW_09881	STMMW_09881,29,100.00,1089/1089,DNA
cgmlst-STMMW_09891	STMMW_09891,41,100.00,1284/1284,DNA
cgmlst-STMMW_09911	STMMW_09911,17,100.00,684/684,DNA
cgmlst-STMMW_09921	STMMW_09921,35,100.00,1674/1674,DNA
cgmlst-STMMW_09931	STMMW_09931,1,100.00,285/285,DNA
cgmlst-STMMW_09941	STMMW_09941,43,100.00,2265/2265,DNA
cgmlst-STMMW_09951	STMMW_09951,36,100.00,1749/1749,DNA
cgmlst-STMMW_09961	STMMW_09961,34,100.00,978/978,DNA
cgmlst-STMMW_09971	STMMW_09971,41,100.00,1233/1233,DNA
cgmlst-STMMW_09981	STMMW_09981,4,100.00,183/183,DNA
cgmlst-STMMW_09991	STMMW_09991,33,100.00,747/747,DNA
cgmlst-STMMW_10001	STMMW_10001,454,100.00,894/894,DNA
cgmlst-STMMW_10011	STMMW_10011,28,100.00,777/777,DNA
cgmlst-STMMW_10021	STMMW_10021,21,100.00,804/804,DNA
cgmlst-STMMW_10031	STMMW_10031,26,100.00,1323/1323,DNA
cgmlst-STMMW_10041	STMMW_10041,27,100.00,705/705,DNA
cgmlst-STMMW_10051	STMMW_10051,44,100.00,4455/4455,DNA
cgmlst-STMMW_10061	STMMW_10061,41,100.00,1851/1851,DNA
cgmlst-STMMW_10071	STMMW_10071,1,100.00,549/549,DNA
cgmlst-STMMW_10081	STMMW_10081,5,100.00,648/648,DNA
cgmlst-STMMW_10091	STMMW_10091,26,100.00,1191/1191,DNA
cgmlst-STMMW_10101	STMMW_10101,23,100.00,1092/1092,DNA
cgmlst-STMMW_10111	STMMW_10111,27,100.00,1401/1401,DNA
cgmlst-STMMW_10151	STMMW_10151,25,100.00,1203/1203,DNA
cgmlst-STMMW_10701	STMMW_10701,26,100.00,2613/2613,DNA
cgmlst-STMMW_10711	STMMW_10711,1,100.00,1011/1011,DNA
cgmlst-STMMW_10721	STMMW_10721,20,100.00,543/543,DNA
cgmlst-STMMW_10731	STMMW_10731,28,99.91,1110/1110,DNA
cgmlst-STMMW_10741	STMMW_10741,39,100.00,2109/2109,DNA
cgmlst-STMMW_10751	STMMW_10751,25,100.00,1908/1908,DNA
cgmlst-STMMW_10761	STMMW_10761,36,100.00,1254/1254,DNA
cgmlst-STMMW_10771	STMMW_10771,37,100.00,1641/1641,DNA
cgmlst-STMMW_10781	STMMW_10781,23,100.00,564/564,DNA
cgmlst-STMMW_10791	STMMW_10791,1,100.00,168/168,DNA
cgmlst-STMMW_10801	STMMW_10801,19,100.00,519/519,DNA
cgmlst-STMMW_10811	STMMW_10811,29,100.00,1587/1587,DNA
cgmlst-STMMW_10821	STMMW_10821,9,100.00,453/453,DNA
cgmlst-STMMW_10831	STMMW_10831,13,100.00,1053/1053,DNA
cgmlst-STMMW_10841	STMMW_10841,10,100.00,510/510,DNA
cgmlst-STMMW_10851	STMMW_10851,12,100.00,606/606,DNA
cgmlst-STMMW_10861	STMMW_10861,2311,100.00,2154/2154,DNA
cgmlst-STMMW_10871	STMMW_10871,177,100.00,447/447,DNA
cgmlst-STMMW_10881	STMMW_10881,39,100.00,2055/2055,DNA
cgmlst-STMMW_10891	STMMW_10891,19,100.00,459/459,DNA
cgmlst-STMMW_10901	STMMW_10901,30,100.00,663/663,DNA
cgmlst-STMMW_10911	STMMW_10911,228,100.00,417/417,DNA
cgmlst-STMMW_10921	STMMW_10921,6,100.00,318/318,DNA
cgmlst-STMMW_10931	STMMW_10931,36,100.00,1212/1212,DNA
cgmlst-STMMW_10961	STMMW_10961,5,100.00,282/282,DNA
cgmlst-STMMW_10971	STMMW_10971,4,100.00,330/330,DNA
cgmlst-STMMW_10981	STMMW_10981,4,100.00,579/579,DNA
cgmlst-STMMW_11021	STMMW_11021,5,100.00,342/342,DNA
cgmlst-STMMW_11031	STMMW_11031,33,100.00,1686/1686,DNA
cgmlst-STMMW_11061	STMMW_11061,33,100.00,747/747,DNA
cgmlst-STMMW_11071	STMMW_11071,23,100.00,411/411,DNA
cgmlst-STMMW_11081	STMMW_11081,23,100.00,513/513,DNA
cgmlst-STMMW_11091	STMMW_11091,38,100.00,1563/1563,DNA
cgmlst-STMMW_11101	STMMW_11101,18,100.00,441/441,DNA
cgmlst-STMMW_11111	STMMW_11111,36,100.00,1290/1290,DNA
cgmlst-STMMW_11121	STMMW_11121,622,100.00,1467/1467,DNA
cgmlst-STMMW_11131	STMMW_11131,27,100.00,852/852,DNA
cgmlst-STMMW_11141	STMMW_11141,9,100.00,381/381,DNA
cgmlst-STMMW_11151	STMMW_11151,33,100.00,804/804,DNA
cgmlst-STMMW_11161	STMMW_11161,499,100.00,792/792,DNA
cgmlst-STMMW_11171	STMMW_11171,38,100.00,1377/1377,DNA
cgmlst-STMMW_11181	STMMW_11181,29,100.00,897/897,DNA
cgmlst-STMMW_11191	STMMW_11191,35,100.00,918/918,DNA
cgmlst-STMMW_11201	STMMW_11201,18,100.00,363/363,DNA
cgmlst-STMMW_11211	STMMW_11211,1,100.00,306/306,DNA
cgmlst-STMMW_11221	STMMW_11221,32,100.00,921/921,DNA
cgmlst-STMMW_11240	STMMW_11240,23,100.00,363/363,DNA
cgmlst-STMMW_11241	STMMW_11241,42,100.00,1887/1887,DNA
cgmlst-STMMW_11251	STMMW_11251,31,100.00,624/624,DNA
cgmlst-STMMW_11261	STMMW_11261,34,100.00,507/507,DNA
cgmlst-STMMW_11271	STMMW_11271,42,100.00,1242/1242,DNA
cgmlst-STMMW_11281	STMMW_11281,1,100.00,228/228,DNA
cgmlst-STMMW_11291	STMMW_11291,33,100.00,597/597,DNA
cgmlst-STMMW_11301	STMMW_11301,?,-,-,DNA
cgmlst-STMMW_11311	STMMW_11311,31,100.00,639/639,DNA
cgmlst-STMMW_11321	STMMW_11321,32,100.00,396/396,DNA
cgmlst-STMMW_11331	STMMW_11331,42,100.00,3963/3963,DNA
cgmlst-STMMW_11341	STMMW_11341,38,100.00,1509/1509,DNA
cgmlst-STMMW_11431	STMMW_11431,177,100.00,939/939,DNA
cgmlst-STMMW_11441	STMMW_11441,21,100.00,738/738,DNA
cgmlst-STMMW_11451	STMMW_11451,1,100.00,555/555,DNA
cgmlst-STMMW_11461	STMMW_11461,17,100.00,474/474,DNA
cgmlst-STMMW_11471	STMMW_11471,22,100.00,747/747,DNA
cgmlst-STMMW_11481	STMMW_11481,1,100.00,417/417,DNA
cgmlst-STMMW_11491	STMMW_11491,14,100.00,396/396,DNA
cgmlst-STMMW_11501	STMMW_11501,17,100.00,651/651,DNA
cgmlst-STMMW_11511	STMMW_11511,4,100.00,456/456,DNA
cgmlst-STMMW_11521	STMMW_11521,9,100.00,456/456,DNA
cgmlst-STMMW_11531	STMMW_11531,1,100.00,327/327,DNA
cgmlst-STMMW_11541	STMMW_11541,17,100.00,321/321,DNA
cgmlst-STMMW_11551	STMMW_11551,1,100.00,540/540,DNA
cgmlst-STMMW_11561	STMMW_11561,36,100.00,1485/1485,DNA
cgmlst-STMMW_11571	STMMW_11571,25,100.00,1155/1155,DNA
cgmlst-STMMW_11581	STMMW_11581,37,100.00,1536/1536,DNA
cgmlst-STMMW_11591	STMMW_11591,29,100.00,2544/2544,DNA
cgmlst-STMMW_11601	STMMW_11601,1,100.00,228/228,DNA
cgmlst-STMMW_11611	STMMW_11611,4,100.00,375/375,DNA
cgmlst-STMMW_11621	STMMW_11621,38,100.00,1215/1215,DNA
cgmlst-STMMW_11631	STMMW_11631,26,100.00,921/921,DNA
cgmlst-STMMW_11641	STMMW_11641,27,100.00,1053/1053,DNA
cgmlst-STMMW_11651	STMMW_11651,29,100.00,576/576,DNA
cgmlst-STMMW_11661	STMMW_11661,24,100.00,573/573,DNA
cgmlst-STMMW_11671	STMMW_11671,9,100.00,114/114,DNA
cgmlst-STMMW_11681	STMMW_11681,28,100.00,1119/1119,DNA
cgmlst-STMMW_11691	STMMW_11691,2,100.00,255/255,DNA
cgmlst-STMMW_11711	STMMW_11711,25,100.00,1047/1047,DNA
cgmlst-STMMW_11721	STMMW_11721,32,100.00,561/561,DNA
cgmlst-STMMW_11731	STMMW_11731,23,100.00,648/648,DNA
cgmlst-STMMW_11741	STMMW_11741,25,100.00,1209/1209,DNA
cgmlst-STMMW_11751	STMMW_11751,1,100.00,585/585,DNA
cgmlst-STMMW_11761	STMMW_11761,23,100.00,648/648,DNA
cgmlst-STMMW_11771	STMMW_11771,17,100.00,924/924,DNA
cgmlst-STMMW_11781	STMMW_11781,39,100.00,1575/1575,DNA
cgmlst-STMMW_11791	STMMW_11791,5,100.00,423/423,DNA
cgmlst-STMMW_11801	STMMW_11801,1,100.00,294/294,DNA
cgmlst-STMMW_11811	STMMW_11811,31,100.00,660/660,DNA
cgmlst-STMMW_11821	STMMW_11821,16,100.00,417/417,DNA
cgmlst-STMMW_11831	STMMW_11831,5,100.00,405/405,DNA
cgmlst-STMMW_11841	STMMW_11841,17,100.00,699/699,DNA
cgmlst-STMMW_11851	STMMW_11851,37,100.00,1212/1212,DNA
cgmlst-STMMW_11861	STMMW_11861,30,100.00,756/756,DNA
cgmlst-STMMW_11871	STMMW_11871,26,100.00,783/783,DNA
cgmlst-STMMW_11881	STMMW_11881,13,100.00,699/699,DNA
cgmlst-STMMW_11891	STMMW_11891,35,100.00,1098/1098,DNA
cgmlst-STMMW_11901	STMMW_11901,33,100.00,951/951,DNA
cgmlst-STMMW_11911	STMMW_11911,33,100.00,1662/1662,DNA
cgmlst-STMMW_11921	STMMW_11921,14,100.00,954/954,DNA
cgmlst-STMMW_11981	STMMW_11981,35,100.00,585/585,DNA
cgmlst-STMMW_11991	STMMW_11991,1,100.00,522/522,DNA
cgmlst-STMMW_12001	STMMW_12001,1,100.00,174/174,DNA
cgmlst-STMMW_12011	STMMW_12011,23,100.00,1080/1080,DNA
cgmlst-STMMW_12021	STMMW_12021,26,100.00,954/954,DNA
cgmlst-STMMW_12031	STMMW_12031,21,100.00,930/930,DNA
cgmlst-STMMW_12041	STMMW_12041,10,100.00,735/735,DNA
cgmlst-STMMW_12051	STMMW_12051,1,100.00,237/237,DNA
cgmlst-STMMW_12061	STMMW_12061,7,100.00,1206/1206,DNA
cgmlst-STMMW_12071	STMMW_12071,7,100.00,810/810,DNA
cgmlst-STMMW_12081	STMMW_12081,35,100.00,957/957,DNA
cgmlst-STMMW_12091	STMMW_12091,13,100.00,642/642,DNA
cgmlst-STMMW_12101	STMMW_12101,35,100.00,1005/1005,DNA
cgmlst-STMMW_12111	STMMW_12111,34,100.00,798/798,DNA
cgmlst-STMMW_12121	STMMW_12121,193,100.00,1434/1434,DNA
cgmlst-STMMW_12141	STMMW_12141,1,100.00,360/360,DNA
cgmlst-STMMW_12151	STMMW_12151,1,100.00,375/375,DNA
cgmlst-STMMW_12161	STMMW_12161,22,100.00,639/639,DNA
cgmlst-STMMW_12171	STMMW_12171,32,100.00,825/825,DNA
cgmlst-STMMW_12181	STMMW_12181,27,100.00,1026/1026,DNA
cgmlst-STMMW_12191	STMMW_12191,5,100.00,543/543,DNA
cgmlst-STMMW_12201	STMMW_12201,28,100.00,1305/1305,DNA
cgmlst-STMMW_12211	STMMW_12211,27,100.00,540/540,DNA
cgmlst-STMMW_12221	STMMW_12221,33,100.00,636/636,DNA
cgmlst-STMMW_12231	STMMW_12231,20,100.00,258/258,DNA
cgmlst-STMMW_12251	STMMW_12251,553,100.00,3447/3447,DNA
cgmlst-STMMW_12261	STMMW_12261,27,100.00,1311/1311,DNA
cgmlst-STMMW_12271	STMMW_12271,13,100.00,702/702,DNA
cgmlst-STMMW_12281	STMMW_12281,39,100.00,1245/1245,DNA
cgmlst-STMMW_12291	STMMW_12291,35,100.00,912/912,DNA
cgmlst-STMMW_12301	STMMW_12301,5,100.00,822/822,DNA
cgmlst-STMMW_12311	STMMW_12311,24,100.00,1047/1047,DNA
cgmlst-STMMW_12321	STMMW_12321,27,100.00,780/780,DNA
cgmlst-STMMW_12351	STMMW_12351,367,100.00,1137/1137,DNA
cgmlst-STMMW_12391	STMMW_12391,478,100.00,1122/1122,DNA
cgmlst-STMMW_12401	STMMW_12401,551,100.00,1464/1464,DNA
cgmlst-STMMW_12411	STMMW_12411,14,100.00,675/675,DNA
cgmlst-STMMW_12421	STMMW_12421,37,100.00,1371/1371,DNA
cgmlst-STMMW_12431	STMMW_12431,28,100.00,648/648,DNA
cgmlst-STMMW_12441	STMMW_12441,33,100.00,1107/1107,DNA
cgmlst-STMMW_12451	STMMW_12451,264,100.00,464/464,DNA
cgmlst-STMMW_12511	STMMW_12511,1,100.00,240/240,DNA
cgmlst-STMMW_12521	STMMW_12521,7,100.00,522/522,DNA
cgmlst-STMMW_12531	STMMW_12531,1,100.00,213/213,DNA
cgmlst-STMMW_12541	STMMW_12541,1,100.00,264/264,DNA
cgmlst-STMMW_12551	STMMW_12551,1,100.00,471/471,DNA
cgmlst-STMMW_12561	STMMW_12561,1,100.00,345/345,DNA
cgmlst-STMMW_12562	STMMW_12562,7,100.00,126/126,DNA
cgmlst-STMMW_12581	STMMW_12581,23,100.00,468/468,DNA
cgmlst-STMMW_12591	STMMW_12591,491,100.00,1045/1045,DNA
cgmlst-STMMW_12601	STMMW_12601,24,100.00,531/531,DNA
cgmlst-STMMW_12611	STMMW_12611,10,100.00,315/315,DNA
cgmlst-STMMW_12621	STMMW_12621,40,100.00,1635/1635,DNA
cgmlst-STMMW_12631	STMMW_12631,38,100.00,975/975,DNA
cgmlst-STMMW_12641	STMMW_12641,36,100.00,813/813,DNA
cgmlst-STMMW_12651	STMMW_12651,25,100.00,798/798,DNA
cgmlst-STMMW_12661	STMMW_12661,1,100.00,591/591,DNA
cgmlst-STMMW_12671	STMMW_12671,35,100.00,1134/1134,DNA
cgmlst-STMMW_12681	STMMW_12681,7,100.00,327/327,DNA
cgmlst-STMMW_12691	STMMW_12691,15,100.00,648/648,DNA
cgmlst-STMMW_12701	STMMW_12701,45,100.00,789/789,DNA
cgmlst-STMMW_12711	STMMW_12711,31,100.00,594/594,DNA
cgmlst-STMMW_12721	STMMW_12721,29,100.00,849/849,DNA
cgmlst-STMMW_12731	STMMW_12731,2,100.00,249/249,DNA
cgmlst-STMMW_12751	STMMW_12751,1,100.00,546/546,DNA
cgmlst-STMMW_12761	STMMW_12761,18,100.00,639/639,DNA
cgmlst-STMMW_12771	STMMW_12771,18,100.00,363/363,DNA
cgmlst-STMMW_12781	STMMW_12781,10,100.00,183/183,DNA
cgmlst-STMMW_12791	STMMW_12791,28,100.00,642/642,DNA
cgmlst-STMMW_12801	STMMW_12801,11,100.00,186/186,DNA
cgmlst-STMMW_12811	STMMW_12811,10,100.00,249/249,DNA
cgmlst-STMMW_12821	STMMW_12821,15,100.00,252/252,DNA
cgmlst-STMMW_12831	STMMW_12831,16,100.00,312/312,DNA
cgmlst-STMMW_12841	STMMW_12841,18,100.00,348/348,DNA
cgmlst-STMMW_12851	STMMW_12851,39,100.00,1185/1185,DNA
cgmlst-STMMW_12861	STMMW_12861,32,100.00,795/795,DNA
cgmlst-STMMW_12862	STMMW_12862,23,100.00,447/447,DNA
cgmlst-STMMW_12881	STMMW_12881,32,100.00,519/519,DNA
cgmlst-STMMW_12901	STMMW_12901,28,100.00,1287/1287,DNA
cgmlst-STMMW_12911	STMMW_12911,28,100.00,1935/1935,DNA
cgmlst-STMMW_12921	STMMW_12921,13,100.00,747/747,DNA
cgmlst-STMMW_12931	STMMW_12931,26,100.00,1197/1197,DNA
cgmlst-STMMW_12951	STMMW_12951,26,100.00,885/885,DNA
cgmlst-STMMW_12971	STMMW_12971,280,100.00,996/996,DNA
cgmlst-STMMW_12981	STMMW_12981,20,100.00,444/444,DNA
cgmlst-STMMW_12991	STMMW_12991,1,100.00,279/279,DNA
cgmlst-STMMW_13001	STMMW_13001,26,100.00,657/657,DNA
cgmlst-STMMW_13011	STMMW_13011,35,100.00,1017/1017,DNA
cgmlst-STMMW_13021	STMMW_13021,42,100.00,1857/1857,DNA
cgmlst-STMMW_13031	STMMW_13031,30,100.00,552/552,DNA
cgmlst-STMMW_13041	STMMW_13041,38,100.00,1044/1044,DNA
cgmlst-STMMW_13051	STMMW_13051,41,100.00,1950/1950,DNA
cgmlst-STMMW_13061	STMMW_13061,37,100.00,1344/1344,DNA
cgmlst-STMMW_13071	STMMW_13071,2,100.00,276/276,DNA
cgmlst-STMMW_13081	STMMW_13081,13,100.00,417/417,DNA
cgmlst-STMMW_13091	STMMW_13091,37,100.00,807/807,DNA
cgmlst-STMMW_13101	STMMW_13101,39,100.00,1227/1227,DNA
cgmlst-STMMW_13111	STMMW_13111,535,100.00,1035/1035,DNA
cgmlst-STMMW_13121	STMMW_13121,40,100.00,1479/1479,DNA
cgmlst-STMMW_13131	STMMW_13131,41,100.00,1344/1344,DNA
cgmlst-STMMW_13141	STMMW_13141,39,100.00,969/969,DNA
cgmlst-STMMW_13151	STMMW_13151,9,100.00,486/486,DNA
cgmlst-STMMW_13161	STMMW_13161,37,100.00,909/909,DNA
cgmlst-STMMW_13171	STMMW_13171,35,100.00,828/828,DNA
cgmlst-STMMW_13181	STMMW_13181,19,100.00,342/342,DNA
cgmlst-STMMW_13191	STMMW_13191,5,100.00,321/321,DNA
cgmlst-STMMW_13201	STMMW_13201,603,100.00,1359/1359,DNA
cgmlst-STMMW_13211	STMMW_13211,19,100.00,348/348,DNA
cgmlst-STMMW_13221	STMMW_13221,6,100.00,765/765,DNA
cgmlst-STMMW_13231	STMMW_13231,39,100.00,1356/1356,DNA
cgmlst-STMMW_13241	STMMW_13241,33,100.00,759/759,DNA
cgmlst-STMMW_13251	STMMW_13251,43,100.00,2253/2253,DNA
cgmlst-STMMW_13261	STMMW_13261,1,100.00,243/243,DNA
cgmlst-STMMW_13271	STMMW_13271,37,100.00,1392/1392,DNA
cgmlst-STMMW_13281	STMMW_13281,27,100.00,600/600,DNA
cgmlst-STMMW_13291	STMMW_13291,32,100.00,669/669,DNA
cgmlst-STMMW_13301	STMMW_13301,23,100.00,537/537,DNA
cgmlst-STMMW_13311	STMMW_13311,33,100.00,861/861,DNA
cgmlst-STMMW_13321	STMMW_13321,14,100.00,291/291,DNA
cgmlst-STMMW_13331	STMMW_13331,35,100.00,933/933,DNA
cgmlst-STMMW_13341	STMMW_13341,23,100.00,759/759,DNA
cgmlst-STMMW_13351	STMMW_13351,1313,100.00,959/959,DNA
cgmlst-STMMW_13371	STMMW_13371,39,100.00,837/837,DNA
cgmlst-STMMW_13401	STMMW_13401,27,100.00,1929/1929,DNA
cgmlst-STMMW_13411	STMMW_13411,1,100.00,435/435,DNA
cgmlst-STMMW_13421	STMMW_13421,1,100.00,198/198,DNA
cgmlst-STMMW_13431	STMMW_13431,1,100.00,357/357,DNA
cgmlst-STMMW_13441	STMMW_13441,27,100.00,984/984,DNA
cgmlst-STMMW_13451	STMMW_13451,39,100.00,2388/2388,DNA
cgmlst-STMMW_13461	STMMW_13461,1,100.00,300/300,DNA
cgmlst-STMMW_13471	STMMW_13471,478,100.00,990/990,DNA
cgmlst-STMMW_13481	STMMW_13481,7,100.00,552/552,DNA
cgmlst-STMMW_13491	STMMW_13491,36,100.00,750/750,DNA
cgmlst-STMMW_13501	STMMW_13501,30,100.00,465/465,DNA
cgmlst-STMMW_13511	STMMW_13511,40,100.00,714/714,DNA
cgmlst-STMMW_13521	STMMW_13521,41,100.00,1443/1443,DNA
cgmlst-STMMW_13531	STMMW_13531,5,100.00,192/192,DNA
cgmlst-STMMW_13541	STMMW_13541,39,100.00,1047/1047,DNA
cgmlst-STMMW_13551	STMMW_13551,36,100.00,834/834,DNA
cgmlst-STMMW_13561	STMMW_13561,38,100.00,2379/2379,DNA
cgmlst-STMMW_13651	STMMW_13651,32,100.00,759/759,DNA
cgmlst-STMMW_13701	STMMW_13701,31,100.00,1119/1119,DNA
cgmlst-STMMW_13711	STMMW_13711,42,100.00,3057/3057,DNA
cgmlst-STMMW_13721	STMMW_13721,7,100.00,411/411,DNA
cgmlst-STMMW_13731	STMMW_13731,5,100.00,189/189,DNA
cgmlst-STMMW_13741	STMMW_13741,29,100.00,1347/1347,DNA
cgmlst-STMMW_13751	STMMW_13751,1,100.00,369/369,DNA
cgmlst-STMMW_13761	STMMW_13761,27,100.00,1488/1488,DNA
cgmlst-STMMW_13771	STMMW_13771,22,100.00,747/747,DNA
cgmlst-STMMW_13781	STMMW_13781,36,100.00,1272/1272,DNA
cgmlst-STMMW_13791	STMMW_13791,39,100.00,1221/1221,DNA
cgmlst-STMMW_13801	STMMW_13801,31,100.00,417/417,DNA
cgmlst-STMMW_13811	STMMW_13811,27,100.00,1002/1002,DNA
cgmlst-STMMW_13831	STMMW_13831,38,100.00,1359/1359,DNA
cgmlst-STMMW_13881	STMMW_13881,43,100.00,3063/3063,DNA
cgmlst-STMMW_13891	STMMW_13891,28,100.00,1023/1023,DNA
cgmlst-STMMW_13901	STMMW_13901,24,100.00,753/753,DNA
cgmlst-STMMW_13911	STMMW_13911,41,100.00,1779/1779,DNA
cgmlst-STMMW_13921	STMMW_13921,1,100.00,621/621,DNA
cgmlst-STMMW_13931	STMMW_13931,1,100.00,213/213,DNA
cgmlst-STMMW_13941	STMMW_13941,26,100.00,960/960,DNA
cgmlst-STMMW_13951	STMMW_13951,34,100.00,728/728,DNA
cgmlst-STMMW_13961	STMMW_13961,5,100.00,639/639,DNA
cgmlst-STMMW_13971	STMMW_13971,737,100.00,2763/2763,DNA
cgmlst-STMMW_13981	STMMW_13981,5,100.00,402/402,DNA
cgmlst-STMMW_13991	STMMW_13991,39,100.00,1494/1494,DNA
cgmlst-STMMW_14001	STMMW_14001,23,100.00,1212/1212,DNA
cgmlst-STMMW_14021	STMMW_14021,2,100.00,327/327,DNA
cgmlst-STMMW_14031	STMMW_14031,1,100.00,591/591,DNA
cgmlst-STMMW_14041	STMMW_14041,5,100.00,474/474,DNA
cgmlst-STMMW_14051	STMMW_14051,5,100.00,1455/1455,DNA
cgmlst-STMMW_14061	STMMW_14061,5,100.00,588/588,DNA
cgmlst-STMMW_14071	STMMW_14071,7,100.00,417/417,DNA
cgmlst-STMMW_14081	STMMW_14081,1,100.00,435/435,DNA
cgmlst-STMMW_14091	STMMW_14091,35,100.00,783/783,DNA
cgmlst-STMMW_14101	STMMW_14101,23,100.00,690/690,DNA
cgmlst-STMMW_14111	STMMW_14111,1,100.00,216/216,DNA
cgmlst-STMMW_14121	STMMW_14121,1,100.00,228/228,DNA
cgmlst-STMMW_14131	STMMW_14131,1,100.00,249/249,DNA
cgmlst-STMMW_14141	STMMW_14141,27,100.00,750/750,DNA
cgmlst-STMMW_14151	STMMW_14151,1,100.00,549/549,DNA
cgmlst-STMMW_14161	STMMW_14161,26,100.00,675/675,DNA
cgmlst-STMMW_14171	STMMW_14171,31,100.00,1017/1017,DNA
cgmlst-STMMW_14181	STMMW_14181,20,100.00,369/369,DNA
cgmlst-STMMW_14191	STMMW_14191,1,100.00,2046/2046,DNA
cgmlst-STMMW_14201	STMMW_14201,538,100.00,1302/1302,DNA
cgmlst-STMMW_14211	STMMW_14211,196,100.00,432/432,DNA
cgmlst-STMMW_14221	STMMW_14221,7,100.00,375/375,DNA
cgmlst-STMMW_14231	STMMW_14231,25,100.00,969/969,DNA
cgmlst-STMMW_14241	STMMW_14241,29,100.00,648/648,DNA
cgmlst-STMMW_14251	STMMW_14251,10,100.00,267/267,DNA
cgmlst-STMMW_14261	STMMW_14261,35,100.00,780/780,DNA
cgmlst-STMMW_14271	STMMW_14271,33,100.00,1059/1059,DNA
cgmlst-STMMW_14281	STMMW_14281,5,100.00,1374/1374,DNA
cgmlst-STMMW_14291	STMMW_14291,313,100.00,642/642,DNA
cgmlst-STMMW_14301	STMMW_14301,12,100.00,1149/1149,DNA
cgmlst-STMMW_14311	STMMW_14311,40,100.00,1206/1206,DNA
cgmlst-STMMW_14321	STMMW_14321,27,100.00,933/933,DNA
cgmlst-STMMW_14331	STMMW_14331,25,100.00,1026/1026,DNA
cgmlst-STMMW_14332	STMMW_14332,1,100.00,90/90,DNA
cgmlst-STMMW_14341	STMMW_14341,29,100.00,582/582,DNA
cgmlst-STMMW_14351	STMMW_14351,36,100.00,855/855,DNA
cgmlst-STMMW_14361	STMMW_14361,1,100.00,348/348,DNA
cgmlst-STMMW_14371	STMMW_14371,33,100.00,648/648,DNA
cgmlst-STMMW_14381	STMMW_14381,21,100.00,408/408,DNA
cgmlst-STMMW_14391	STMMW_14391,35,100.00,1098/1098,DNA
cgmlst-STMMW_14401	STMMW_14401,28,100.00,600/600,DNA
cgmlst-STMMW_14411	STMMW_14411,13,100.00,240/240,DNA
cgmlst-STMMW_14421	STMMW_14421,28,100.00,897/897,DNA
cgmlst-STMMW_14431	STMMW_14431,20,100.00,522/522,DNA
cgmlst-STMMW_14441	STMMW_14441,40,100.00,2040/2040,DNA
cgmlst-STMMW_14451	STMMW_14451,469,100.00,897/897,DNA
cgmlst-STMMW_14461	STMMW_14461,1,100.00,237/237,DNA
cgmlst-STMMW_14471	STMMW_14471,1,100.00,441/441,DNA
cgmlst-STMMW_14481	STMMW_14481,1,100.00,468/468,DNA
cgmlst-STMMW_14491	STMMW_14491,40,100.00,1122/1122,DNA
cgmlst-STMMW_14501	STMMW_14501,1,100.00,330/330,DNA
cgmlst-STMMW_14511	STMMW_14511,31,100.00,657/657,DNA
cgmlst-STMMW_14521	STMMW_14521,15,100.00,1275/1275,DNA
cgmlst-STMMW_14541	STMMW_14541,32,100.00,606/606,DNA
cgmlst-STMMW_14551	STMMW_14551,37,100.00,1506/1506,DNA
cgmlst-STMMW_14561	STMMW_14561,35,100.00,636/636,DNA
cgmlst-STMMW_14571	STMMW_14571,7,100.00,693/693,DNA
cgmlst-STMMW_14581	STMMW_14581,33,100.00,621/621,DNA
cgmlst-STMMW_14591	STMMW_14591,39,100.00,1059/1059,DNA
cgmlst-STMMW_14611	STMMW_14611,17,100.00,579/579,DNA
cgmlst-STMMW_14621	STMMW_14621,7,100.00,582/582,DNA
cgmlst-STMMW_14631	STMMW_14631,8,100.00,441/441,DNA
cgmlst-STMMW_14641	STMMW_14641,1,100.00,216/216,DNA
cgmlst-STMMW_14642	STMMW_14642,2,100.00,126/126,DNA
cgmlst-STMMW_14651	STMMW_14651,41,100.00,1041/1041,DNA
cgmlst-STMMW_14661	STMMW_14661,33,100.00,1002/1002,DNA
cgmlst-STMMW_14671	STMMW_14671,42,100.00,1509/1509,DNA
cgmlst-STMMW_14681	STMMW_14681,1736,100.00,1176/1176,DNA
cgmlst-STMMW_14691	STMMW_14691,28,100.00,1647/1647,DNA
cgmlst-STMMW_14701	STMMW_14701,28,100.00,1404/1404,DNA
cgmlst-STMMW_14711	STMMW_14711,30,100.00,930/930,DNA
cgmlst-STMMW_14721	STMMW_14721,28,100.00,1302/1302,DNA
cgmlst-STMMW_14751	STMMW_14751,310,100.00,732/732,DNA
cgmlst-STMMW_14761	STMMW_14761,18,100.00,337/337,DNA
cgmlst-STMMW_14771	STMMW_14771,40,100.00,1384/1384,DNA
cgmlst-STMMW_14781	STMMW_14781,13,100.00,945/945,DNA
cgmlst-STMMW_14791	STMMW_14791,27,100.00,1530/1530,DNA
cgmlst-STMMW_14801	STMMW_14801,36,100.00,1389/1389,DNA
cgmlst-STMMW_14811	STMMW_14811,38,100.00,1035/1035,DNA
cgmlst-STMMW_14821	STMMW_14821,21,100.00,363/363,DNA
cgmlst-STMMW_14831	STMMW_14831,16,100.00,330/330,DNA
cgmlst-STMMW_14841	STMMW_14841,19,100.00,822/822,DNA
cgmlst-STMMW_14861	STMMW_14861,38,100.00,1254/1254,DNA
cgmlst-STMMW_14871	STMMW_14871,38,100.00,900/900,DNA
cgmlst-STMMW_14881	STMMW_14881,39,100.00,1221/1221,DNA
cgmlst-STMMW_14891	STMMW_14891,25,100.00,696/696,DNA
cgmlst-STMMW_14901	STMMW_14901,40,100.00,1290/1290,DNA
cgmlst-STMMW_14911	STMMW_14911,27,100.00,1149/1149,DNA
cgmlst-STMMW_14921	STMMW_14921,28,100.00,648/648,DNA
cgmlst-STMMW_14931	STMMW_14931,509,100.00,904/904,DNA
cgmlst-STMMW_14941	STMMW_14941,28,100.00,711/711,DNA
cgmlst-STMMW_14951	STMMW_14951,25,100.00,615/615,DNA
cgmlst-STMMW_14991	STMMW_14991,801,100.00,2442/2442,DNA
cgmlst-STMMW_15001	STMMW_15001,21,100.00,309/309,DNA
cgmlst-STMMW_15021	STMMW_15021,10,100.00,561/561,DNA
cgmlst-STMMW_15031	STMMW_15031,19,100.00,342/342,DNA
cgmlst-STMMW_15041	STMMW_15041,26,100.00,327/327,DNA
cgmlst-STMMW_15051	STMMW_15051,37,100.00,1215/1215,DNA
cgmlst-STMMW_15091	STMMW_15091,10,100.00,204/204,DNA
cgmlst-STMMW_15101	STMMW_15101,36,100.00,687/687,DNA
cgmlst-STMMW_15111	STMMW_15111,19,100.00,747/747,DNA
cgmlst-STMMW_15121	STMMW_15121,-,-,-,DNA
cgmlst-STMMW_15151	STMMW_15151,26,100.00,393/393,DNA
cgmlst-STMMW_15191	STMMW_15191,9,100.00,435/435,DNA
cgmlst-STMMW_15201	STMMW_15201,5,100.00,435/435,DNA
cgmlst-STMMW_15211	STMMW_15211,31,100.00,666/666,DNA
cgmlst-STMMW_15221	STMMW_15221,27,100.00,1191/1191,DNA
cgmlst-STMMW_15231	STMMW_15231,26,100.00,873/873,DNA
cgmlst-STMMW_15241	STMMW_15241,28,100.00,1389/1389,DNA
cgmlst-STMMW_15251	STMMW_15251,35,100.00,927/927,DNA
cgmlst-STMMW_15261	STMMW_15261,19,100.00,360/360,DNA
cgmlst-STMMW_15321	STMMW_15321,505,100.00,1062/1062,DNA
cgmlst-STMMW_15331	STMMW_15331,22,100.00,411/411,DNA
cgmlst-STMMW_15341	STMMW_15341,206,100.00,345/345,DNA
cgmlst-STMMW_15351	STMMW_15351,29,100.00,609/609,DNA
cgmlst-STMMW_15361	STMMW_15361,19,100.00,744/744,DNA
cgmlst-STMMW_15371	STMMW_15371,20,100.00,1803/1803,DNA
cgmlst-STMMW_15531	STMMW_15531,30,100.00,2076/2076,DNA
cgmlst-STMMW_15541	STMMW_15541,26,100.00,2529/2529,DNA
cgmlst-STMMW_15551	STMMW_15551,743,100.00,1785/1785,DNA
cgmlst-STMMW_15561	STMMW_15561,10,100.00,786/786,DNA
cgmlst-STMMW_15571	STMMW_15571,1,100.00,330/330,DNA
cgmlst-STMMW_15581	STMMW_15581,1,100.00,432/432,DNA
cgmlst-STMMW_15591	STMMW_15591,8,100.00,216/216,DNA
cgmlst-STMMW_15601	STMMW_15601,1,100.00,144/144,DNA
cgmlst-STMMW_15611	STMMW_15611,210,100.00,1698/1698,DNA
cgmlst-STMMW_15621	STMMW_15621,29,100.00,930/930,DNA
cgmlst-STMMW_15681	STMMW_15681,-,-,-,DNA
cgmlst-STMMW_15691	STMMW_15691,-,-,-,DNA
cgmlst-STMMW_15701	STMMW_15701,-,-,-,DNA
cgmlst-STMMW_15771	STMMW_15771,26,100.00,846/846,DNA
cgmlst-STMMW_15791	STMMW_15791,36,100.00,1494/1494,DNA
cgmlst-STMMW_15801	STMMW_15801,20,100.00,222/222,DNA
cgmlst-STMMW_15811	STMMW_15811,33,100.00,1062/1062,DNA
cgmlst-STMMW_15821	STMMW_15821,44,100.00,2121/2121,DNA
cgmlst-STMMW_15831	STMMW_15831,5,100.00,666/666,DNA
cgmlst-STMMW_15841	STMMW_15841,30,100.00,1071/1071,DNA
cgmlst-STMMW_15851	STMMW_15851,13,100.00,516/516,DNA
cgmlst-STMMW_15861	STMMW_15861,14,100.00,450/450,DNA
cgmlst-STMMW_15871	STMMW_15871,1,100.00,234/234,DNA
cgmlst-STMMW_15881	STMMW_15881,39,100.00,1329/1329,DNA
cgmlst-STMMW_15901	STMMW_15901,45,100.00,2145/2145,DNA
cgmlst-STMMW_15921	STMMW_15921,40,100.00,1446/1446,DNA
cgmlst-STMMW_15981	STMMW_15981,1,100.00,231/231,DNA
cgmlst-STMMW_15991	STMMW_15991,42,100.00,1965/1965,DNA
cgmlst-STMMW_16021	STMMW_16021,334,100.00,669/669,DNA
cgmlst-STMMW_16031	STMMW_16031,31,100.00,597/597,DNA
cgmlst-STMMW_16041	STMMW_16041,38,100.00,1014/1014,DNA
cgmlst-STMMW_16051	STMMW_16051,35,100.00,981/981,DNA
cgmlst-STMMW_16061	STMMW_16061,7,100.00,540/540,DNA
cgmlst-STMMW_16131	STMMW_16131,37,100.00,792/792,DNA
cgmlst-STMMW_16161	STMMW_16161,37,100.00,576/576,DNA
cgmlst-STMMW_16171	STMMW_16171,46,100.00,1656/1656,DNA
cgmlst-STMMW_16181	STMMW_16181,40,100.00,1509/1509,DNA
cgmlst-STMMW_16331	STMMW_16331,14,100.00,663/663,DNA
cgmlst-STMMW_16341	STMMW_16341,23,100.00,531/531,DNA
cgmlst-STMMW_16351	STMMW_16351,27,100.00,801/801,DNA
cgmlst-STMMW_16361	STMMW_16361,45,100.00,3903/3903,DNA
cgmlst-STMMW_16371	STMMW_16371,33,100.00,606/606,DNA
cgmlst-STMMW_16391	STMMW_16391,17,100.00,324/324,DNA
cgmlst-STMMW_16401	STMMW_16401,4,100.00,192/192,DNA
cgmlst-STMMW_16411	STMMW_16411,42,100.00,2637/2637,DNA
cgmlst-STMMW_16421	STMMW_16421,24,100.00,990/990,DNA
cgmlst-STMMW_16431	STMMW_16431,25,100.00,411/411,DNA
cgmlst-STMMW_16441	STMMW_16441,1,100.00,156/156,DNA
cgmlst-STMMW_16451	STMMW_16451,1,100.00,300/300,DNA
cgmlst-STMMW_16461	STMMW_16461,795,100.00,3525/3525,DNA
cgmlst-STMMW_16471	STMMW_16471,19,100.00,435/435,DNA
cgmlst-STMMW_16481	STMMW_16481,6,100.00,339/339,DNA
cgmlst-STMMW_16501	STMMW_16501,34,100.00,936/936,DNA
cgmlst-STMMW_16511	STMMW_16511,37,100.00,1374/1374,DNA
cgmlst-STMMW_16521	STMMW_16521,14,100.00,984/984,DNA
cgmlst-STMMW_16541	STMMW_16541,20,100.00,564/564,DNA
cgmlst-STMMW_16551	STMMW_16551,32,100.00,516/516,DNA
cgmlst-STMMW_16561	STMMW_16561,13,100.00,795/795,DNA
cgmlst-STMMW_16571	STMMW_16571,28,100.00,948/948,DNA
cgmlst-STMMW_16581	STMMW_16581,5,100.00,255/255,DNA
cgmlst-STMMW_16591	STMMW_16591,35,100.00,1032/1032,DNA
cgmlst-STMMW_16601	STMMW_16601,28,100.00,603/603,DNA
cgmlst-STMMW_16611	STMMW_16611,430,100.00,687/687,DNA
cgmlst-STMMW_16751	STMMW_16751,31,100.00,729/729,DNA
cgmlst-STMMW_16761	STMMW_16761,469,100.00,966/966,DNA
cgmlst-STMMW_16771	STMMW_16771,1,100.00,507/507,DNA
cgmlst-STMMW_16781	STMMW_16781,33,100.00,1542/1542,DNA
cgmlst-STMMW_16791	STMMW_16791,37,100.00,1062/1062,DNA
cgmlst-STMMW_16801	STMMW_16801,38,100.00,1404/1404,DNA
cgmlst-STMMW_16831	STMMW_16831,6,100.00,360/360,DNA
cgmlst-STMMW_16841	STMMW_16841,8,100.00,225/225,DNA
cgmlst-STMMW_16851	STMMW_16851,22,100.00,669/669,DNA
cgmlst-STMMW_16871	STMMW_16871,28,100.00,1650/1650,DNA
cgmlst-STMMW_16881	STMMW_16881,344,100.00,795/795,DNA
cgmlst-STMMW_16891	STMMW_16891,31,100.00,891/891,DNA
cgmlst-STMMW_16901	STMMW_16901,33,100.00,993/993,DNA
cgmlst-STMMW_16911	STMMW_16911,18,100.00,807/807,DNA
cgmlst-STMMW_16921	STMMW_16921,17,100.00,708/708,DNA
cgmlst-STMMW_16961	STMMW_16961,10,100.00,789/789,DNA
cgmlst-STMMW_16981	STMMW_16981,30,100.00,1935/1935,DNA
cgmlst-STMMW_16991	STMMW_16991,30,100.00,1983/1983,DNA
cgmlst-STMMW_16992	STMMW_16992,1,100.00,180/180,DNA
cgmlst-STMMW_17001	STMMW_17001,1,100.00,753/753,DNA
cgmlst-STMMW_17002	STMMW_17002,1,100.00,219/219,DNA
cgmlst-STMMW_17011	STMMW_17011,4,100.00,327/327,DNA
cgmlst-STMMW_17021	STMMW_17021,26,100.00,738/738,DNA
cgmlst-STMMW_17031	STMMW_17031,5,100.00,1116/1116,DNA
cgmlst-STMMW_17041	STMMW_17041,6,100.00,309/309,DNA
cgmlst-STMMW_17051	STMMW_17051,5,100.00,765/765,DNA
cgmlst-STMMW_17061	STMMW_17061,21,100.00,591/591,DNA
cgmlst-STMMW_17071	STMMW_17071,38,100.00,2676/2676,DNA
cgmlst-STMMW_17072	STMMW_17072,1,100.00,129/129,DNA
cgmlst-STMMW_17081	STMMW_17081,35,100.00,975/975,DNA
cgmlst-STMMW_17101	STMMW_17101,28,100.00,2598/2598,DNA
cgmlst-STMMW_17111	STMMW_17111,1,100.00,252/252,DNA
cgmlst-STMMW_17121	STMMW_17121,7,100.00,1047/1047,DNA
cgmlst-STMMW_17131	STMMW_17131,7,100.00,762/762,DNA
cgmlst-STMMW_17141	STMMW_17141,7,100.00,591/591,DNA
cgmlst-STMMW_17151	STMMW_17151,27,100.00,876/876,DNA
cgmlst-STMMW_17161	STMMW_17161,7,100.00,621/621,DNA
cgmlst-STMMW_17171	STMMW_17171,26,100.00,882/882,DNA
cgmlst-STMMW_17181	STMMW_17181,30,100.00,1563/1563,DNA
cgmlst-STMMW_17191	STMMW_17191,28,100.00,1596/1596,DNA
cgmlst-STMMW_17201	STMMW_17201,39,100.00,1359/1359,DNA
cgmlst-STMMW_17211	STMMW_17211,26,100.00,1194/1194,DNA
cgmlst-STMMW_17221	STMMW_17221,26,100.00,807/807,DNA
cgmlst-STMMW_17241	STMMW_17241,16,100.00,504/504,DNA
cgmlst-STMMW_17251	STMMW_17251,18,100.00,507/507,DNA
cgmlst-STMMW_17261	STMMW_17261,24,100.00,879/879,DNA
cgmlst-STMMW_17271	STMMW_17271,11,100.00,639/639,DNA
cgmlst-STMMW_17281	STMMW_17281,1,100.00,405/405,DNA
cgmlst-STMMW_17291	STMMW_17291,4,100.00,744/744,DNA
cgmlst-STMMW_17301	STMMW_17301,22,100.00,540/540,DNA
cgmlst-STMMW_17311	STMMW_17311,20,100.00,402/402,DNA
cgmlst-STMMW_17321	STMMW_17321,169,100.00,729/729,DNA
cgmlst-STMMW_17331	STMMW_17331,15,100.00,297/297,DNA
cgmlst-STMMW_17341	STMMW_17341,35,100.00,1461/1461,DNA
cgmlst-STMMW_17351	STMMW_17351,11,100.00,330/330,DNA
cgmlst-STMMW_17361	STMMW_17361,33,100.00,783/783,DNA
cgmlst-STMMW_17371	STMMW_17371,4,100.00,1005/1005,DNA
cgmlst-STMMW_17381	STMMW_17381,35,100.00,1008/1008,DNA
cgmlst-STMMW_17391	STMMW_17391,1,100.00,909/909,DNA
cgmlst-STMMW_17401	STMMW_17401,25,100.00,921/921,DNA
cgmlst-STMMW_17411	STMMW_17411,634,100.00,1749/1749,DNA
cgmlst-STMMW_17431	STMMW_17431,20,100.00,648/648,DNA
cgmlst-STMMW_17451	STMMW_17451,5,100.00,618/618,DNA
cgmlst-STMMW_17461	STMMW_17461,1,100.00,414/414,DNA
cgmlst-STMMW_17471	STMMW_17471,299,100.00,909/909,DNA
cgmlst-STMMW_17481	STMMW_17481,32,100.00,1014/1014,DNA
cgmlst-STMMW_17491	STMMW_17491,22,100.00,906/906,DNA
cgmlst-STMMW_17501	STMMW_17501,5,100.00,459/459,DNA
cgmlst-STMMW_17511	STMMW_17511,25,100.00,843/843,DNA
cgmlst-STMMW_17531	STMMW_17531,?,-,-,DNA
cgmlst-STMMW_17541	STMMW_17541,437,100.00,711/711,DNA
cgmlst-STMMW_17551	STMMW_17551,39,100.00,1539/1539,DNA
cgmlst-STMMW_17561	STMMW_17561,824,100.00,3744/3744,DNA
cgmlst-STMMW_17571	STMMW_17571,598,100.00,1398/1398,DNA
cgmlst-STMMW_17581	STMMW_17581,39,100.00,1797/1797,DNA
cgmlst-STMMW_17591	STMMW_17591,25,100.00,651/651,DNA
cgmlst-STMMW_17601	STMMW_17601,40,100.00,1425/1425,DNA
cgmlst-STMMW_17611	STMMW_17611,5,100.00,354/354,DNA
cgmlst-STMMW_17621	STMMW_17621,13,100.00,231/231,DNA
cgmlst-STMMW_17631	STMMW_17631,37,100.00,1101/1101,DNA
cgmlst-STMMW_17641	STMMW_17641,29,100.00,855/855,DNA
cgmlst-STMMW_17651	STMMW_17651,25,100.00,810/810,DNA
cgmlst-STMMW_17661	STMMW_17661,1,100.00,390/390,DNA
cgmlst-STMMW_17671	STMMW_17671,24,100.00,834/834,DNA
cgmlst-STMMW_17681	STMMW_17681,23,100.00,1083/1083,DNA
cgmlst-STMMW_17691	STMMW_17691,26,100.00,1257/1257,DNA
cgmlst-STMMW_17701	STMMW_17701,20,100.00,624/624,DNA
cgmlst-STMMW_17711	STMMW_17711,25,100.00,852/852,DNA
cgmlst-STMMW_17721	STMMW_17721,11,100.00,948/948,DNA
cgmlst-STMMW_17731	STMMW_17731,37,100.00,1662/1662,DNA
cgmlst-STMMW_17741	STMMW_17741,12,100.00,279/279,DNA
cgmlst-STMMW_17751	STMMW_17751,34,100.00,609/609,DNA
cgmlst-STMMW_17761	STMMW_17761,25,100.00,1092/1092,DNA
cgmlst-STMMW_17781	STMMW_17781,178,100.00,1119/1119,DNA
cgmlst-STMMW_17791	STMMW_17791,40,100.00,1794/1794,DNA
cgmlst-STMMW_17801	STMMW_17801,24,100.00,732/732,DNA
cgmlst-STMMW_17811	STMMW_17811,30,100.00,597/597,DNA
cgmlst-STMMW_17821	STMMW_17821,10,100.00,405/405,DNA
cgmlst-STMMW_17831	STMMW_17831,28,100.00,849/849,DNA
cgmlst-STMMW_17861	STMMW_17861,1,100.00,90/90,DNA
cgmlst-STMMW_17871	STMMW_17871,41,100.00,1326/1326,DNA
cgmlst-STMMW_17881	STMMW_17881,674,100.00,1713/1713,DNA
cgmlst-STMMW_17891	STMMW_17891,14,100.00,255/255,DNA
cgmlst-STMMW_17901	STMMW_17901,23,100.00,735/735,DNA
cgmlst-STMMW_17911	STMMW_17911,28,100.00,612/612,DNA
cgmlst-STMMW_17921	STMMW_17921,27,100.00,915/915,DNA
cgmlst-STMMW_17931	STMMW_17931,37,100.00,1734/1734,DNA
cgmlst-STMMW_17941	STMMW_17941,36,100.00,1071/1071,DNA
cgmlst-STMMW_17951	STMMW_17951,39,100.00,1299/1299,DNA
cgmlst-STMMW_17961	STMMW_17961,28,100.00,1533/1533,DNA
cgmlst-STMMW_17971	STMMW_17971,12,100.00,720/720,DNA
cgmlst-STMMW_17981	STMMW_17981,27,100.00,1545/1545,DNA
cgmlst-STMMW_17991	STMMW_17991,20,100.00,531/531,DNA
cgmlst-STMMW_18001	STMMW_18001,1,100.00,342/342,DNA
cgmlst-STMMW_18011	STMMW_18011,3,100.00,174/174,DNA
cgmlst-STMMW_18021	STMMW_18021,12,100.00,138/138,DNA
cgmlst-STMMW_18031	STMMW_18031,1,100.00,462/462,DNA
cgmlst-STMMW_18041	STMMW_18041,1,100.00,660/660,DNA
cgmlst-STMMW_18051	STMMW_18051,6,100.00,333/333,DNA
cgmlst-STMMW_18061	STMMW_18061,23,100.00,708/708,DNA
cgmlst-STMMW_18071	STMMW_18071,22,100.00,813/813,DNA
cgmlst-STMMW_18081	STMMW_18081,1,100.00,267/267,DNA
cgmlst-STMMW_18091	STMMW_18091,38,100.00,1128/1128,DNA
cgmlst-STMMW_18101	STMMW_18101,41,100.00,1686/1686,DNA
cgmlst-STMMW_18111	STMMW_18111,23,100.00,582/582,DNA
cgmlst-STMMW_18121	STMMW_18121,29,100.00,696/696,DNA
cgmlst-STMMW_18131	STMMW_18131,50,100.00,1911/1911,DNA
cgmlst-STMMW_18141	STMMW_18141,5,100.00,345/345,DNA
cgmlst-STMMW_18151	STMMW_18151,2,100.00,180/180,DNA
cgmlst-STMMW_18161	STMMW_18161,24,100.00,1365/1365,DNA
cgmlst-STMMW_18171	STMMW_18171,32,100.00,579/579,DNA
cgmlst-STMMW_18181	STMMW_18181,28,100.00,1365/1365,DNA
cgmlst-STMMW_18191	STMMW_18191,27,100.00,1704/1704,DNA
cgmlst-STMMW_18211	STMMW_18211,3,100.00,336/336,DNA
cgmlst-STMMW_18221	STMMW_18221,22,100.00,969/969,DNA
cgmlst-STMMW_18231	STMMW_18231,24,100.00,801/801,DNA
cgmlst-STMMW_18241	STMMW_18241,25,100.00,861/861,DNA
cgmlst-STMMW_18251	STMMW_18251,27,100.00,459/459,DNA
cgmlst-STMMW_18261	STMMW_18261,24,100.00,567/567,DNA
cgmlst-STMMW_18271	STMMW_18271,15,100.00,810/810,DNA
cgmlst-STMMW_18281	STMMW_18281,35,100.00,1746/1746,DNA
cgmlst-STMMW_18292	STMMW_18292,3,100.00,144/144,DNA
cgmlst-STMMW_18293	STMMW_18293,24,100.00,288/288,DNA
cgmlst-STMMW_18294	STMMW_18294,5,100.00,144/144,DNA
cgmlst-STMMW_18301	STMMW_18301,9,100.00,240/240,DNA
cgmlst-STMMW_18311	STMMW_18311,1,100.00,792/792,DNA
cgmlst-STMMW_18321	STMMW_18321,26,100.00,1374/1374,DNA
cgmlst-STMMW_18331	STMMW_18331,24,100.00,882/882,DNA
cgmlst-STMMW_18341	STMMW_18341,27,100.00,2049/2049,DNA
cgmlst-STMMW_18351	STMMW_18351,1,100.00,687/687,DNA
cgmlst-STMMW_18361	STMMW_18361,5,100.00,585/585,DNA
cgmlst-STMMW_18371	STMMW_18371,28,100.00,1284/1284,DNA
cgmlst-STMMW_18381	STMMW_18381,38,100.00,2634/2634,DNA
cgmlst-STMMW_18391	STMMW_18391,7,100.00,1440/1440,DNA
cgmlst-STMMW_18401	STMMW_18401,1,100.00,240/240,DNA
cgmlst-STMMW_18411	STMMW_18411,4,100.00,192/192,DNA
cgmlst-STMMW_18421	STMMW_18421,23,100.00,651/651,DNA
cgmlst-STMMW_18431	STMMW_18431,1,100.00,165/165,DNA
cgmlst-STMMW_18441	STMMW_18441,?,-,-,DNA
cgmlst-STMMW_18551	STMMW_18551,35,100.00,876/876,DNA
cgmlst-STMMW_18561	STMMW_18561,27,100.00,375/375,DNA
cgmlst-STMMW_18571	STMMW_18571,1,100.00,231/231,DNA
cgmlst-STMMW_18581	STMMW_18581,32,100.00,657/657,DNA
cgmlst-STMMW_18591	STMMW_18591,34,100.00,699/699,DNA
cgmlst-STMMW_18601	STMMW_18601,39,100.00,2052/2052,DNA
cgmlst-STMMW_18611	STMMW_18611,35,100.00,660/660,DNA
cgmlst-STMMW_18621	STMMW_18621,9,100.00,354/354,DNA
cgmlst-STMMW_18631	STMMW_18631,18,100.00,291/291,DNA
cgmlst-STMMW_18641	STMMW_18641,35,100.00,1179/1179,DNA
cgmlst-STMMW_18651	STMMW_18651,15,100.00,642/642,DNA
cgmlst-STMMW_18661	STMMW_18661,40,100.00,1812/1812,DNA
cgmlst-STMMW_18671	STMMW_18671,39,100.00,1476/1476,DNA
cgmlst-STMMW_18681	STMMW_18681,32,100.00,870/870,DNA
cgmlst-STMMW_18691	STMMW_18691,38,100.00,1443/1443,DNA
cgmlst-STMMW_18711	STMMW_18711,35,100.00,1320/1320,DNA
cgmlst-STMMW_18721	STMMW_18721,33,100.00,1002/1002,DNA
cgmlst-STMMW_18731	STMMW_18731,34,100.00,807/807,DNA
cgmlst-STMMW_18741	STMMW_18741,38,100.00,786/786,DNA
cgmlst-STMMW_18751	STMMW_18751,417,100.00,930/930,DNA
cgmlst-STMMW_18761	STMMW_18761,31,100.00,612/612,DNA
cgmlst-STMMW_18811	STMMW_18811,32,100.00,522/522,DNA
cgmlst-STMMW_18821	STMMW_18821,32,100.00,741/741,DNA
cgmlst-STMMW_18831	STMMW_18831,19,100.00,453/453,DNA
cgmlst-STMMW_18841	STMMW_18841,41,100.00,1773/1773,DNA
cgmlst-STMMW_18851	STMMW_18851,27,100.00,567/567,DNA
cgmlst-STMMW_18871	STMMW_18871,1,100.00,396/396,DNA
cgmlst-STMMW_18881	STMMW_18881,36,100.00,744/744,DNA
cgmlst-STMMW_18891	STMMW_18891,39,100.00,972/972,DNA
cgmlst-STMMW_18901	STMMW_18901,37,100.00,747/747,DNA
cgmlst-STMMW_18911	STMMW_18911,32,100.00,570/570,DNA
cgmlst-STMMW_18921	STMMW_18921,15,100.00,1734/1734,DNA
cgmlst-STMMW_18941	STMMW_18941,40,100.00,1140/1140,DNA
cgmlst-STMMW_18951	STMMW_18951,27,100.00,393/393,DNA
cgmlst-STMMW_18961	STMMW_18961,43,100.00,2079/2079,DNA
cgmlst-STMMW_18971	STMMW_18971,37,100.00,1152/1152,DNA
cgmlst-STMMW_18981	STMMW_18981,16,100.00,645/645,DNA
cgmlst-STMMW_18991	STMMW_18991,1,100.00,390/390,DNA
cgmlst-STMMW_19001	STMMW_19001,34,100.00,1050/1050,DNA
cgmlst-STMMW_19011	STMMW_19011,29,100.00,867/867,DNA
cgmlst-STMMW_19031	STMMW_19031,4,100.00,504/504,DNA
cgmlst-STMMW_19041	STMMW_19041,40,100.00,2016/2016,DNA
cgmlst-STMMW_19051	STMMW_19051,30,100.00,930/930,DNA
cgmlst-STMMW_19061	STMMW_19061,35,100.00,831/831,DNA
cgmlst-STMMW_19071	STMMW_19071,8,100.00,585/585,DNA
cgmlst-STMMW_19081	STMMW_19081,6,100.00,351/351,DNA
cgmlst-STMMW_19101	STMMW_19101,18,100.00,429/429,DNA
cgmlst-STMMW_19111	STMMW_19111,38,100.00,1422/1422,DNA
cgmlst-STMMW_19121	STMMW_19121,35,100.00,804/804,DNA
cgmlst-STMMW_19131	STMMW_19131,17,100.00,558/558,DNA
cgmlst-STMMW_19141	STMMW_19141,14,100.00,504/504,DNA
cgmlst-STMMW_19161	STMMW_19161,17,100.00,336/336,DNA
cgmlst-STMMW_19171	STMMW_19171,28,100.00,498/498,DNA
cgmlst-STMMW_19181	STMMW_19181,18,100.00,240/240,DNA
cgmlst-STMMW_19191	STMMW_19191,38,100.00,1212/1212,DNA
cgmlst-STMMW_19201	STMMW_19201,9,100.00,666/666,DNA
cgmlst-STMMW_19211	STMMW_19211,166,100.00,326/326,DNA
cgmlst-STMMW_19241	STMMW_19241,244,100.00,549/549,DNA
cgmlst-STMMW_19251	STMMW_19251,37,100.00,1833/1833,DNA
cgmlst-STMMW_19261	STMMW_19261,7,100.00,657/657,DNA
cgmlst-STMMW_19262	STMMW_19262,1,100.00,78/78,DNA
cgmlst-STMMW_19281	STMMW_19281,1,100.00,225/225,DNA
cgmlst-STMMW_19291	STMMW_19291,38,100.00,723/723,DNA
cgmlst-STMMW_19311	STMMW_19311,32,100.00,669/669,DNA
cgmlst-STMMW_19321	STMMW_19321,38,100.00,987/987,DNA
cgmlst-STMMW_19331	STMMW_19331,14,100.00,801/801,DNA
cgmlst-STMMW_19341	STMMW_19341,13,100.00,552/552,DNA
cgmlst-STMMW_19351	STMMW_19351,25,100.00,720/720,DNA
cgmlst-STMMW_19401	STMMW_19401,38,100.00,1407/1407,DNA
cgmlst-STMMW_19411	STMMW_19411,1,100.00,408/408,DNA
cgmlst-STMMW_19421	STMMW_19421,2,100.00,369/369,DNA
cgmlst-STMMW_19431	STMMW_19431,32,100.00,1485/1485,DNA
cgmlst-STMMW_19451	STMMW_19451,25,100.00,1266/1266,DNA
cgmlst-STMMW_19461	STMMW_19461,15,100.00,234/234,DNA
cgmlst-STMMW_19471	STMMW_19471,27,100.00,387/387,DNA
cgmlst-STMMW_19481	STMMW_19481,23,100.00,315/315,DNA
cgmlst-STMMW_19491	STMMW_19491,34,99.94,1667/1683,DNA
cgmlst-STMMW_19501	STMMW_19501,393,100.00,996/996,DNA
cgmlst-STMMW_19511	STMMW_19511,31,100.00,729/729,DNA
cgmlst-STMMW_19521	STMMW_19521,36,100.00,1371/1371,DNA
cgmlst-STMMW_19531	STMMW_19531,8,100.00,444/444,DNA
cgmlst-STMMW_19541	STMMW_19541,40,100.00,1218/1218,DNA
cgmlst-STMMW_19551	STMMW_19551,14,100.00,468/468,DNA
cgmlst-STMMW_19561	STMMW_19561,33,100.00,1005/1005,DNA
cgmlst-STMMW_19571	STMMW_19571,6,100.00,414/414,DNA
cgmlst-STMMW_19581	STMMW_19581,17,100.00,378/378,DNA
cgmlst-STMMW_19591	STMMW_19591,134,100.00,738/738,DNA
cgmlst-STMMW_19601	STMMW_19601,4,100.00,270/270,DNA
cgmlst-STMMW_19611	STMMW_19611,34,100.00,795/795,DNA
cgmlst-STMMW_19621	STMMW_19621,16,100.00,624/624,DNA
cgmlst-STMMW_19631	STMMW_19631,1,100.00,198/198,DNA
cgmlst-STMMW_19641	STMMW_19641,1,100.00,228/228,DNA
cgmlst-STMMW_19651	STMMW_19651,193,100.00,816/816,DNA
cgmlst-STMMW_19661	STMMW_19661,43,100.00,1713/1713,DNA
cgmlst-STMMW_19671	STMMW_19671,16,100.00,246/246,DNA
cgmlst-STMMW_19681	STMMW_19681,38,100.00,912/912,DNA
cgmlst-STMMW_19691	STMMW_19691,36,100.00,921/921,DNA
cgmlst-STMMW_19701	STMMW_19701,13,100.00,471/471,DNA
cgmlst-STMMW_19711	STMMW_19711,38,100.00,1431/1431,DNA
cgmlst-STMMW_19721	STMMW_19721,37,100.00,696/696,DNA
cgmlst-STMMW_19751	STMMW_19751,?,-,-,DNA
cgmlst-STMMW_20351	STMMW_20351,22,100.00,798/798,DNA
cgmlst-STMMW_20411	STMMW_20411,35,100.00,1455/1455,DNA
cgmlst-STMMW_20501	STMMW_20501,589,100.00,1521/1521,DNA
cgmlst-STMMW_20891	STMMW_20891,4,100.00,336/336,DNA
cgmlst-STMMW_20901	STMMW_20901,35,100.00,1059/1059,DNA
cgmlst-STMMW_20911	STMMW_20911,1,100.00,468/468,DNA
cgmlst-STMMW_20921	STMMW_20921,37,100.00,1173/1173,DNA
cgmlst-STMMW_20931	STMMW_20931,145,100.00,765/765,DNA
cgmlst-STMMW_20941	STMMW_20941,26,100.00,579/579,DNA
cgmlst-STMMW_20951	STMMW_20951,717,100.00,2277/2277,DNA
cgmlst-STMMW_20981	STMMW_20981,38,100.00,1431/1431,DNA
cgmlst-STMMW_20991	STMMW_20991,37,100.00,1365/1365,DNA
cgmlst-STMMW_21001	STMMW_21001,11,100.00,915/915,DNA
cgmlst-STMMW_21011	STMMW_21011,30,100.00,825/825,DNA
cgmlst-STMMW_21021	STMMW_21021,33,100.00,900/900,DNA
cgmlst-STMMW_21031	STMMW_21031,36,100.00,1305/1305,DNA
cgmlst-STMMW_21041	STMMW_21041,34,100.00,1080/1080,DNA
cgmlst-STMMW_21051	STMMW_21051,32,100.00,1068/1068,DNA
cgmlst-STMMW_21061	STMMW_21061,10,100.00,594/594,DNA
cgmlst-STMMW_21071	STMMW_21071,462,100.00,738/738,DNA
cgmlst-STMMW_21081	STMMW_21081,160,100.00,777/777,DNA
cgmlst-STMMW_21091	STMMW_21091,1,100.00,612/612,DNA
cgmlst-STMMW_21101	STMMW_21101,26,100.00,984/984,DNA
cgmlst-STMMW_21111	STMMW_21111,5,100.00,1167/1167,DNA
cgmlst-STMMW_21121	STMMW_21121,36,100.00,1407/1407,DNA
cgmlst-STMMW_21301	STMMW_21301,2250,100.00,1404/1404,DNA
cgmlst-STMMW_21311	STMMW_21311,41,100.00,1221/1221,DNA
cgmlst-STMMW_21331	STMMW_21331,30,100.00,1479/1479,DNA
cgmlst-STMMW_21341	STMMW_21341,578,100.00,1395/1395,DNA
cgmlst-STMMW_21361	STMMW_21361,40,100.00,1443/1443,DNA
cgmlst-STMMW_21371	STMMW_21371,38,100.00,1224/1224,DNA
cgmlst-STMMW_21421	STMMW_21421,26,100.00,555/555,DNA
cgmlst-STMMW_21431	STMMW_21431,26,100.00,747/747,DNA
cgmlst-STMMW_21441	STMMW_21441,39,100.00,1215/1215,DNA
cgmlst-STMMW_21451	STMMW_21451,27,100.00,1218/1218,DNA
cgmlst-STMMW_21461	STMMW_21461,23,100.00,489/489,DNA
cgmlst-STMMW_21471	STMMW_21471,28,100.00,843/843,DNA
cgmlst-STMMW_21481	STMMW_21481,30,100.00,2160/2160,DNA
cgmlst-STMMW_21491	STMMW_21491,17,100.00,450/450,DNA
cgmlst-STMMW_21501	STMMW_21501,25,100.00,1056/1056,DNA
cgmlst-STMMW_21511	STMMW_21511,29,100.00,1581/1581,DNA
cgmlst-STMMW_21521	STMMW_21521,2664,100.00,1857/1857,DNA
cgmlst-STMMW_21531	STMMW_21531,24,100.00,582/582,DNA
cgmlst-STMMW_21541	STMMW_21541,1,100.00,642/642,DNA
cgmlst-STMMW_21551	STMMW_21551,228,100.00,2991/2991,DNA
cgmlst-STMMW_21561	STMMW_21561,5,100.00,870/870,DNA
cgmlst-STMMW_21571	STMMW_21571,593,100.00,1352/1352,DNA
cgmlst-STMMW_21581	STMMW_21581,39,100.00,1242/1242,DNA
cgmlst-STMMW_21591	STMMW_21591,843,100.00,3123/3123,DNA
cgmlst-STMMW_21601	STMMW_21601,44,100.00,3081/3081,DNA
cgmlst-STMMW_21621	STMMW_21621,570,100.00,1404/1404,DNA
cgmlst-STMMW_21631	STMMW_21631,23,100.00,723/723,DNA
cgmlst-STMMW_21671	STMMW_21671,32,100.00,1362/1362,DNA
cgmlst-STMMW_21691	STMMW_21691,12,100.00,417/417,DNA
cgmlst-STMMW_21711	STMMW_21711,177,100.00,900/900,DNA
cgmlst-STMMW_21721	STMMW_21721,19,100.00,1053/1053,DNA
cgmlst-STMMW_21731	STMMW_21731,29,100.00,1272/1272,DNA
cgmlst-STMMW_21741	STMMW_21741,37,100.00,1005/1005,DNA
cgmlst-STMMW_21751	STMMW_21751,13,100.00,861/861,DNA
cgmlst-STMMW_21761	STMMW_21761,15,100.00,747/747,DNA
cgmlst-STMMW_21771	STMMW_21771,24,100.00,801/801,DNA
cgmlst-STMMW_21791	STMMW_21791,5,100.00,315/315,DNA
cgmlst-STMMW_21851	STMMW_21851,36,100.00,1110/1110,DNA
cgmlst-STMMW_21861	STMMW_21861,38,100.00,2034/2034,DNA
cgmlst-STMMW_21901	STMMW_21901,9,100.00,720/720,DNA
cgmlst-STMMW_21911	STMMW_21911,480,100.00,1686/1686,DNA
cgmlst-STMMW_21921	STMMW_21921,385,100.00,732/732,DNA
cgmlst-STMMW_21931	STMMW_21931,1,100.00,108/108,DNA
cgmlst-STMMW_21941	STMMW_21941,33,100.00,846/846,DNA
cgmlst-STMMW_21951	STMMW_21951,38,100.00,948/948,DNA
cgmlst-STMMW_21961	STMMW_21961,39,100.00,1170/1170,DNA
cgmlst-STMMW_21971	STMMW_21971,12,100.00,918/918,DNA
cgmlst-STMMW_21981	STMMW_21981,39,100.00,2298/2298,DNA
cgmlst-STMMW_21991	STMMW_21991,42,100.00,1731/1731,DNA
cgmlst-STMMW_22001	STMMW_22001,14,100.00,909/909,DNA
cgmlst-STMMW_22011	STMMW_22011,29,100.00,588/588,DNA
cgmlst-STMMW_22021	STMMW_22021,13,100.00,597/597,DNA
cgmlst-STMMW_22031	STMMW_22031,37,100.00,762/762,DNA
cgmlst-STMMW_22041	STMMW_22041,42,100.00,1437/1437,DNA
cgmlst-STMMW_22061	STMMW_22061,37,100.00,939/939,DNA
cgmlst-STMMW_22081	STMMW_22081,23,100.00,645/645,DNA
cgmlst-STMMW_22091	STMMW_22091,37,100.00,702/702,DNA
cgmlst-STMMW_22131	STMMW_22131,20,100.00,399/399,DNA
cgmlst-STMMW_22141	STMMW_22141,25,100.00,696/696,DNA
cgmlst-STMMW_22151	STMMW_22151,29,100.00,885/885,DNA
cgmlst-STMMW_22161	STMMW_22161,27,100.00,720/720,DNA
cgmlst-STMMW_22171	STMMW_22171,5,100.00,246/246,DNA
cgmlst-STMMW_22181	STMMW_22181,38,100.00,1242/1242,DNA
cgmlst-STMMW_22191	STMMW_22191,36,100.00,1236/1236,DNA
cgmlst-STMMW_22201	STMMW_22201,38,100.00,1011/1011,DNA
cgmlst-STMMW_22221	STMMW_22221,37,100.00,977/977,DNA
cgmlst-STMMW_22231	STMMW_22231,536,100.00,1023/1023,DNA
cgmlst-STMMW_22241	STMMW_22241,39,100.00,1143/1143,DNA
cgmlst-STMMW_22251	STMMW_22251,1,100.00,669/669,DNA
cgmlst-STMMW_22261	STMMW_22261,439,100.00,858/858,DNA
cgmlst-STMMW_22311	STMMW_22311,44,100.00,1992/1992,DNA
cgmlst-STMMW_22321	STMMW_22321,30,100.00,1470/1470,DNA
cgmlst-STMMW_22331	STMMW_22331,27,100.00,864/864,DNA
cgmlst-STMMW_22341	STMMW_22341,26,100.00,1050/1050,DNA
cgmlst-STMMW_22351	STMMW_22351,27,100.00,858/858,DNA
cgmlst-STMMW_22361	STMMW_22361,2249,100.00,1689/1689,DNA
cgmlst-STMMW_22371	STMMW_22371,6,100.00,858/858,DNA
cgmlst-STMMW_22381	STMMW_22381,26,100.00,1131/1131,DNA
cgmlst-STMMW_22391	STMMW_22391,29,100.00,1182/1182,DNA
cgmlst-STMMW_22412	STMMW_22412,12,100.00,156/156,DNA
cgmlst-STMMW_22431	STMMW_22431,43,100.00,987/987,DNA
cgmlst-STMMW_22441	STMMW_22441,33,100.00,720/720,DNA
cgmlst-STMMW_22451	STMMW_22451,6,100.00,573/573,DNA
cgmlst-STMMW_22461	STMMW_22461,40,100.00,1557/1557,DNA
cgmlst-STMMW_22471	STMMW_22471,42,100.00,1806/1806,DNA
cgmlst-STMMW_22481	STMMW_22481,33,100.00,1095/1095,DNA
cgmlst-STMMW_22491	STMMW_22491,38,100.00,1026/1026,DNA
cgmlst-STMMW_22501	STMMW_22501,638,100.00,1590/1590,DNA
cgmlst-STMMW_22511	STMMW_22511,13,100.00,345/345,DNA
cgmlst-STMMW_22521	STMMW_22521,1,100.00,1191/1191,DNA
cgmlst-STMMW_22531	STMMW_22531,14,100.00,696/696,DNA
cgmlst-STMMW_22541	STMMW_22541,39,100.00,1761/1761,DNA
cgmlst-STMMW_22551	STMMW_22551,1,100.00,285/285,DNA
cgmlst-STMMW_22571	STMMW_22571,7,100.00,1008/1008,DNA
cgmlst-STMMW_22572	STMMW_22572,4,100.00,228/228,DNA
cgmlst-STMMW_22581	STMMW_22581,38,100.00,1761/1761,DNA
cgmlst-STMMW_22771	STMMW_22771,12,100.00,648/648,DNA
cgmlst-STMMW_22801	STMMW_22801,1,100.00,603/603,DNA
cgmlst-STMMW_22811	STMMW_22811,1,100.00,450/450,DNA
cgmlst-STMMW_22831	STMMW_22831,27,100.00,696/696,DNA
cgmlst-STMMW_22841	STMMW_22841,724,100.00,2487/2487,DNA
cgmlst-STMMW_22851	STMMW_22851,9,100.00,264/264,DNA
cgmlst-STMMW_22861	STMMW_22861,27,100.00,492/492,DNA
cgmlst-STMMW_22871	STMMW_22871,18,100.00,495/495,DNA
cgmlst-STMMW_22881	STMMW_22881,43,100.00,1644/1644,DNA
cgmlst-STMMW_22891	STMMW_22891,33,100.00,651/651,DNA
cgmlst-STMMW_22901	STMMW_22901,38,100.00,1062/1062,DNA
cgmlst-STMMW_22911	STMMW_22911,40,100.00,1053/1053,DNA
cgmlst-STMMW_22931	STMMW_22931,715,100.00,2670/2670,DNA
cgmlst-STMMW_22941	STMMW_22941,27,100.00,651/651,DNA
cgmlst-STMMW_22951	STMMW_22951,757,100.00,2847/2847,DNA
cgmlst-STMMW_22961	STMMW_22961,42,100.00,2637/2637,DNA
cgmlst-STMMW_23001	STMMW_23001,1,100.00,729/729,DNA
cgmlst-STMMW_23011	STMMW_23011,107,100.00,2286/2286,DNA
cgmlst-STMMW_23021	STMMW_23021,37,100.00,1131/1131,DNA
cgmlst-STMMW_23031	STMMW_23031,1,100.00,255/255,DNA
cgmlst-STMMW_23041	STMMW_23041,547,100.00,1191/1191,DNA
cgmlst-STMMW_23051	STMMW_23051,33,100.00,879/879,DNA
cgmlst-STMMW_23061	STMMW_23061,477,100.00,1071/1071,DNA
cgmlst-STMMW_23071	STMMW_23071,40,100.00,1359/1359,DNA
cgmlst-STMMW_23081	STMMW_23081,39,100.00,1629/1629,DNA
cgmlst-STMMW_23091	STMMW_23091,38,100.00,1260/1260,DNA
cgmlst-STMMW_23101	STMMW_23101,36,100.00,1191/1191,DNA
cgmlst-STMMW_23171	STMMW_23171,36,100.00,1197/1197,DNA
cgmlst-STMMW_23181	STMMW_23181,146,100.00,648/648,DNA
cgmlst-STMMW_23191	STMMW_23191,10,100.00,426/426,DNA
cgmlst-STMMW_23201	STMMW_23201,1,100.00,606/606,DNA
cgmlst-STMMW_23211	STMMW_23211,37,100.00,1158/1158,DNA
cgmlst-STMMW_23221	STMMW_23221,37,100.00,984/984,DNA
cgmlst-STMMW_23231	STMMW_23231,39,100.00,1983/1983,DNA
cgmlst-STMMW_23241	STMMW_23241,37,100.00,900/900,DNA
cgmlst-STMMW_23251	STMMW_23251,39,100.00,1647/1647,DNA
cgmlst-STMMW_23261	STMMW_23261,21,100.00,336/336,DNA
cgmlst-STMMW_23271	STMMW_23271,11,100.00,378/378,DNA
cgmlst-STMMW_23281	STMMW_23281,1,100.00,258/258,DNA
cgmlst-STMMW_23291	STMMW_23291,38,100.00,1368/1368,DNA
cgmlst-STMMW_23301	STMMW_23301,39,100.00,963/963,DNA
cgmlst-STMMW_23311	STMMW_23311,31,100.00,858/858,DNA
cgmlst-STMMW_23321	STMMW_23321,38,100.00,759/759,DNA
cgmlst-STMMW_23331	STMMW_23331,39,100.00,1671/1671,DNA
cgmlst-STMMW_23341	STMMW_23341,531,100.00,1296/1296,DNA
cgmlst-STMMW_23342	STMMW_23342,1,100.00,306/306,DNA
cgmlst-STMMW_23351	STMMW_23351,5,100.00,462/462,DNA
cgmlst-STMMW_23361	STMMW_23361,40,100.00,918/918,DNA
cgmlst-STMMW_23391	STMMW_23391,40,100.00,1278/1278,DNA
cgmlst-STMMW_23401	STMMW_23401,39,100.00,1530/1530,DNA
cgmlst-STMMW_23411	STMMW_23411,45,100.00,1842/1842,DNA
cgmlst-STMMW_23412	STMMW_23412,5,100.00,303/303,DNA
cgmlst-STMMW_23421	STMMW_23421,9,100.00,555/555,DNA
cgmlst-STMMW_23431	STMMW_23431,18,100.00,543/543,DNA
cgmlst-STMMW_23441	STMMW_23441,158,100.00,978/978,DNA
cgmlst-STMMW_23451	STMMW_23451,41,100.00,2733/2733,DNA
cgmlst-STMMW_23461	STMMW_23461,197,100.00,1338/1338,DNA
cgmlst-STMMW_23471	STMMW_23471,17,100.00,501/501,DNA
cgmlst-STMMW_23481	STMMW_23481,34,100.00,1803/1803,DNA
cgmlst-STMMW_23491	STMMW_23491,157,100.00,663/663,DNA
cgmlst-STMMW_23501	STMMW_23501,4,100.00,444/444,DNA
cgmlst-STMMW_23521	STMMW_23521,10,100.00,939/939,DNA
cgmlst-STMMW_23531	STMMW_23531,37,100.00,1215/1215,DNA
cgmlst-STMMW_23541	STMMW_23541,28,100.00,600/600,DNA
cgmlst-STMMW_23551	STMMW_23551,40,100.00,1827/1827,DNA
cgmlst-STMMW_23561	STMMW_23561,17,100.00,678/678,DNA
cgmlst-STMMW_23571	STMMW_23571,4,100.00,495/495,DNA
cgmlst-STMMW_23581	STMMW_23581,4,100.00,456/456,DNA
cgmlst-STMMW_23591	STMMW_23591,35,100.00,1203/1203,DNA
cgmlst-STMMW_23601	STMMW_23601,41,100.00,2145/2145,DNA
cgmlst-STMMW_23611	STMMW_23611,43,100.00,1521/1521,DNA
cgmlst-STMMW_23621	STMMW_23621,27,100.00,954/954,DNA
cgmlst-STMMW_23641	STMMW_23641,602,100.00,1392/1392,DNA
cgmlst-STMMW_23651	STMMW_23651,10,100.00,273/273,DNA
cgmlst-STMMW_23661	STMMW_23661,24,100.00,444/444,DNA
cgmlst-STMMW_23671	STMMW_23671,25,100.00,1020/1020,DNA
cgmlst-STMMW_23681	STMMW_23681,1,100.00,555/555,DNA
cgmlst-STMMW_23691	STMMW_23691,20,100.00,552/552,DNA
cgmlst-STMMW_23701	STMMW_23701,28,100.00,645/645,DNA
cgmlst-STMMW_23711	STMMW_23711,12,100.00,648/648,DNA
cgmlst-STMMW_23721	STMMW_23721,38,100.00,894/894,DNA
cgmlst-STMMW_23731	STMMW_23731,35,100.00,777/777,DNA
cgmlst-STMMW_23741	STMMW_23741,34,100.00,708/708,DNA
cgmlst-STMMW_23751	STMMW_23751,19,100.00,687/687,DNA
cgmlst-STMMW_23761	STMMW_23761,26,100.00,783/783,DNA
cgmlst-STMMW_23781	STMMW_23781,4,100.00,570/570,DNA
cgmlst-STMMW_23791	STMMW_23791,621,100.00,1407/1407,DNA
cgmlst-STMMW_23801	STMMW_23801,36,100.00,1104/1104,DNA
cgmlst-STMMW_23811	STMMW_23811,41,100.00,1422/1422,DNA
cgmlst-STMMW_23821	STMMW_23821,26,100.00,1398/1398,DNA
cgmlst-STMMW_23831	STMMW_23831,41,100.00,1428/1428,DNA
cgmlst-STMMW_23841	STMMW_23841,42,100.00,1518/1518,DNA
cgmlst-STMMW_23851	STMMW_23851,5,100.00,489/489,DNA
cgmlst-STMMW_23861	STMMW_23861,36,100.00,675/675,DNA
cgmlst-STMMW_23871	STMMW_23871,562,100.00,1269/1269,DNA
cgmlst-STMMW_23881	STMMW_23881,35,100.00,915/915,DNA
cgmlst-STMMW_23891	STMMW_23891,21,100.00,660/660,DNA
cgmlst-STMMW_23901	STMMW_23901,20,100.00,813/813,DNA
cgmlst-STMMW_23911	STMMW_23911,23,100.00,1014/1014,DNA
cgmlst-STMMW_23921	STMMW_23921,26,100.00,1137/1137,DNA
cgmlst-STMMW_23931	STMMW_23931,27,100.00,1002/1002,DNA
cgmlst-STMMW_23941	STMMW_23941,37,100.00,1179/1179,DNA
cgmlst-STMMW_24021	STMMW_24021,4,100.00,276/276,DNA
cgmlst-STMMW_24031	STMMW_24031,10,100.00,549/549,DNA
cgmlst-STMMW_24041	STMMW_24041,33,100.00,810/810,DNA
cgmlst-STMMW_24051	STMMW_24051,29,100.00,825/825,DNA
cgmlst-STMMW_24061	STMMW_24061,27,100.00,1086/1086,DNA
cgmlst-STMMW_24071	STMMW_24071,40,100.00,933/933,DNA
cgmlst-STMMW_24081	STMMW_24081,24,100.00,552/552,DNA
cgmlst-STMMW_24091	STMMW_24091,21,100.00,486/486,DNA
cgmlst-STMMW_24101	STMMW_24101,41,100.00,2148/2148,DNA
cgmlst-STMMW_24111	STMMW_24111,44,100.00,1311/1311,DNA
cgmlst-STMMW_24121	STMMW_24121,1,100.00,285/285,DNA
cgmlst-STMMW_24131	STMMW_24131,532,100.00,1314/1314,DNA
cgmlst-STMMW_24141	STMMW_24141,21,100.00,756/756,DNA
cgmlst-STMMW_24151	STMMW_24151,38,100.00,942/942,DNA
cgmlst-STMMW_24161	STMMW_24161,26,100.00,939/939,DNA
cgmlst-STMMW_24231	STMMW_24231,1,100.00,243/243,DNA
cgmlst-STMMW_24241	STMMW_24241,24,100.00,921/921,DNA
cgmlst-STMMW_24242	STMMW_24242,1,100.00,72/72,DNA
cgmlst-STMMW_24251	STMMW_24251,27,100.00,1239/1239,DNA
cgmlst-STMMW_24261	STMMW_24261,21,100.00,147/147,DNA
cgmlst-STMMW_24271	STMMW_24271,9,100.00,966/966,DNA
cgmlst-STMMW_24281	STMMW_24281,27,100.00,1236/1236,DNA
cgmlst-STMMW_24291	STMMW_24291,679,100.00,1654/1654,DNA
cgmlst-STMMW_24301	STMMW_24301,38,100.00,999/999,DNA
cgmlst-STMMW_24311	STMMW_24311,1,100.00,327/327,DNA
cgmlst-STMMW_24321	STMMW_24321,26,100.00,1242/1242,DNA
cgmlst-STMMW_24331	STMMW_24331,480,100.00,1203/1203,DNA
cgmlst-STMMW_24341	STMMW_24341,718,100.00,2194/2194,DNA
cgmlst-STMMW_24351	STMMW_24351,10,100.00,363/363,DNA
cgmlst-STMMW_24361	STMMW_24361,2,100.00,393/393,DNA
cgmlst-STMMW_24371	STMMW_24371,36,100.00,1416/1416,DNA
cgmlst-STMMW_24431	STMMW_24431,5,100.00,927/927,DNA
cgmlst-STMMW_24441	STMMW_24441,183,100.00,999/999,DNA
cgmlst-STMMW_24451	STMMW_24451,1,100.00,228/228,DNA
cgmlst-STMMW_24461	STMMW_24461,39,100.00,2016/2016,DNA
cgmlst-STMMW_24471	STMMW_24471,6,100.00,1038/1038,DNA
cgmlst-STMMW_24481	STMMW_24481,9,100.00,762/762,DNA
cgmlst-STMMW_24491	STMMW_24491,24,100.00,972/972,DNA
cgmlst-STMMW_24501	STMMW_24501,1,100.00,258/258,DNA
cgmlst-STMMW_24511	STMMW_24511,32,100.00,1728/1728,DNA
cgmlst-STMMW_24521	STMMW_24521,4,100.00,510/510,DNA
cgmlst-STMMW_24531	STMMW_24531,8,100.00,240/240,DNA
cgmlst-STMMW_24541	STMMW_24541,34,100.00,867/867,DNA
cgmlst-STMMW_24551	STMMW_24551,37,100.00,1293/1293,DNA
cgmlst-STMMW_24591	STMMW_24591,38,100.00,912/912,DNA
cgmlst-STMMW_24601	STMMW_24601,39,100.00,1098/1098,DNA
cgmlst-STMMW_24611	STMMW_24611,34,100.00,876/876,DNA
cgmlst-STMMW_24621	STMMW_24621,38,100.00,834/834,DNA
cgmlst-STMMW_24631	STMMW_24631,41,100.00,1017/1017,DNA
cgmlst-STMMW_24641	STMMW_24641,25,100.00,792/792,DNA
cgmlst-STMMW_24651	STMMW_24651,38,100.00,900/900,DNA
cgmlst-STMMW_24661	STMMW_24661,20,100.00,576/576,DNA
cgmlst-STMMW_24671	STMMW_24671,27,100.00,450/450,DNA
cgmlst-STMMW_24681	STMMW_24681,8,100.00,426/426,DNA
cgmlst-STMMW_24691	STMMW_24691,29,100.00,870/870,DNA
cgmlst-STMMW_24731	STMMW_24731,23,100.00,1053/1053,DNA
cgmlst-STMMW_24741	STMMW_24741,15,100.00,495/495,DNA
cgmlst-STMMW_24751	STMMW_24751,425,100.00,660/660,DNA
cgmlst-STMMW_24761	STMMW_24761,7,100.00,897/897,DNA
cgmlst-STMMW_24771	STMMW_24771,35,100.00,1362/1362,DNA
cgmlst-STMMW_24781	STMMW_24781,412,100.00,1404/1404,DNA
cgmlst-STMMW_24791	STMMW_24791,40,100.00,1227/1227,DNA
cgmlst-STMMW_24801	STMMW_24801,38,100.00,1188/1188,DNA
cgmlst-STMMW_24821	STMMW_24821,38,100.00,1404/1404,DNA
cgmlst-STMMW_24831	STMMW_24831,7,100.00,300/300,DNA
cgmlst-STMMW_24841	STMMW_24841,12,100.00,291/291,DNA
cgmlst-STMMW_24851	STMMW_24851,36,100.00,1017/1017,DNA
cgmlst-STMMW_24861	STMMW_24861,25,100.00,804/804,DNA
cgmlst-STMMW_24871	STMMW_24871,6,100.00,690/690,DNA
cgmlst-STMMW_24881	STMMW_24881,1,100.00,480/480,DNA
cgmlst-STMMW_24891	STMMW_24891,22,100.00,336/336,DNA
cgmlst-STMMW_24911	STMMW_24911,713,100.00,2280/2280,DNA
cgmlst-STMMW_24921	STMMW_24921,32,100.00,951/951,DNA
cgmlst-STMMW_24941	STMMW_24941,1,100.00,231/231,DNA
cgmlst-STMMW_24951	STMMW_24951,35,100.00,1044/1044,DNA
cgmlst-STMMW_24961	STMMW_24961,5,100.00,576/576,DNA
cgmlst-STMMW_24971	STMMW_24971,38,100.00,1299/1299,DNA
cgmlst-STMMW_24981	STMMW_24981,721,100.00,1962/1962,DNA
cgmlst-STMMW_24991	STMMW_24991,40,100.00,1701/1701,DNA
cgmlst-STMMW_25011	STMMW_25011,11,100.00,357/357,DNA
cgmlst-STMMW_25021	STMMW_25021,36,100.00,1128/1128,DNA
cgmlst-STMMW_25022	STMMW_25022,2,100.00,201/201,DNA
cgmlst-STMMW_25031	STMMW_25031,39,100.00,2019/2019,DNA
cgmlst-STMMW_25041	STMMW_25041,36,100.00,864/864,DNA
cgmlst-STMMW_25051	STMMW_25051,288,100.00,714/714,DNA
cgmlst-STMMW_25061	STMMW_25061,37,100.00,1035/1035,DNA
cgmlst-STMMW_25071	STMMW_25071,28,100.00,879/879,DNA
cgmlst-STMMW_25081	STMMW_25081,1,100.00,573/573,DNA
cgmlst-STMMW_25091	STMMW_25091,1,100.00,471/471,DNA
cgmlst-STMMW_25101	STMMW_25101,35,100.00,1089/1089,DNA
cgmlst-STMMW_25111	STMMW_25111,27,100.00,1464/1464,DNA
cgmlst-STMMW_25121	STMMW_25121,22,100.00,360/360,DNA
cgmlst-STMMW_25131	STMMW_25131,21,100.00,726/726,DNA
cgmlst-STMMW_25141	STMMW_25141,44,100.00,1290/1290,DNA
cgmlst-STMMW_25151	STMMW_25151,4,100.00,627/627,DNA
cgmlst-STMMW_25161	STMMW_25161,31,100.00,1038/1038,DNA
cgmlst-STMMW_25171	STMMW_25171,22,100.00,639/639,DNA
cgmlst-STMMW_25181	STMMW_25181,39,100.00,2067/2067,DNA
cgmlst-STMMW_25191	STMMW_25191,38,100.00,1542/1542,DNA
cgmlst-STMMW_25201	STMMW_25201,38,100.00,2214/2214,DNA
cgmlst-STMMW_25211	STMMW_25211,1,100.00,138/138,DNA
cgmlst-STMMW_25231	STMMW_25231,3,100.00,192/192,DNA
cgmlst-STMMW_25271	STMMW_25271,38,100.00,1578/1578,DNA
cgmlst-STMMW_25281	STMMW_25281,38,100.00,1467/1467,DNA
cgmlst-STMMW_25351	STMMW_25351,7,100.00,222/222,DNA
cgmlst-STMMW_25361	STMMW_25361,40,100.00,1473/1473,DNA
cgmlst-STMMW_25371	STMMW_25371,39,100.00,1179/1179,DNA
cgmlst-STMMW_25381	STMMW_25381,1,100.00,621/621,DNA
cgmlst-STMMW_25391	STMMW_25391,26,100.00,1275/1275,DNA
cgmlst-STMMW_25401	STMMW_25401,26,100.00,1119/1119,DNA
cgmlst-STMMW_25411	STMMW_25411,25,100.00,1005/1005,DNA
cgmlst-STMMW_25421	STMMW_25421,27,100.00,1167/1167,DNA
cgmlst-STMMW_25431	STMMW_25431,22,100.00,432/432,DNA
cgmlst-STMMW_25441	STMMW_25441,28,100.00,864/864,DNA
cgmlst-STMMW_25461	STMMW_25461,24,100.00,630/630,DNA
cgmlst-STMMW_25481	STMMW_25481,40,100.00,2316/2316,DNA
cgmlst-STMMW_25501	STMMW_25501,25,100.00,843/843,DNA
cgmlst-STMMW_25521	STMMW_25521,28,100.00,786/786,DNA
cgmlst-STMMW_25531	STMMW_25531,26,100.00,1284/1284,DNA
cgmlst-STMMW_25541	STMMW_25541,1,100.00,201/201,DNA
cgmlst-STMMW_25551	STMMW_25551,1,100.00,336/336,DNA
cgmlst-STMMW_25571	STMMW_25571,13,100.00,516/516,DNA
cgmlst-STMMW_25581	STMMW_25581,1,100.00,324/324,DNA
cgmlst-STMMW_25591	STMMW_25591,1,100.00,387/387,DNA
cgmlst-STMMW_25601	STMMW_25601,38,100.00,1215/1215,DNA
cgmlst-STMMW_25611	STMMW_25611,13,100.00,495/495,DNA
cgmlst-STMMW_25621	STMMW_25621,38,100.00,732/732,DNA
cgmlst-STMMW_25631	STMMW_25631,18,100.00,804/804,DNA
cgmlst-STMMW_25651	STMMW_25651,36,100.00,1044/1044,DNA
cgmlst-STMMW_25661	STMMW_25661,7,100.00,819/819,DNA
cgmlst-STMMW_25671	STMMW_25671,25,100.00,1014/1014,DNA
cgmlst-STMMW_25681	STMMW_25681,596,100.00,987/987,DNA
cgmlst-STMMW_25691	STMMW_25691,1,100.00,639/639,DNA
cgmlst-STMMW_25701	STMMW_25701,570,100.00,1278/1278,DNA
cgmlst-STMMW_25711	STMMW_25711,33,100.00,1140/1140,DNA
cgmlst-STMMW_25721	STMMW_25721,36,100.00,1254/1254,DNA
cgmlst-STMMW_25731	STMMW_25731,38,100.00,1191/1191,DNA
cgmlst-STMMW_25741	STMMW_25741,620,100.00,1545/1545,DNA
cgmlst-STMMW_25751	STMMW_25751,15,100.00,1332/1332,DNA
cgmlst-STMMW_25761	STMMW_25761,40,100.00,2082/2082,DNA
cgmlst-STMMW_25801	STMMW_25801,441,100.00,765/765,DNA
cgmlst-STMMW_25811	STMMW_25811,19,100.00,1443/1443,DNA
cgmlst-STMMW_25821	STMMW_25821,845,100.00,3888/3888,DNA
cgmlst-STMMW_25831	STMMW_25831,27,100.00,1545/1545,DNA
cgmlst-STMMW_25841	STMMW_25841,22,100.00,552/552,DNA
cgmlst-STMMW_25851	STMMW_25851,3,100.00,636/636,DNA
cgmlst-STMMW_25861	STMMW_25861,40,100.00,1362/1362,DNA
cgmlst-STMMW_25871	STMMW_25871,26,100.00,894/894,DNA
cgmlst-STMMW_25881	STMMW_25881,27,100.00,849/849,DNA
cgmlst-STMMW_25921	STMMW_25921,21,100.00,261/261,DNA
cgmlst-STMMW_25931	STMMW_25931,17,100.00,381/381,DNA
cgmlst-STMMW_25941	STMMW_25941,24,100.00,732/732,DNA
cgmlst-STMMW_25951	STMMW_25951,31,100.00,729/729,DNA
cgmlst-STMMW_25961	STMMW_25961,29,100.00,906/906,DNA
cgmlst-STMMW_25971	STMMW_25971,23,100.00,681/681,DNA
cgmlst-STMMW_25981	STMMW_25981,26,100.00,975/975,DNA
cgmlst-STMMW_25991	STMMW_25991,38,100.00,1800/1800,DNA
cgmlst-STMMW_26571	STMMW_26571,30,100.00,480/480,DNA
cgmlst-STMMW_26581	STMMW_26581,57,100.00,957/957,DNA
cgmlst-STMMW_26591	STMMW_26591,1,100.00,651/651,DNA
cgmlst-STMMW_26601	STMMW_26601,13,100.00,576/576,DNA
cgmlst-STMMW_26611	STMMW_26611,37,100.00,1623/1623,DNA
cgmlst-STMMW_26621	STMMW_26621,351,100.00,738/738,DNA
cgmlst-STMMW_26631	STMMW_26631,40,100.00,1335/1335,DNA
cgmlst-STMMW_26671	STMMW_26671,23,100.00,690/690,DNA
cgmlst-STMMW_26681	STMMW_26681,35,100.00,1038/1038,DNA
cgmlst-STMMW_26691	STMMW_26691,22,100.00,420/420,DNA
cgmlst-STMMW_26711	STMMW_26711,40,100.00,2661/2661,DNA
cgmlst-STMMW_26721	STMMW_26721,39,100.00,1356/1356,DNA
cgmlst-STMMW_26731	STMMW_26731,27,100.00,324/324,DNA
cgmlst-STMMW_26741	STMMW_26741,40,100.00,1302/1302,DNA
cgmlst-STMMW_26751	STMMW_26751,9,100.00,456/456,DNA
cgmlst-STMMW_26761	STMMW_26761,654,100.00,2574/2574,DNA
cgmlst-STMMW_26771	STMMW_26771,1,100.00,732/732,DNA
cgmlst-STMMW_26781	STMMW_26781,24,100.00,981/981,DNA
cgmlst-STMMW_26791	STMMW_26791,19,100.00,738/738,DNA
cgmlst-STMMW_26801	STMMW_26801,5,100.00,339/339,DNA
cgmlst-STMMW_26811	STMMW_26811,26,100.00,1161/1161,DNA
cgmlst-STMMW_26821	STMMW_26821,27,100.00,909/909,DNA
cgmlst-STMMW_26831	STMMW_26831,27,100.00,1068/1068,DNA
cgmlst-STMMW_26841	STMMW_26841,36,100.00,1071/1071,DNA
cgmlst-STMMW_26851	STMMW_26851,9,100.00,519/519,DNA
cgmlst-STMMW_26861	STMMW_26861,33,100.00,1221/1221,DNA
cgmlst-STMMW_26871	STMMW_26871,6,100.00,348/348,DNA
cgmlst-STMMW_26881	STMMW_26881,23,100.00,768/768,DNA
cgmlst-STMMW_26891	STMMW_26891,6,100.00,549/549,DNA
cgmlst-STMMW_26901	STMMW_26901,1,100.00,249/249,DNA
cgmlst-STMMW_26911	STMMW_26911,30,100.00,1362/1362,DNA
cgmlst-STMMW_26921	STMMW_26921,30,100.00,792/792,DNA
cgmlst-STMMW_26931	STMMW_26931,36,100.00,1200/1200,DNA
cgmlst-STMMW_26971	STMMW_26971,25,100.00,879/879,DNA
cgmlst-STMMW_26981	STMMW_26981,40,100.00,1662/1662,DNA
cgmlst-STMMW_26991	STMMW_26991,1,100.00,339/339,DNA
cgmlst-STMMW_27001	STMMW_27001,16,100.00,291/291,DNA
cgmlst-STMMW_27021	STMMW_27021,5,100.00,483/483,DNA
cgmlst-STMMW_27041	STMMW_27041,38,100.00,1410/1410,DNA
cgmlst-STMMW_27051	STMMW_27051,46,100.00,2176/2176,DNA
cgmlst-STMMW_27061	STMMW_27061,28,100.00,1164/1164,DNA
cgmlst-STMMW_27411	STMMW_27411,846,100.00,3657/3657,DNA
cgmlst-STMMW_27421	STMMW_27421,38,100.00,1245/1245,DNA
cgmlst-STMMW_27431	STMMW_27431,15,100.00,930/930,DNA
cgmlst-STMMW_27441	STMMW_27441,42,100.00,2181/2181,DNA
cgmlst-STMMW_27481	STMMW_27481,9,100.00,930/930,DNA
cgmlst-STMMW_27501	STMMW_27501,23,100.00,1014/1014,DNA
cgmlst-STMMW_27511	STMMW_27511,27,100.00,1416/1416,DNA
cgmlst-STMMW_27521	STMMW_27521,23,100.00,675/675,DNA
cgmlst-STMMW_27531	STMMW_27531,39,100.00,978/978,DNA
cgmlst-STMMW_27541	STMMW_27541,21,100.00,435/435,DNA
cgmlst-STMMW_27551	STMMW_27551,613,100.00,1515/1515,DNA
cgmlst-STMMW_27561	STMMW_27561,35,100.00,986/986,DNA
cgmlst-STMMW_27571	STMMW_27571,31,100.00,1269/1269,DNA
cgmlst-STMMW_27581	STMMW_27581,38,100.00,1449/1449,DNA
cgmlst-STMMW_27591	STMMW_27591,36,100.00,1284/1284,DNA
cgmlst-STMMW_27601	STMMW_27601,39,100.00,1401/1401,DNA
cgmlst-STMMW_27621	STMMW_27621,10,100.00,450/450,DNA
cgmlst-STMMW_27631	STMMW_27631,1,100.00,159/159,DNA
cgmlst-STMMW_27641	STMMW_27641,1,100.00,300/300,DNA
cgmlst-STMMW_27651	STMMW_27651,35,100.00,528/528,DNA
cgmlst-STMMW_27652	STMMW_27652,28,100.00,180/180,DNA
cgmlst-STMMW_27661	STMMW_27661,1,100.00,402/402,DNA
cgmlst-STMMW_27671	STMMW_27671,21,100.00,450/450,DNA
cgmlst-STMMW_27681	STMMW_27681,23,100.00,351/351,DNA
cgmlst-STMMW_27691	STMMW_27691,26,100.00,339/339,DNA
cgmlst-STMMW_27721	STMMW_27721,23,100.00,246/246,DNA
cgmlst-STMMW_27731	STMMW_27731,21,100.00,411/411,DNA
cgmlst-STMMW_27741	STMMW_27741,41,100.00,2145/2145,DNA
cgmlst-STMMW_27751	STMMW_27751,34,100.00,960/960,DNA
cgmlst-STMMW_27761	STMMW_27761,28,100.00,1203/1203,DNA
cgmlst-STMMW_27771	STMMW_27771,36,100.00,1065/1065,DNA
cgmlst-STMMW_27781	STMMW_27781,1511,100.00,996/996,DNA
cgmlst-STMMW_27791	STMMW_27791,35,100.00,1185/1185,DNA
cgmlst-STMMW_27801	STMMW_27801,20,100.00,531/531,DNA
cgmlst-STMMW_27811	STMMW_27811,28,100.00,1173/1173,DNA
cgmlst-STMMW_27821	STMMW_27821,40,100.00,1539/1539,DNA
cgmlst-STMMW_27841	STMMW_27841,27,100.00,516/516,DNA
cgmlst-STMMW_27851	STMMW_27851,37,100.00,1557/1557,DNA
cgmlst-STMMW_27861	STMMW_27861,19,100.00,426/426,DNA
cgmlst-STMMW_27871	STMMW_27871,24,100.00,567/567,DNA
cgmlst-STMMW_27881	STMMW_27881,1,100.00,186/186,DNA
cgmlst-STMMW_27891	STMMW_27891,44,100.00,2631/2631,DNA
cgmlst-STMMW_27901	STMMW_27901,17,100.00,501/501,DNA
cgmlst-STMMW_27911	STMMW_27911,35,100.00,1062/1062,DNA
cgmlst-STMMW_27921	STMMW_27921,27,100.00,498/498,DNA
cgmlst-STMMW_27931	STMMW_27931,41,100.00,1080/1080,DNA
cgmlst-STMMW_27941	STMMW_27941,22,100.00,564/564,DNA
cgmlst-STMMW_27951	STMMW_27951,27,100.00,972/972,DNA
cgmlst-STMMW_27961	STMMW_27961,27,100.00,363/363,DNA
cgmlst-STMMW_27971	STMMW_27971,33,100.00,780/780,DNA
cgmlst-STMMW_27981	STMMW_27981,11,100.00,360/360,DNA
cgmlst-STMMW_27991	STMMW_27991,5,100.00,774/774,DNA
cgmlst-STMMW_28011	STMMW_28011,43,100.00,1521/1521,DNA
cgmlst-STMMW_28021	STMMW_28021,41,100.00,1440/1440,DNA
cgmlst-STMMW_28031	STMMW_28031,40,100.00,1134/1134,DNA
cgmlst-STMMW_28051	STMMW_28051,34,100.00,546/546,DNA
cgmlst-STMMW_28071	STMMW_28071,39,100.00,471/471,DNA
cgmlst-STMMW_28081	STMMW_28081,10,100.00,411/411,DNA
cgmlst-STMMW_28091	STMMW_28091,37,100.00,768/768,DNA
cgmlst-STMMW_28101	STMMW_28101,13,100.00,543/543,DNA
cgmlst-STMMW_28111	STMMW_28111,42,100.00,1710/1710,DNA
cgmlst-STMMW_28121	STMMW_28121,39,100.00,924/924,DNA
cgmlst-STMMW_28131	STMMW_28131,39,100.00,1827/1827,DNA
cgmlst-STMMW_28141	STMMW_28141,22,100.00,609/609,DNA
cgmlst-STMMW_28151	STMMW_28151,12,100.00,462/462,DNA
cgmlst-STMMW_28161	STMMW_28161,1,100.00,357/357,DNA
cgmlst-STMMW_28171	STMMW_28171,36,100.00,873/873,DNA
cgmlst-STMMW_28181	STMMW_28181,4,100.00,273/273,DNA
cgmlst-STMMW_28191	STMMW_28191,1501,100.00,1122/1122,DNA
cgmlst-STMMW_28201	STMMW_28201,37,100.00,969/969,DNA
cgmlst-STMMW_28211	STMMW_28211,40,100.00,2079/2079,DNA
cgmlst-STMMW_28221	STMMW_28221,5,100.00,345/345,DNA
cgmlst-STMMW_28231	STMMW_28231,18,100.00,918/918,DNA
cgmlst-STMMW_28241	STMMW_28241,40,100.00,822/822,DNA
cgmlst-STMMW_28251	STMMW_28251,38,100.00,861/861,DNA
cgmlst-STMMW_28261	STMMW_28261,38,100.00,849/849,DNA
cgmlst-STMMW_28281	STMMW_28281,16,100.00,756/756,DNA
cgmlst-STMMW_28291	STMMW_28291,34,100.00,888/888,DNA
cgmlst-STMMW_28301	STMMW_28301,27,100.00,453/453,DNA
cgmlst-STMMW_28321	STMMW_28321,1,100.00,600/600,DNA
cgmlst-STMMW_28331	STMMW_28331,6,100.00,759/759,DNA
cgmlst-STMMW_28341	STMMW_28341,4,100.00,306/306,DNA
cgmlst-STMMW_28361	STMMW_28361,9,100.00,1179/1179,DNA
cgmlst-STMMW_28371	STMMW_28371,32,100.00,930/930,DNA
cgmlst-STMMW_28381	STMMW_28381,1,100.00,1662/1662,DNA
cgmlst-STMMW_28391	STMMW_28391,6,100.00,483/483,DNA
cgmlst-STMMW_28411	STMMW_28411,1,100.00,393/393,DNA
cgmlst-STMMW_28431	STMMW_28431,4,100.00,249/249,DNA
cgmlst-STMMW_28441	STMMW_28441,19,100.00,2058/2058,DNA
cgmlst-STMMW_28451	STMMW_28451,4,100.00,1032/1032,DNA
cgmlst-STMMW_28461	STMMW_28461,23,100.00,1230/1230,DNA
cgmlst-STMMW_28471	STMMW_28471,24,100.00,1782/1782,DNA
cgmlst-STMMW_28481	STMMW_28481,7,100.00,498/498,DNA
cgmlst-STMMW_28491	STMMW_28491,1,100.00,1071/1071,DNA
cgmlst-STMMW_28501	STMMW_28501,31,100.00,792/792,DNA
cgmlst-STMMW_28511	STMMW_28511,1,100.00,261/261,DNA
cgmlst-STMMW_28531	STMMW_28531,28,100.00,912/912,DNA
cgmlst-STMMW_28541	STMMW_28541,34,100.00,1011/1011,DNA
cgmlst-STMMW_28551	STMMW_28551,1,100.00,444/444,DNA
cgmlst-STMMW_28561	STMMW_28561,34,100.00,1296/1296,DNA
cgmlst-STMMW_28571	STMMW_28571,4,100.00,408/408,DNA
cgmlst-STMMW_28591	STMMW_28591,25,100.00,1119/1119,DNA
cgmlst-STMMW_28601	STMMW_28601,26,100.00,1689/1689,DNA
cgmlst-STMMW_28611	STMMW_28611,30,100.00,651/651,DNA
cgmlst-STMMW_28621	STMMW_28621,8,100.00,444/444,DNA
cgmlst-STMMW_28721	STMMW_28721,41,100.00,2526/2526,DNA
cgmlst-STMMW_28741	STMMW_28741,191,100.00,1209/1209,DNA
cgmlst-STMMW_28751	STMMW_28751,35,100.00,933/933,DNA
cgmlst-STMMW_28761	STMMW_28761,42,100.00,1497/1497,DNA
cgmlst-STMMW_28771	STMMW_28771,34,100.00,951/951,DNA
cgmlst-STMMW_28791	STMMW_28791,35,100.00,639/639,DNA
cgmlst-STMMW_28821	STMMW_28821,26,100.00,765/765,DNA
cgmlst-STMMW_28831	STMMW_28831,18,100.00,405/405,DNA
cgmlst-STMMW_28841	STMMW_28841,33,100.00,594/594,DNA
cgmlst-STMMW_28851	STMMW_28851,33,100.00,1428/1428,DNA
cgmlst-STMMW_28861	STMMW_28861,8,100.00,237/237,DNA
cgmlst-STMMW_28871	STMMW_28871,21,100.00,993/993,DNA
cgmlst-STMMW_28881	STMMW_28881,39,100.00,1134/1134,DNA
cgmlst-STMMW_28891	STMMW_28891,303,100.00,627/627,DNA
cgmlst-STMMW_28901	STMMW_28901,22,100.00,762/762,DNA
cgmlst-STMMW_28911	STMMW_28911,28,100.00,1050/1050,DNA
cgmlst-STMMW_28921	STMMW_28921,21,100.00,480/480,DNA
cgmlst-STMMW_28931	STMMW_28931,26,100.00,711/711,DNA
cgmlst-STMMW_28941	STMMW_28941,4,100.00,312/312,DNA
cgmlst-STMMW_28961	STMMW_28961,33,100.00,606/606,DNA
cgmlst-STMMW_28971	STMMW_28971,44,100.00,1440/1440,DNA
cgmlst-STMMW_28981	STMMW_28981,35,100.00,909/909,DNA
cgmlst-STMMW_28991	STMMW_28991,37,100.00,1047/1047,DNA
cgmlst-STMMW_29081	STMMW_29081,549,100.00,954/954,DNA
cgmlst-STMMW_29091	STMMW_29091,27,100.00,735/735,DNA
cgmlst-STMMW_29101	STMMW_29101,2274,100.00,1713/1713,DNA
cgmlst-STMMW_29111	STMMW_29111,43,100.00,1620/1620,DNA
cgmlst-STMMW_29121	STMMW_29121,1,100.00,363/363,DNA
cgmlst-STMMW_29141	STMMW_29141,26,100.00,672/672,DNA
cgmlst-STMMW_29151	STMMW_29151,40,100.00,1299/1299,DNA
cgmlst-STMMW_29161	STMMW_29161,489,100.00,1638/1638,DNA
cgmlst-STMMW_29191	STMMW_29191,40,100.00,2235/2235,DNA
cgmlst-STMMW_29201	STMMW_29201,38,100.00,1296/1296,DNA
cgmlst-STMMW_29211	STMMW_29211,705,100.00,2757/2757,DNA
cgmlst-STMMW_29271	STMMW_29271,10,100.00,450/450,DNA
cgmlst-STMMW_29281	STMMW_29281,21,100.00,783/783,DNA
cgmlst-STMMW_29291	STMMW_29291,22,100.00,330/330,DNA
cgmlst-STMMW_29301	STMMW_29301,7,100.00,546/546,DNA
cgmlst-STMMW_29311	STMMW_29311,26,100.00,849/849,DNA
cgmlst-STMMW_29321	STMMW_29321,44,100.00,1365/1365,DNA
cgmlst-STMMW_29331	STMMW_29331,37,100.00,1290/1290,DNA
cgmlst-STMMW_29351	STMMW_29351,27,100.00,816/816,DNA
cgmlst-STMMW_29361	STMMW_29361,28,100.00,1149/1149,DNA
cgmlst-STMMW_29371	STMMW_29371,1,100.00,648/648,DNA
cgmlst-STMMW_29381	STMMW_29381,547,100.00,1317/1317,DNA
cgmlst-STMMW_29391	STMMW_29391,41,100.00,1776/1776,DNA
cgmlst-STMMW_29401	STMMW_29401,31,100.00,1419/1419,DNA
cgmlst-STMMW_29411	STMMW_29411,7,100.00,423/423,DNA
cgmlst-STMMW_29421	STMMW_29421,305,100.00,711/711,DNA
cgmlst-STMMW_29431	STMMW_29431,38,100.00,1101/1101,DNA
cgmlst-STMMW_29441	STMMW_29441,4,100.00,396/396,DNA
cgmlst-STMMW_29451	STMMW_29451,5,100.00,918/918,DNA
cgmlst-STMMW_29461	STMMW_29461,1,100.00,228/228,DNA
cgmlst-STMMW_29471	STMMW_29471,27,100.00,1206/1206,DNA
cgmlst-STMMW_29481	STMMW_29481,36,100.00,444/444,DNA
cgmlst-STMMW_29491	STMMW_29491,25,100.00,888/888,DNA
cgmlst-STMMW_29501	STMMW_29501,25,100.00,807/807,DNA
cgmlst-STMMW_29511	STMMW_29511,469,100.00,1098/1098,DNA
cgmlst-STMMW_29521	STMMW_29521,37,100.00,1254/1254,DNA
cgmlst-STMMW_29531	STMMW_29531,1690,100.00,1332/1332,DNA
cgmlst-STMMW_29541	STMMW_29541,42,100.00,1836/1836,DNA
cgmlst-STMMW_29551	STMMW_29551,30,100.00,3546/3546,DNA
cgmlst-STMMW_29561	STMMW_29561,43,100.00,2889/2889,DNA
cgmlst-STMMW_29571	STMMW_29571,31,100.00,3372/3372,DNA
cgmlst-STMMW_29581	STMMW_29581,18,100.00,321/321,DNA
cgmlst-STMMW_29591	STMMW_29591,31,100.00,408/408,DNA
cgmlst-STMMW_29601	STMMW_29601,385,100.00,564/564,DNA
cgmlst-STMMW_29611	STMMW_29611,21,100.00,471/471,DNA
cgmlst-STMMW_29621	STMMW_29621,23,100.00,795/795,DNA
cgmlst-STMMW_29631	STMMW_29631,22,100.00,876/876,DNA
cgmlst-STMMW_29641	STMMW_29641,41,100.00,2247/2247,DNA
cgmlst-STMMW_29651	STMMW_29651,1,100.00,531/531,DNA
cgmlst-STMMW_29661	STMMW_29661,31,100.00,696/696,DNA
cgmlst-STMMW_29681	STMMW_29681,2,100.00,219/219,DNA
cgmlst-STMMW_29691	STMMW_29691,38,100.00,1041/1041,DNA
cgmlst-STMMW_29711	STMMW_29711,223,100.00,2160/2160,DNA
cgmlst-STMMW_29731	STMMW_29731,35,100.00,1029/1029,DNA
cgmlst-STMMW_29751	STMMW_29751,585,100.00,1263/1263,DNA
cgmlst-STMMW_29761	STMMW_29761,38,100.00,936/936,DNA
cgmlst-STMMW_29771	STMMW_29771,33,100.00,708/708,DNA
cgmlst-STMMW_29781	STMMW_29781,40,100.00,1419/1419,DNA
cgmlst-STMMW_29791	STMMW_29791,39,100.00,762/762,DNA
cgmlst-STMMW_29801	STMMW_29801,36,100.00,837/837,DNA
cgmlst-STMMW_29811	STMMW_29811,38,100.00,1179/1179,DNA
cgmlst-STMMW_29841	STMMW_29841,42,100.00,1230/1230,DNA
cgmlst-STMMW_29991	STMMW_29991,17,100.00,546/546,DNA
cgmlst-STMMW_30001	STMMW_30001,37,100.00,1518/1518,DNA
cgmlst-STMMW_30021	STMMW_30021,38,100.00,1734/1734,DNA
cgmlst-STMMW_30031	STMMW_30031,17,100.00,675/675,DNA
cgmlst-STMMW_30041	STMMW_30041,19,100.00,897/897,DNA
cgmlst-STMMW_30051	STMMW_30051,13,100.00,522/522,DNA
cgmlst-STMMW_30061	STMMW_30061,178,100.00,414/414,DNA
cgmlst-STMMW_30071	STMMW_30071,7,100.00,267/267,DNA
cgmlst-STMMW_30081	STMMW_30081,180,100.00,981/981,DNA
cgmlst-STMMW_30091	STMMW_30091,6,100.00,660/660,DNA
cgmlst-STMMW_30111	STMMW_30111,38,100.00,1434/1434,DNA
cgmlst-STMMW_30131	STMMW_30131,46,100.00,2874/2874,DNA
cgmlst-STMMW_30141	STMMW_30141,20,100.00,390/390,DNA
cgmlst-STMMW_30151	STMMW_30151,40,100.00,1095/1095,DNA
cgmlst-STMMW_30161	STMMW_30161,26,100.00,1203/1203,DNA
cgmlst-STMMW_30171	STMMW_30171,27,100.00,1179/1179,DNA
cgmlst-STMMW_30181	STMMW_30181,39,100.00,1143/1143,DNA
cgmlst-STMMW_30191	STMMW_30191,13,100.00,585/585,DNA
cgmlst-STMMW_30201	STMMW_30201,1,100.00,330/330,DNA
cgmlst-STMMW_30211	STMMW_30211,15,100.00,477/477,DNA
cgmlst-STMMW_30221	STMMW_30221,32,100.00,1233/1233,DNA
cgmlst-STMMW_30231	STMMW_30231,22,100.00,660/660,DNA
cgmlst-STMMW_30241	STMMW_30241,23,100.00,894/894,DNA
cgmlst-STMMW_30261	STMMW_30261,23,100.00,747/747,DNA
cgmlst-STMMW_30271	STMMW_30271,36,100.00,635/635,DNA
cgmlst-STMMW_30281	STMMW_30281,25,100.00,861/861,DNA
cgmlst-STMMW_30291	STMMW_30291,26,100.00,1080/1080,DNA
cgmlst-STMMW_30301	STMMW_30301,25,100.00,1164/1164,DNA
cgmlst-STMMW_30321	STMMW_30321,7,100.00,426/426,DNA
cgmlst-STMMW_30331	STMMW_30331,16,100.00,579/579,DNA
cgmlst-STMMW_30341	STMMW_30341,34,100.00,708/708,DNA
cgmlst-STMMW_30351	STMMW_30351,36,100.00,678/678,DNA
cgmlst-STMMW_30371	STMMW_30371,639,100.00,1992/1992,DNA
cgmlst-STMMW_30381	STMMW_30381,7,100.00,759/759,DNA
cgmlst-STMMW_30391	STMMW_30391,27,100.00,921/921,DNA
cgmlst-STMMW_30471	STMMW_30471,42,100.00,1914/1914,DNA
cgmlst-STMMW_30481	STMMW_30481,1,100.00,132/132,DNA
cgmlst-STMMW_30501	STMMW_30501,15,100.00,300/300,DNA
cgmlst-STMMW_30511	STMMW_30511,26,100.00,1155/1155,DNA
cgmlst-STMMW_30521	STMMW_30521,527,100.00,1395/1395,DNA
cgmlst-STMMW_30531	STMMW_30531,263,100.00,498/498,DNA
cgmlst-STMMW_30541	STMMW_30541,358,100.00,708/708,DNA
cgmlst-STMMW_30561	STMMW_30561,480,100.00,948/948,DNA
cgmlst-STMMW_30571	STMMW_30571,21,100.00,564/564,DNA
cgmlst-STMMW_30581	STMMW_30581,20,100.00,417/417,DNA
cgmlst-STMMW_30601	STMMW_30601,36,100.00,981/981,DNA
cgmlst-STMMW_30611	STMMW_30611,34,100.00,705/705,DNA
cgmlst-STMMW_30621	STMMW_30621,301,100.00,567/567,DNA
cgmlst-STMMW_30631	STMMW_30631,13,100.00,291/291,DNA
cgmlst-STMMW_30641	STMMW_30641,11,100.00,594/594,DNA
cgmlst-STMMW_30651	STMMW_30651,40,100.00,1137/1137,DNA
cgmlst-STMMW_30671	STMMW_30671,37,100.00,1047/1047,DNA
cgmlst-STMMW_30681	STMMW_30681,33,100.00,720/720,DNA
cgmlst-STMMW_30691	STMMW_30691,1,100.00,327/327,DNA
cgmlst-STMMW_30701	STMMW_30701,305,100.00,720/720,DNA
cgmlst-STMMW_30711	STMMW_30711,36,100.00,1053/1053,DNA
cgmlst-STMMW_30721	STMMW_30721,1,100.00,276/276,DNA
cgmlst-STMMW_30731	STMMW_30731,408,100.00,1086/1086,DNA
cgmlst-STMMW_30761	STMMW_30761,32,100.00,708/708,DNA
cgmlst-STMMW_30841	STMMW_30841,6,100.00,684/684,DNA
cgmlst-STMMW_30851	STMMW_30851,31,100.00,558/558,DNA
cgmlst-STMMW_30861	STMMW_30861,35,100.00,1500/1500,DNA
cgmlst-STMMW_30871	STMMW_30871,27,100.00,375/375,DNA
cgmlst-STMMW_30881	STMMW_30881,36,100.00,1302/1302,DNA
cgmlst-STMMW_30891	STMMW_30891,35,100.00,1485/1485,DNA
cgmlst-STMMW_30921	STMMW_30921,14,100.00,924/924,DNA
cgmlst-STMMW_30931	STMMW_30931,5,100.00,879/879,DNA
cgmlst-STMMW_30941	STMMW_30941,38,100.00,1305/1305,DNA
cgmlst-STMMW_30951	STMMW_30951,21,100.00,1185/1185,DNA
cgmlst-STMMW_30961	STMMW_30961,37,100.00,1473/1473,DNA
cgmlst-STMMW_30971	STMMW_30971,39,100.00,1413/1413,DNA
cgmlst-STMMW_30981	STMMW_30981,38,100.00,1059/1059,DNA
cgmlst-STMMW_30991	STMMW_30991,36,100.00,1857/1857,DNA
cgmlst-STMMW_31001	STMMW_31001,37,100.00,867/867,DNA
cgmlst-STMMW_31021	STMMW_31021,36,100.00,1053/1053,DNA
cgmlst-STMMW_31031	STMMW_31031,4,100.00,249/249,DNA
cgmlst-STMMW_31041	STMMW_31041,9,100.00,342/342,DNA
cgmlst-STMMW_31051	STMMW_31051,25,100.00,489/489,DNA
cgmlst-STMMW_31061	STMMW_31061,12,100.00,495/495,DNA
cgmlst-STMMW_31071	STMMW_31071,24,100.00,1704/1704,DNA
cgmlst-STMMW_31081	STMMW_31081,21,100.00,1179/1179,DNA
cgmlst-STMMW_31091	STMMW_31091,25,100.00,987/987,DNA
cgmlst-STMMW_31101	STMMW_31101,29,100.00,1119/1119,DNA
cgmlst-STMMW_31111	STMMW_31111,10,100.00,288/288,DNA
cgmlst-STMMW_31121	STMMW_31121,37,100.00,1644/1644,DNA
cgmlst-STMMW_31131	STMMW_31131,29,100.00,495/495,DNA
cgmlst-STMMW_31141	STMMW_31141,21,100.00,516/516,DNA
cgmlst-STMMW_31151	STMMW_31151,11,100.00,411/411,DNA
cgmlst-STMMW_31161	STMMW_31161,12,100.00,405/405,DNA
cgmlst-STMMW_31171	STMMW_31171,24,100.00,885/885,DNA
cgmlst-STMMW_31181	STMMW_31181,15,100.00,426/426,DNA
cgmlst-STMMW_31191	STMMW_31191,9,100.00,735/735,DNA
cgmlst-STMMW_31201	STMMW_31201,1,100.00,150/150,DNA
cgmlst-STMMW_31211	STMMW_31211,36,100.00,1188/1188,DNA
cgmlst-STMMW_31221	STMMW_31221,30,100.00,660/660,DNA
cgmlst-STMMW_31231	STMMW_31231,25,100.00,918/918,DNA
cgmlst-STMMW_31241	STMMW_31241,40,100.00,1164/1164,DNA
cgmlst-STMMW_31251	STMMW_31251,20,100.00,828/828,DNA
cgmlst-STMMW_31261	STMMW_31261,43,100.00,1461/1461,DNA
cgmlst-STMMW_31321	STMMW_31321,38,100.00,1413/1413,DNA
cgmlst-STMMW_31331	STMMW_31331,22,100.00,738/738,DNA
cgmlst-STMMW_31341	STMMW_31341,42,100.00,2259/2259,DNA
cgmlst-STMMW_31371	STMMW_31371,33,100.00,660/660,DNA
cgmlst-STMMW_31381	STMMW_31381,29,100.00,1350/1350,DNA
cgmlst-STMMW_31391	STMMW_31391,283,100.00,581/581,DNA
cgmlst-STMMW_31401	STMMW_31401,14,100.00,315/315,DNA
cgmlst-STMMW_31411	STMMW_31411,26,100.00,1893/1893,DNA
cgmlst-STMMW_31421	STMMW_31421,12,100.00,582/582,DNA
cgmlst-STMMW_31431	STMMW_31431,25,100.00,828/828,DNA
cgmlst-STMMW_31441	STMMW_31441,8,100.00,423/423,DNA
cgmlst-STMMW_31451	STMMW_31451,15,100.00,633/633,DNA
cgmlst-STMMW_31461	STMMW_31461,30,100.00,1476/1476,DNA
cgmlst-STMMW_31471	STMMW_31471,22,100.00,672/672,DNA
cgmlst-STMMW_31481	STMMW_31481,29,100.00,1164/1164,DNA
cgmlst-STMMW_31491	STMMW_31491,12,100.00,831/831,DNA
cgmlst-STMMW_31501	STMMW_31501,23,100.00,774/774,DNA
cgmlst-STMMW_31511	STMMW_31511,4,100.00,177/177,DNA
cgmlst-STMMW_31561	STMMW_31561,8,100.00,654/654,DNA
cgmlst-STMMW_31581	STMMW_31581,6,100.00,210/210,DNA
cgmlst-STMMW_31611	STMMW_31611,35,100.00,1434/1434,DNA
cgmlst-STMMW_31621	STMMW_31621,40,100.00,2844/2844,DNA
cgmlst-STMMW_31631	STMMW_31631,39,100.00,1302/1302,DNA
cgmlst-STMMW_31641	STMMW_31641,24,100.00,615/615,DNA
cgmlst-STMMW_31651	STMMW_31651,25,100.00,1242/1242,DNA
cgmlst-STMMW_31661	STMMW_31661,30,100.00,825/825,DNA
cgmlst-STMMW_31671	STMMW_31671,16,100.00,363/363,DNA
cgmlst-STMMW_31691	STMMW_31691,24,100.00,1014/1014,DNA
cgmlst-STMMW_31701	STMMW_31701,1,100.00,216/216,DNA
cgmlst-STMMW_31711	STMMW_31711,430,100.00,1746/1746,DNA
cgmlst-STMMW_31721	STMMW_31721,27,100.00,1983/1983,DNA
cgmlst-STMMW_31731	STMMW_31731,32,100.00,507/507,DNA
cgmlst-STMMW_32151	STMMW_32151,1,100.00,768/768,DNA
cgmlst-STMMW_32161	STMMW_32161,22,100.00,648/648,DNA
cgmlst-STMMW_32171	STMMW_32171,25,100.00,1569/1569,DNA
cgmlst-STMMW_32191	STMMW_32191,35,100.00,1290/1290,DNA
cgmlst-STMMW_32201	STMMW_32201,26,100.00,2019/2019,DNA
cgmlst-STMMW_32211	STMMW_32211,30,100.00,1137/1137,DNA
cgmlst-STMMW_32221	STMMW_32221,6,100.00,498/498,DNA
cgmlst-STMMW_32241	STMMW_32241,35,100.00,999/999,DNA
cgmlst-STMMW_32251	STMMW_32251,24,100.00,969/969,DNA
cgmlst-STMMW_32261	STMMW_32261,36,100.00,1245/1245,DNA
cgmlst-STMMW_32271	STMMW_32271,20,100.00,663/663,DNA
cgmlst-STMMW_32281	STMMW_32281,1,100.00,384/384,DNA
cgmlst-STMMW_32291	STMMW_32291,1,100.00,369/369,DNA
cgmlst-STMMW_32292	STMMW_32292,1,100.00,306/306,DNA
cgmlst-STMMW_32301	STMMW_32301,2,100.00,399/399,DNA
cgmlst-STMMW_32311	STMMW_32311,1,100.00,300/300,DNA
cgmlst-STMMW_32321	STMMW_32321,380,100.00,486/486,DNA
cgmlst-STMMW_32331	STMMW_32331,475,100.00,986/986,DNA
cgmlst-STMMW_32341	STMMW_32341,130,100.00,366/366,DNA
cgmlst-STMMW_32351	STMMW_32351,25,100.00,897/897,DNA
cgmlst-STMMW_32361	STMMW_32361,24,100.00,702/702,DNA
cgmlst-STMMW_32371	STMMW_32371,6,100.00,165/165,DNA
cgmlst-STMMW_32381	STMMW_32381,39,100.00,1311/1311,DNA
cgmlst-STMMW_32421	STMMW_32421,36,100.00,1209/1209,DNA
cgmlst-STMMW_32431	STMMW_32431,38,100.00,1332/1332,DNA
cgmlst-STMMW_32441	STMMW_32441,27,100.00,990/990,DNA
cgmlst-STMMW_32451	STMMW_32451,39,100.00,939/939,DNA
cgmlst-STMMW_32461	STMMW_32461,1,100.00,387/387,DNA
cgmlst-STMMW_32631	STMMW_32631,25,100.00,864/864,DNA
cgmlst-STMMW_32641	STMMW_32641,27,100.00,2043/2043,DNA
cgmlst-STMMW_32651	STMMW_32651,1,100.00,396/396,DNA
cgmlst-STMMW_32661	STMMW_32661,6,100.00,591/591,DNA
cgmlst-STMMW_32671	STMMW_32671,18,100.00,576/576,DNA
cgmlst-STMMW_32681	STMMW_32681,23,100.00,669/669,DNA
cgmlst-STMMW_32691	STMMW_32691,23,100.00,519/519,DNA
cgmlst-STMMW_32701	STMMW_32701,21,100.00,444/444,DNA
cgmlst-STMMW_32711	STMMW_32711,19,100.00,318/318,DNA
cgmlst-STMMW_32721	STMMW_32721,21,100.00,504/504,DNA
cgmlst-STMMW_32731	STMMW_32731,1,100.00,525/525,DNA
cgmlst-STMMW_32741	STMMW_32741,25,100.00,996/996,DNA
cgmlst-STMMW_32751	STMMW_32751,25,100.00,897/897,DNA
cgmlst-STMMW_32761	STMMW_32761,39,100.00,1008/1008,DNA
cgmlst-STMMW_32791	STMMW_32791,35,100.00,1161/1161,DNA
cgmlst-STMMW_32801	STMMW_32801,41,100.00,1941/1941,DNA
cgmlst-STMMW_32811	STMMW_32811,1,100.00,885/885,DNA
cgmlst-STMMW_32821	STMMW_32821,643,100.00,2136/2136,DNA
cgmlst-STMMW_32831	STMMW_32831,1,100.00,270/270,DNA
cgmlst-STMMW_32841	STMMW_32841,38,100.00,945/945,DNA
cgmlst-STMMW_32851	STMMW_32851,186,100.00,402/402,DNA
cgmlst-STMMW_32861	STMMW_32861,42,100.00,2679/2679,DNA
cgmlst-STMMW_32871	STMMW_32871,43,100.00,1503/1503,DNA
cgmlst-STMMW_32881	STMMW_32881,8,100.00,423/423,DNA
cgmlst-STMMW_32911	STMMW_32911,4,100.00,333/333,DNA
cgmlst-STMMW_32921	STMMW_32921,29,100.00,1338/1338,DNA
cgmlst-STMMW_32931	STMMW_32931,33,100.00,849/849,DNA
cgmlst-STMMW_32951	STMMW_32951,44,100.00,1935/1935,DNA
cgmlst-STMMW_32961	STMMW_32961,1,100.00,627/627,DNA
cgmlst-STMMW_32971	STMMW_32971,1,100.00,333/333,DNA
cgmlst-STMMW_32981	STMMW_32981,20,100.00,477/477,DNA
cgmlst-STMMW_32991	STMMW_32991,29,100.00,1434/1434,DNA
cgmlst-STMMW_33001	STMMW_33001,25,100.00,1173/1173,DNA
cgmlst-STMMW_33021	STMMW_33021,1,100.00,258/258,DNA
cgmlst-STMMW_33031	STMMW_33031,1,100.00,312/312,DNA
cgmlst-STMMW_33041	STMMW_33041,23,100.00,972/972,DNA
cgmlst-STMMW_33051	STMMW_33051,7,100.00,288/288,DNA
cgmlst-STMMW_33061	STMMW_33061,37,100.00,1260/1260,DNA
cgmlst-STMMW_33071	STMMW_33071,1,100.00,294/294,DNA
cgmlst-STMMW_33081	STMMW_33081,7,100.00,297/297,DNA
cgmlst-STMMW_33091	STMMW_33091,26,100.00,636/636,DNA
cgmlst-STMMW_33101	STMMW_33101,8,100.00,552/552,DNA
cgmlst-STMMW_33111	STMMW_33111,5,100.00,783/783,DNA
cgmlst-STMMW_33121	STMMW_33121,1,100.00,813/813,DNA
cgmlst-STMMW_33131	STMMW_33131,27,100.00,936/936,DNA
cgmlst-STMMW_33141	STMMW_33141,39,100.00,987/987,DNA
cgmlst-STMMW_33151	STMMW_33151,23,100.00,567/567,DNA
cgmlst-STMMW_33161	STMMW_33161,4,100.00,576/576,DNA
cgmlst-STMMW_33171	STMMW_33171,2,100.00,555/555,DNA
cgmlst-STMMW_33181	STMMW_33181,22,100.00,726/726,DNA
cgmlst-STMMW_33191	STMMW_33191,26,100.00,1434/1434,DNA
cgmlst-STMMW_33201	STMMW_33201,2,100.00,288/288,DNA
cgmlst-STMMW_33211	STMMW_33211,1,100.00,492/492,DNA
cgmlst-STMMW_33221	STMMW_33221,7,100.00,855/855,DNA
cgmlst-STMMW_33231	STMMW_33231,15,100.00,273/273,DNA
cgmlst-STMMW_33241	STMMW_33241,24,100.00,633/633,DNA
cgmlst-STMMW_33251	STMMW_33251,36,100.00,729/729,DNA
cgmlst-STMMW_33261	STMMW_33261,14,100.00,654/654,DNA
cgmlst-STMMW_33271	STMMW_33271,39,100.00,2337/2337,DNA
cgmlst-STMMW_33281	STMMW_33281,5,100.00,930/930,DNA
cgmlst-STMMW_33291	STMMW_33291,42,100.00,4461/4461,DNA
cgmlst-STMMW_33301	STMMW_33301,26,100.00,1419/1419,DNA
cgmlst-STMMW_33331	STMMW_33331,28,100.00,1281/1281,DNA
cgmlst-STMMW_33341	STMMW_33341,20,100.00,468/468,DNA
cgmlst-STMMW_33351	STMMW_33351,36,100.00,876/876,DNA
cgmlst-STMMW_33361	STMMW_33361,23,100.00,690/690,DNA
cgmlst-STMMW_33371	STMMW_33371,26,100.00,1491/1491,DNA
cgmlst-STMMW_33381	STMMW_33381,24,100.00,894/894,DNA
cgmlst-STMMW_33391	STMMW_33391,7,100.00,792/792,DNA
cgmlst-STMMW_33401	STMMW_33401,7,100.00,501/501,DNA
cgmlst-STMMW_33411	STMMW_33411,6,100.00,639/639,DNA
cgmlst-STMMW_33431	STMMW_33431,1,100.00,393/393,DNA
cgmlst-STMMW_33441	STMMW_33441,4,100.00,429/429,DNA
cgmlst-STMMW_33451	STMMW_33451,28,100.00,1125/1125,DNA
cgmlst-STMMW_33461	STMMW_33461,17,100.00,405/405,DNA
cgmlst-STMMW_33471	STMMW_33471,38,100.00,1368/1368,DNA
cgmlst-STMMW_33571	STMMW_33571,18,100.00,939/939,DNA
cgmlst-STMMW_33581	STMMW_33581,7,100.00,471/471,DNA
cgmlst-STMMW_33591	STMMW_33591,17,100.00,264/264,DNA
cgmlst-STMMW_33601	STMMW_33601,15,100.00,267/267,DNA
cgmlst-STMMW_33611	STMMW_33611,2,100.00,273/273,DNA
cgmlst-STMMW_33621	STMMW_33621,40,100.00,1968/1968,DNA
cgmlst-STMMW_33631	STMMW_33631,37,100.00,933/933,DNA
cgmlst-STMMW_33641	STMMW_33641,1,100.00,204/204,DNA
cgmlst-STMMW_33651	STMMW_33651,37,100.00,930/930,DNA
cgmlst-STMMW_33661	STMMW_33661,87,100.00,1446/1446,DNA
cgmlst-STMMW_33671	STMMW_33671,43,100.00,3714/3714,DNA
cgmlst-STMMW_33681	STMMW_33681,28,100.00,1470/1470,DNA
cgmlst-STMMW_33691	STMMW_33691,20,100.00,594/594,DNA
cgmlst-STMMW_33701	STMMW_33701,1,100.00,492/492,DNA
cgmlst-STMMW_33721	STMMW_33721,25,100.00,1044/1044,DNA
cgmlst-STMMW_33731	STMMW_33731,38,100.00,1941/1941,DNA
cgmlst-STMMW_33741	STMMW_33741,25,100.00,975/975,DNA
cgmlst-STMMW_33751	STMMW_33751,25,100.00,1005/1005,DNA
cgmlst-STMMW_33761	STMMW_33761,30,100.00,600/600,DNA
cgmlst-STMMW_33771	STMMW_33771,1,100.00,471/471,DNA
cgmlst-STMMW_33781	STMMW_33781,35,100.00,1350/1350,DNA
cgmlst-STMMW_33791	STMMW_33791,5,100.00,243/243,DNA
cgmlst-STMMW_33801	STMMW_33801,27,100.00,1452/1452,DNA
cgmlst-STMMW_33811	STMMW_33811,35,100.00,882/882,DNA
cgmlst-STMMW_33821	STMMW_33821,1,100.00,966/966,DNA
cgmlst-STMMW_33831	STMMW_33831,1,100.00,297/297,DNA
cgmlst-STMMW_33841	STMMW_33841,1,100.00,885/885,DNA
cgmlst-STMMW_33851	STMMW_33851,1,100.00,165/165,DNA
cgmlst-STMMW_33911	STMMW_33911,4,100.00,222/222,DNA
cgmlst-STMMW_33921	STMMW_33921,30,100.00,555/555,DNA
cgmlst-STMMW_33931	STMMW_33931,7,100.00,258/258,DNA
cgmlst-STMMW_33941	STMMW_33941,7,100.00,819/819,DNA
cgmlst-STMMW_33951	STMMW_33951,31,100.00,573/573,DNA
cgmlst-STMMW_33971	STMMW_33971,15,100.00,474/474,DNA
cgmlst-STMMW_33981	STMMW_33981,38,100.00,1125/1125,DNA
cgmlst-STMMW_33991	STMMW_33991,1,100.00,510/510,DNA
cgmlst-STMMW_34001	STMMW_34001,30,100.00,948/948,DNA
cgmlst-STMMW_34011	STMMW_34011,41,100.00,1290/1290,DNA
cgmlst-STMMW_34021	STMMW_34021,34,100.00,1377/1377,DNA
cgmlst-STMMW_34031	STMMW_34031,1,100.00,414/414,DNA
cgmlst-STMMW_34041	STMMW_34041,25,100.00,270/270,DNA
cgmlst-STMMW_34051	STMMW_34051,7,100.00,426/426,DNA
cgmlst-STMMW_34061	STMMW_34061,13,100.00,369/369,DNA
cgmlst-STMMW_34071	STMMW_34071,1,100.00,384/384,DNA
cgmlst-STMMW_34081	STMMW_34081,2,100.00,990/990,DNA
cgmlst-STMMW_34091	STMMW_34091,4,100.00,621/621,DNA
cgmlst-STMMW_34101	STMMW_34101,1,100.00,333/333,DNA
cgmlst-STMMW_34111	STMMW_34111,5,100.00,357/357,DNA
cgmlst-STMMW_34121	STMMW_34121,1,100.00,117/117,DNA
cgmlst-STMMW_34131	STMMW_34131,2,100.00,1332/1332,DNA
cgmlst-STMMW_34141	STMMW_34141,10,100.00,435/435,DNA
cgmlst-STMMW_34151	STMMW_34151,2,100.00,180/180,DNA
cgmlst-STMMW_34161	STMMW_34161,1,100.00,504/504,DNA
cgmlst-STMMW_34171	STMMW_34171,48,100.00,354/354,DNA
cgmlst-STMMW_34181	STMMW_34181,17,100.00,534/534,DNA
cgmlst-STMMW_34191	STMMW_34191,1,100.00,393/393,DNA
cgmlst-STMMW_34201	STMMW_34201,1,100.00,306/306,DNA
cgmlst-STMMW_34211	STMMW_34211,1,100.00,540/540,DNA
cgmlst-STMMW_34221	STMMW_34221,1,100.00,315/315,DNA
cgmlst-STMMW_34231	STMMW_34231,1,100.00,372/372,DNA
cgmlst-STMMW_34241	STMMW_34241,1,100.00,255/255,DNA
cgmlst-STMMW_34242	STMMW_34242,1,100.00,192/192,DNA
cgmlst-STMMW_34251	STMMW_34251,1,100.00,411/411,DNA
cgmlst-STMMW_34261	STMMW_34261,1,100.00,702/702,DNA
cgmlst-STMMW_34271	STMMW_34271,1,100.00,333/333,DNA
cgmlst-STMMW_34281	STMMW_34281,2,100.00,279/279,DNA
cgmlst-STMMW_34291	STMMW_34291,1,100.00,822/822,DNA
cgmlst-STMMW_34301	STMMW_34301,1,100.00,303/303,DNA
cgmlst-STMMW_34311	STMMW_34311,2,100.00,606/606,DNA
cgmlst-STMMW_34321	STMMW_34321,1,100.00,630/630,DNA
cgmlst-STMMW_34331	STMMW_34331,1,100.00,312/312,DNA
cgmlst-STMMW_34341	STMMW_34341,6,100.00,468/468,DNA
cgmlst-STMMW_34351	STMMW_34351,10,100.00,477/477,DNA
cgmlst-STMMW_34361	STMMW_34361,6,100.00,195/195,DNA
cgmlst-STMMW_34381	STMMW_34381,72,100.00,2115/2115,DNA
cgmlst-STMMW_34391	STMMW_34391,11,100.00,471/471,DNA
cgmlst-STMMW_34401	STMMW_34401,2,100.00,375/375,DNA
cgmlst-STMMW_34411	STMMW_34411,21,100.00,288/288,DNA
cgmlst-STMMW_34421	STMMW_34421,25,100.00,357/357,DNA
cgmlst-STMMW_34431	STMMW_34431,24,100.00,387/387,DNA
cgmlst-STMMW_34441	STMMW_34441,24,100.00,723/723,DNA
cgmlst-STMMW_34451	STMMW_34451,27,100.00,819/819,DNA
cgmlst-STMMW_34461	STMMW_34461,1,100.00,219/219,DNA
cgmlst-STMMW_34471	STMMW_34471,21,100.00,591/591,DNA
cgmlst-STMMW_34481	STMMW_34481,8,100.00,201/201,DNA
cgmlst-STMMW_34501	STMMW_34501,20,100.00,552/552,DNA
cgmlst-STMMW_34511	STMMW_34511,26,100.00,1908/1908,DNA
cgmlst-STMMW_34521	STMMW_34521,22,100.00,312/312,DNA
cgmlst-STMMW_34531	STMMW_34531,26,100.00,1068/1068,DNA
cgmlst-STMMW_34541	STMMW_34541,8,100.00,219/219,DNA
cgmlst-STMMW_34551	STMMW_34551,31,100.00,870/870,DNA
cgmlst-STMMW_34561	STMMW_34561,5,100.00,405/405,DNA
cgmlst-STMMW_34571	STMMW_34571,4,100.00,633/633,DNA
cgmlst-STMMW_34581	STMMW_34581,658,100.00,2088/2088,DNA
cgmlst-STMMW_34591	STMMW_34591,38,100.00,1218/1218,DNA
cgmlst-STMMW_34601	STMMW_34601,22,100.00,564/564,DNA
cgmlst-STMMW_34611	STMMW_34611,27,100.00,603/603,DNA
cgmlst-STMMW_34621	STMMW_34621,2,100.00,168/168,DNA
cgmlst-STMMW_34631	STMMW_34631,13,100.00,573/573,DNA
cgmlst-STMMW_34641	STMMW_34641,27,100.00,1182/1182,DNA
cgmlst-STMMW_34651	STMMW_34651,39,100.00,2544/2544,DNA
cgmlst-STMMW_34661	STMMW_34661,18,100.00,327/327,DNA
cgmlst-STMMW_34671	STMMW_34671,28,100.00,810/810,DNA
cgmlst-STMMW_34681	STMMW_34681,37,100.00,1374/1374,DNA
cgmlst-STMMW_34703	STMMW_34703,1,100.00,171/171,DNA
cgmlst-STMMW_34711	STMMW_34711,24,100.00,1005/1005,DNA
cgmlst-STMMW_34721	STMMW_34721,7,100.00,759/759,DNA
cgmlst-STMMW_34731	STMMW_34731,13,100.00,678/678,DNA
cgmlst-STMMW_34741	STMMW_34741,1,100.00,837/837,DNA
cgmlst-STMMW_34751	STMMW_34751,40,100.00,1278/1278,DNA
cgmlst-STMMW_34761	STMMW_34761,22,100.00,1089/1089,DNA
cgmlst-STMMW_34771	STMMW_34771,1,100.00,522/522,DNA
cgmlst-STMMW_34781	STMMW_34781,39,100.00,1240/1240,DNA
cgmlst-STMMW_34791	STMMW_34791,26,100.00,402/402,DNA
cgmlst-STMMW_34811	STMMW_34811,33,100.00,540/540,DNA
cgmlst-STMMW_34821	STMMW_34821,25,100.00,780/780,DNA
cgmlst-STMMW_34831	STMMW_34831,43,100.00,2577/2577,DNA
cgmlst-STMMW_34841	STMMW_34841,1,100.00,597/597,DNA
cgmlst-STMMW_34851	STMMW_34851,43,100.00,1998/1998,DNA
cgmlst-STMMW_34861	STMMW_34861,7,100.00,669/669,DNA
cgmlst-STMMW_34871	STMMW_34871,17,100.00,402/402,DNA
cgmlst-STMMW_34881	STMMW_34881,33,100.00,885/885,DNA
cgmlst-STMMW_34891	STMMW_34891,40,100.00,1710/1710,DNA
cgmlst-STMMW_34901	STMMW_34901,605,100.00,1620/1620,DNA
cgmlst-STMMW_34911	STMMW_34911,38,100.00,1236/1236,DNA
cgmlst-STMMW_34921	STMMW_34921,1,100.00,720/720,DNA
cgmlst-STMMW_34931	STMMW_34931,5,100.00,474/474,DNA
cgmlst-STMMW_34941	STMMW_34941,41,100.00,2328/2328,DNA
cgmlst-STMMW_34951	STMMW_34951,3,100.00,228/228,DNA
cgmlst-STMMW_34961	STMMW_34961,38,100.00,2319/2319,DNA
cgmlst-STMMW_34971	STMMW_34971,24,100.00,237/237,DNA
cgmlst-STMMW_34991	STMMW_34991,32,100.00,771/771,DNA
cgmlst-STMMW_35001	STMMW_35001,31,100.00,684/684,DNA
cgmlst-STMMW_35011	STMMW_35011,12,100.00,576/576,DNA
cgmlst-STMMW_35021	STMMW_35021,40,100.00,1269/1269,DNA
cgmlst-STMMW_35031	STMMW_35031,44,100.00,2079/2079,DNA
cgmlst-STMMW_35041	STMMW_35041,41,100.00,2394/2394,DNA
cgmlst-STMMW_35051	STMMW_35051,43,100.00,2706/2706,DNA
cgmlst-STMMW_35121	STMMW_35121,1,100.00,759/759,DNA
cgmlst-STMMW_35131	STMMW_35131,1,100.00,831/831,DNA
cgmlst-STMMW_35141	STMMW_35141,1,100.00,327/327,DNA
cgmlst-STMMW_35151	STMMW_35151,29,100.00,1509/1509,DNA
cgmlst-STMMW_35231	STMMW_35231,29,100.00,2448/2448,DNA
cgmlst-STMMW_35241	STMMW_35241,26,100.00,1434/1434,DNA
cgmlst-STMMW_35251	STMMW_35251,518,100.00,1296/1296,DNA
cgmlst-STMMW_35261	STMMW_35261,703,100.00,1977/1977,DNA
cgmlst-STMMW_35271	STMMW_35271,38,100.00,2187/2187,DNA
cgmlst-STMMW_35281	STMMW_35281,37,100.00,1107/1107,DNA
cgmlst-STMMW_35301	STMMW_35301,41,100.00,1341/1341,DNA
cgmlst-STMMW_35311	STMMW_35311,32,100.00,534/534,DNA
cgmlst-STMMW_35321	STMMW_35321,40,100.00,996/996,DNA
cgmlst-STMMW_35331	STMMW_35331,38,100.00,696/696,DNA
cgmlst-STMMW_35341	STMMW_35341,38,100.00,1038/1038,DNA
cgmlst-STMMW_35401	STMMW_35401,39,100.00,1743/1743,DNA
cgmlst-STMMW_35411	STMMW_35411,7,100.00,417/417,DNA
cgmlst-STMMW_35421	STMMW_35421,31,100.00,741/741,DNA
cgmlst-STMMW_35431	STMMW_35431,35,100.00,1071/1071,DNA
cgmlst-STMMW_35441	STMMW_35441,35,100.00,846/846,DNA
cgmlst-STMMW_35451	STMMW_35451,37,100.00,888/888,DNA
cgmlst-STMMW_35461	STMMW_35461,36,100.00,1317/1317,DNA
cgmlst-STMMW_35491	STMMW_35491,32,100.00,714/714,DNA
cgmlst-STMMW_35501	STMMW_35501,37,100.00,768/768,DNA
cgmlst-STMMW_35511	STMMW_35511,38,100.00,1278/1278,DNA
cgmlst-STMMW_35521	STMMW_35521,33,100.00,927/927,DNA
cgmlst-STMMW_35531	STMMW_35531,37,100.00,1110/1110,DNA
cgmlst-STMMW_35541	STMMW_35541,4,100.00,384/384,DNA
cgmlst-STMMW_35571	STMMW_35571,7,100.00,855/855,DNA
cgmlst-STMMW_35581	STMMW_35581,37,100.00,1056/1056,DNA
cgmlst-STMMW_35591	STMMW_35591,6,100.00,669/669,DNA
cgmlst-STMMW_35601	STMMW_35601,39,100.00,1476/1476,DNA
cgmlst-STMMW_35611	STMMW_35611,1,100.00,597/597,DNA
cgmlst-STMMW_35621	STMMW_35621,22,100.00,273/273,DNA
cgmlst-STMMW_35631	STMMW_35631,31,100.00,372/372,DNA
cgmlst-STMMW_35641	STMMW_35641,28,100.00,627/627,DNA
cgmlst-STMMW_35651	STMMW_35651,731,100.00,2199/2199,DNA
cgmlst-STMMW_35661	STMMW_35661,39,100.00,1644/1644,DNA
cgmlst-STMMW_35671	STMMW_35671,5,100.00,246/246,DNA
cgmlst-STMMW_35681	STMMW_35681,14,100.00,666/666,DNA
cgmlst-STMMW_35691	STMMW_35691,29,100.00,558/558,DNA
cgmlst-STMMW_35701	STMMW_35701,42,100.00,1260/1260,DNA
cgmlst-STMMW_35711	STMMW_35711,42,100.00,1050/1050,DNA
cgmlst-STMMW_35721	STMMW_35721,7,100.00,579/579,DNA
cgmlst-STMMW_35731	STMMW_35731,5,100.00,402/402,DNA
cgmlst-STMMW_35741	STMMW_35741,432,100.00,1125/1125,DNA
cgmlst-STMMW_35751	STMMW_35751,44,100.00,2686/2686,DNA
cgmlst-STMMW_35761	STMMW_35761,38,100.00,1068/1068,DNA
cgmlst-STMMW_35781	STMMW_35781,27,100.00,1374/1374,DNA
cgmlst-STMMW_35791	STMMW_35791,1,100.00,336/336,DNA
cgmlst-STMMW_35801	STMMW_35801,1,100.00,435/435,DNA
cgmlst-STMMW_35831	STMMW_35831,28,100.00,2043/2043,DNA
cgmlst-STMMW_35851	STMMW_35851,25,100.00,843/843,DNA
cgmlst-STMMW_35861	STMMW_35861,25,100.00,1353/1353,DNA
cgmlst-STMMW_35921	STMMW_35921,26,100.00,1650/1650,DNA
cgmlst-STMMW_35931	STMMW_35931,616,100.00,1590/1590,DNA
cgmlst-STMMW_35951	STMMW_35951,24,100.00,603/603,DNA
cgmlst-STMMW_35961	STMMW_35961,26,100.00,900/900,DNA
cgmlst-STMMW_35971	STMMW_35971,25,100.00,1029/1029,DNA
cgmlst-STMMW_35981	STMMW_35981,38,100.00,1323/1323,DNA
cgmlst-STMMW_35991	STMMW_35991,37,100.00,2061/2061,DNA
cgmlst-STMMW_36001	STMMW_36001,26,100.00,768/768,DNA
cgmlst-STMMW_36011	STMMW_36011,34,100.00,930/930,DNA
cgmlst-STMMW_36021	STMMW_36021,40,100.00,1488/1488,DNA
cgmlst-STMMW_36031	STMMW_36031,34,100.00,1287/1287,DNA
cgmlst-STMMW_36041	STMMW_36041,2211,100.00,1920/1920,DNA
cgmlst-STMMW_36061	STMMW_36061,5,100.00,1110/1110,DNA
cgmlst-STMMW_36071	STMMW_36071,34,100.00,1926/1926,DNA
cgmlst-STMMW_36081	STMMW_36081,40,100.00,2625/2625,DNA
cgmlst-STMMW_36091	STMMW_36091,34,100.00,753/753,DNA
cgmlst-STMMW_36111	STMMW_36111,5,100.00,1572/1572,DNA
cgmlst-STMMW_36121	STMMW_36121,4,100.00,192/192,DNA
cgmlst-STMMW_36161	STMMW_36161,26,100.00,1299/1299,DNA
cgmlst-STMMW_36191	STMMW_36191,27,100.00,903/903,DNA
cgmlst-STMMW_36201	STMMW_36201,28,100.00,1020/1020,DNA
cgmlst-STMMW_36211	STMMW_36211,27,100.00,1557/1557,DNA
cgmlst-STMMW_36251	STMMW_36251,44,100.00,1692/1692,DNA
cgmlst-STMMW_36311	STMMW_36311,25,100.00,705/705,DNA
cgmlst-STMMW_36321	STMMW_36321,18,100.00,582/582,DNA
cgmlst-STMMW_36331	STMMW_36331,11,100.00,441/441,DNA
cgmlst-STMMW_36341	STMMW_36341,39,100.00,2334/2334,DNA
cgmlst-STMMW_36351	STMMW_36351,30,100.00,630/630,DNA
cgmlst-STMMW_36371	STMMW_36371,6,100.00,711/711,DNA
cgmlst-STMMW_36381	STMMW_36381,7,100.00,291/291,DNA
cgmlst-STMMW_36391	STMMW_36391,?,-,-,DNA
cgmlst-STMMW_36401	STMMW_36401,7,100.00,540/540,DNA
cgmlst-STMMW_36441	STMMW_36441,31,100.00,2070/2070,DNA
cgmlst-STMMW_36451	STMMW_36451,5,100.00,912/912,DNA
cgmlst-STMMW_36461	STMMW_36461,9,100.00,303/303,DNA
cgmlst-STMMW_36471	STMMW_36471,35,100.00,996/996,DNA
cgmlst-STMMW_36481	STMMW_36481,37,100.00,1455/1455,DNA
cgmlst-STMMW_36491	STMMW_36491,23,100.00,1323/1323,DNA
cgmlst-STMMW_36501	STMMW_36501,23,100.00,1179/1179,DNA
cgmlst-STMMW_36511	STMMW_36511,5,100.00,825/825,DNA
cgmlst-STMMW_36521	STMMW_36521,37,100.00,2028/2028,DNA
cgmlst-STMMW_36531	STMMW_36531,24,100.00,1251/1251,DNA
cgmlst-STMMW_36541	STMMW_36541,13,100.00,474/474,DNA
cgmlst-STMMW_36681	STMMW_36681,40,100.00,1539/1539,DNA
cgmlst-STMMW_36691	STMMW_36691,39,100.00,882/882,DNA
cgmlst-STMMW_36701	STMMW_36701,40,100.00,1851/1851,DNA
cgmlst-STMMW_36711	STMMW_36711,41,100.00,1392/1392,DNA
cgmlst-STMMW_36721	STMMW_36721,34,100.00,609/609,DNA
cgmlst-STMMW_36741	STMMW_36741,36,100.00,1149/1149,DNA
cgmlst-STMMW_36751	STMMW_36751,10,100.00,591/591,DNA
cgmlst-STMMW_36771	STMMW_36771,14,100.00,363/363,DNA
cgmlst-STMMW_36811	STMMW_36811,23,100.00,777/777,DNA
cgmlst-STMMW_36821	STMMW_36821,570,100.00,1191/1191,DNA
cgmlst-STMMW_36831	STMMW_36831,22,100.00,474/474,DNA
cgmlst-STMMW_36871	STMMW_36871,26,100.00,822/822,DNA
cgmlst-STMMW_36881	STMMW_36881,4,100.00,1020/1020,DNA
cgmlst-STMMW_36891	STMMW_36891,4,100.00,468/468,DNA
cgmlst-STMMW_36901	STMMW_36901,1,100.00,252/252,DNA
cgmlst-STMMW_36911	STMMW_36911,97,100.00,432/432,DNA
cgmlst-STMMW_36921	STMMW_36921,42,100.00,1545/1545,DNA
cgmlst-STMMW_36931	STMMW_36931,28,100.00,1284/1284,DNA
cgmlst-STMMW_36941	STMMW_36941,26,100.00,963/963,DNA
cgmlst-STMMW_36951	STMMW_36951,39,100.00,1035/1035,DNA
cgmlst-STMMW_36971	STMMW_36971,28,100.00,1026/1026,DNA
cgmlst-STMMW_36981	STMMW_36981,26,100.00,1197/1197,DNA
cgmlst-STMMW_36991	STMMW_36991,27,100.00,933/933,DNA
cgmlst-STMMW_37001	STMMW_37001,37,100.00,1047/1047,DNA
cgmlst-STMMW_37011	STMMW_37011,27,100.00,954/954,DNA
cgmlst-STMMW_37021	STMMW_37021,38,100.00,1215/1215,DNA
cgmlst-STMMW_37041	STMMW_37041,39,100.00,809/809,DNA
cgmlst-STMMW_37051	STMMW_37051,26,100.00,699/699,DNA
cgmlst-STMMW_37061	STMMW_37061,27,100.00,1014/1014,DNA
cgmlst-STMMW_37071	STMMW_37071,27,100.00,1014/1014,DNA
cgmlst-STMMW_37081	STMMW_37081,29,100.00,1080/1080,DNA
cgmlst-STMMW_37101	STMMW_37101,27,100.00,798/798,DNA
cgmlst-STMMW_37111	STMMW_37111,28,100.00,1125/1125,DNA
cgmlst-STMMW_37121	STMMW_37121,28,100.00,1035/1035,DNA
cgmlst-STMMW_37131	STMMW_37131,16,100.00,1212/1212,DNA
cgmlst-STMMW_37141	STMMW_37141,7,100.00,480/480,DNA
cgmlst-STMMW_37151	STMMW_37151,24,100.00,810/810,DNA
cgmlst-STMMW_37161	STMMW_37161,1,100.00,168/168,DNA
cgmlst-STMMW_37171	STMMW_37171,1,100.00,237/237,DNA
cgmlst-STMMW_37181	STMMW_37181,7,100.00,666/666,DNA
cgmlst-STMMW_37191	STMMW_37191,29,100.00,1224/1224,DNA
cgmlst-STMMW_37201	STMMW_37201,1,100.00,456/456,DNA
cgmlst-STMMW_37211	STMMW_37211,20,100.00,597/597,DNA
cgmlst-STMMW_37221	STMMW_37221,5,100.00,642/642,DNA
cgmlst-STMMW_37231	STMMW_37231,32,100.00,717/717,DNA
cgmlst-STMMW_37241	STMMW_37241,176,100.00,864/864,DNA
cgmlst-STMMW_37251	STMMW_37251,40,100.00,858/858,DNA
cgmlst-STMMW_37271	STMMW_37271,5,100.00,618/618,DNA
cgmlst-STMMW_37281	STMMW_37281,42,100.00,1686/1686,DNA
cgmlst-STMMW_37291	STMMW_37291,5,100.00,624/624,DNA
cgmlst-STMMW_37301	STMMW_37301,1,100.00,276/276,DNA
cgmlst-STMMW_37311	STMMW_37311,40,100.00,2112/2112,DNA
cgmlst-STMMW_37321	STMMW_37321,5,100.00,690/690,DNA
cgmlst-STMMW_37331	STMMW_37331,44,100.00,2082/2082,DNA
cgmlst-STMMW_37351	STMMW_37351,37,100.00,1206/1206,DNA
cgmlst-STMMW_37361	STMMW_37361,38,100.00,1392/1392,DNA
cgmlst-STMMW_37371	STMMW_37371,39,100.00,1710/1710,DNA
cgmlst-STMMW_37381	STMMW_37381,703,100.00,2319/2319,DNA
cgmlst-STMMW_37391	STMMW_37391,41,100.00,1382/1382,DNA
cgmlst-STMMW_37521	STMMW_37521,43,100.00,2727/2727,DNA
cgmlst-STMMW_37531	STMMW_37531,22,100.00,696/696,DNA
cgmlst-STMMW_37541	STMMW_37541,28,100.00,903/903,DNA
cgmlst-STMMW_37551	STMMW_37551,21,100.00,942/942,DNA
cgmlst-STMMW_37561	STMMW_37561,25,100.00,744/744,DNA
cgmlst-STMMW_37631	STMMW_37631,12,100.00,294/294,DNA
cgmlst-STMMW_37641	STMMW_37641,39,100.00,1383/1383,DNA
cgmlst-STMMW_37651	STMMW_37651,40,100.00,1194/1194,DNA
cgmlst-STMMW_37751	STMMW_37751,24,100.00,453/453,DNA
cgmlst-STMMW_37761	STMMW_37761,26,100.00,1392/1392,DNA
cgmlst-STMMW_37771	STMMW_37771,206,100.00,1329/1329,DNA
cgmlst-STMMW_37781	STMMW_37781,214,100.00,1503/1503,DNA
cgmlst-STMMW_37791	STMMW_37791,32,100.00,591/591,DNA
cgmlst-STMMW_37801	STMMW_37801,37,100.00,1014/1014,DNA
cgmlst-STMMW_37811	STMMW_37811,38,100.00,1317/1317,DNA
cgmlst-STMMW_37821	STMMW_37821,5,100.00,921/921,DNA
cgmlst-STMMW_37831	STMMW_37831,1,100.00,786/786,DNA
cgmlst-STMMW_37841	STMMW_37841,1,100.00,291/291,DNA
cgmlst-STMMW_37851	STMMW_37851,1,100.00,1689/1689,DNA
cgmlst-STMMW_37852	STMMW_37852,1,100.00,99/99,DNA
cgmlst-STMMW_37861	STMMW_37861,3,100.00,96/96,DNA
cgmlst-STMMW_37871	STMMW_37871,1,100.00,90/90,DNA
cgmlst-STMMW_37881	STMMW_37881,35,100.00,861/861,DNA
cgmlst-STMMW_37891	STMMW_37891,40,100.00,1086/1086,DNA
cgmlst-STMMW_37901	STMMW_37901,1,100.00,1086/1086,DNA
cgmlst-STMMW_37941	STMMW_37941,5,100.00,531/531,DNA
cgmlst-STMMW_37951	STMMW_37951,1,100.00,363/363,DNA
cgmlst-STMMW_37961	STMMW_37961,8,100.00,348/348,DNA
cgmlst-STMMW_37971	STMMW_37971,39,100.00,1662/1662,DNA
cgmlst-STMMW_37981	STMMW_37981,7,100.00,429/429,DNA
cgmlst-STMMW_37991	STMMW_37991,5,100.00,414/414,DNA
cgmlst-STMMW_38001	STMMW_38001,15,100.00,336/336,DNA
cgmlst-STMMW_38011	STMMW_38011,42,100.00,1227/1227,DNA
cgmlst-STMMW_38041	STMMW_38041,28,100.00,1401/1401,DNA
cgmlst-STMMW_38051	STMMW_38051,25,100.00,633/633,DNA
cgmlst-STMMW_38071	STMMW_38071,43,100.00,1185/1185,DNA
cgmlst-STMMW_38081	STMMW_38081,38,100.00,693/693,DNA
cgmlst-STMMW_38091	STMMW_38091,40,100.00,1041/1041,DNA
cgmlst-STMMW_38201	STMMW_38201,41,100.00,2415/2415,DNA
cgmlst-STMMW_38211	STMMW_38211,26,100.00,1074/1074,DNA
cgmlst-STMMW_38221	STMMW_38221,23,100.00,1101/1101,DNA
cgmlst-STMMW_38231	STMMW_38231,38,100.00,1401/1401,DNA
cgmlst-STMMW_38241	STMMW_38241,1,100.00,141/141,DNA
cgmlst-STMMW_38251	STMMW_38251,3,100.00,360/360,DNA
cgmlst-STMMW_38261	STMMW_38261,1,100.00,258/258,DNA
cgmlst-STMMW_38271	STMMW_38271,42,100.00,1647/1647,DNA
cgmlst-STMMW_38281	STMMW_38281,41,100.00,1365/1365,DNA
cgmlst-STMMW_38341	STMMW_38341,36,100.00,756/756,DNA
cgmlst-STMMW_38351	STMMW_38351,36,100.00,585/585,DNA
cgmlst-STMMW_38371	STMMW_38371,37,100.00,666/666,DNA
cgmlst-STMMW_38381	STMMW_38381,38,100.00,726/726,DNA
cgmlst-STMMW_38391	STMMW_38391,35,100.00,774/774,DNA
cgmlst-STMMW_38401	STMMW_38401,36,100.00,891/891,DNA
cgmlst-STMMW_38411	STMMW_38411,1,100.00,960/960,DNA
cgmlst-STMMW_38421	STMMW_38421,27,100.00,1041/1041,DNA
cgmlst-STMMW_38461	STMMW_38461,28,100.00,1830/1830,DNA
cgmlst-STMMW_38471	STMMW_38471,553,100.00,1371/1371,DNA
cgmlst-STMMW_38491	STMMW_38491,1,100.00,420/420,DNA
cgmlst-STMMW_38501	STMMW_38501,26,100.00,1383/1383,DNA
cgmlst-STMMW_38511	STMMW_38511,1,100.00,864/864,DNA
cgmlst-STMMW_38521	STMMW_38521,40,100.00,1542/1542,DNA
cgmlst-STMMW_38531	STMMW_38531,1,100.00,534/534,DNA
cgmlst-STMMW_38541	STMMW_38541,1,100.00,471/471,DNA
cgmlst-STMMW_38542	STMMW_38542,1,100.00,240/240,DNA
cgmlst-STMMW_38551	STMMW_38551,15,100.00,816/816,DNA
cgmlst-STMMW_38561	STMMW_38561,8,100.00,381/381,DNA
cgmlst-STMMW_38571	STMMW_38571,4,100.00,624/624,DNA
cgmlst-STMMW_38581	STMMW_38581,26,100.00,1890/1890,DNA
cgmlst-STMMW_38591	STMMW_38591,768,100.00,444/444,DNA
cgmlst-STMMW_38601	STMMW_38601,11,100.00,459/459,DNA
cgmlst-STMMW_38611	STMMW_38611,500,100.00,993/993,DNA
cgmlst-STMMW_38621	STMMW_38621,28,100.00,1401/1401,DNA
cgmlst-STMMW_38631	STMMW_38631,30,100.00,1497/1497,DNA
cgmlst-STMMW_38641	STMMW_38641,30,100.00,1869/1869,DNA
cgmlst-STMMW_38651	STMMW_38651,19,100.00,420/420,DNA
cgmlst-STMMW_38661	STMMW_38661,29,100.00,1506/1506,DNA
cgmlst-STMMW_38671	STMMW_38671,27,100.00,966/966,DNA
cgmlst-STMMW_38681	STMMW_38681,33,100.00,891/891,DNA
cgmlst-STMMW_38691	STMMW_38691,23,100.00,930/930,DNA
cgmlst-STMMW_38701	STMMW_38701,25,100.00,999/999,DNA
cgmlst-STMMW_38721	STMMW_38721,23,100.00,705/705,DNA
cgmlst-STMMW_38731	STMMW_38731,144,100.00,849/849,DNA
cgmlst-STMMW_38741	STMMW_38741,1,100.00,339/339,DNA
cgmlst-STMMW_38752	STMMW_38752,1,100.00,99/99,DNA
cgmlst-STMMW_38761	STMMW_38761,14,100.00,1647/1647,DNA
cgmlst-STMMW_38771	STMMW_38771,1,100.00,261/261,DNA
cgmlst-STMMW_38781	STMMW_38781,37,100.00,930/930,DNA
cgmlst-STMMW_38791	STMMW_38791,29,100.00,1851/1851,DNA
cgmlst-STMMW_38801	STMMW_38801,38,100.00,1545/1545,DNA
cgmlst-STMMW_38841	STMMW_38841,41,100.00,1476/1476,DNA
cgmlst-STMMW_38851	STMMW_38851,10,100.00,282/282,DNA
cgmlst-STMMW_38881	STMMW_38881,29,100.00,2025/2025,DNA
cgmlst-STMMW_38891	STMMW_38891,38,100.00,1482/1482,DNA
cgmlst-STMMW_38901	STMMW_38901,32,100.00,1266/1266,DNA
cgmlst-STMMW_38911	STMMW_38911,1,100.00,330/330,DNA
cgmlst-STMMW_38921	STMMW_38921,34,100.00,1260/1260,DNA
cgmlst-STMMW_38931	STMMW_38931,16,100.00,1104/1104,DNA
cgmlst-STMMW_38941	STMMW_38941,1,100.00,1047/1047,DNA
cgmlst-STMMW_38951	STMMW_38951,24,100.00,1131/1131,DNA
cgmlst-STMMW_38961	STMMW_38961,4,100.00,1263/1263,DNA
cgmlst-STMMW_38971	STMMW_38971,24,100.00,1068/1068,DNA
cgmlst-STMMW_38991	STMMW_38991,1,100.00,549/549,DNA
cgmlst-STMMW_39001	STMMW_39001,25,100.00,1131/1131,DNA
cgmlst-STMMW_39011	STMMW_39011,26,100.00,1251/1251,DNA
cgmlst-STMMW_39021	STMMW_39021,28,100.00,1080/1080,DNA
cgmlst-STMMW_39031	STMMW_39031,29,100.00,1359/1359,DNA
cgmlst-STMMW_39041	STMMW_39041,25,100.00,741/741,DNA
cgmlst-STMMW_39051	STMMW_39051,27,100.00,1386/1386,DNA
cgmlst-STMMW_39061	STMMW_39061,28,100.00,1140/1140,DNA
cgmlst-STMMW_39071	STMMW_39071,38,100.00,1170/1170,DNA
cgmlst-STMMW_39081	STMMW_39081,26,100.00,741/741,DNA
cgmlst-STMMW_39091	STMMW_39091,26,100.00,957/957,DNA
cgmlst-STMMW_39101	STMMW_39101,28,100.00,2547/2547,DNA
cgmlst-STMMW_39141	STMMW_39141,34,100.00,321/321,DNA
cgmlst-STMMW_39171	STMMW_39171,1,100.00,204/204,DNA
cgmlst-STMMW_39181	STMMW_39181,351,100.00,828/828,DNA
cgmlst-STMMW_39191	STMMW_39191,36,100.00,708/708,DNA
cgmlst-STMMW_39201	STMMW_39201,26,100.00,903/903,DNA
cgmlst-STMMW_39211	STMMW_39211,21,100.00,717/717,DNA
cgmlst-STMMW_39221	STMMW_39221,28,100.00,2163/2163,DNA
cgmlst-STMMW_39231	STMMW_39231,25,100.00,951/951,DNA
cgmlst-STMMW_39271	STMMW_39271,20,100.00,486/486,DNA
cgmlst-STMMW_39281	STMMW_39281,25,100.00,747/747,DNA
cgmlst-STMMW_39291	STMMW_39291,620,100.00,1848/1848,DNA
cgmlst-STMMW_39301	STMMW_39301,32,100.00,621/621,DNA
cgmlst-STMMW_39311	STMMW_39311,33,100.00,621/621,DNA
cgmlst-STMMW_39321	STMMW_39321,35,100.00,1017/1017,DNA
cgmlst-STMMW_39331	STMMW_39331,322,100.00,801/801,DNA
cgmlst-STMMW_39341	STMMW_39341,35,100.00,900/900,DNA
cgmlst-STMMW_39351	STMMW_39351,34,100.00,954/954,DNA
cgmlst-STMMW_39361	STMMW_39361,42,100.00,2265/2265,DNA
cgmlst-STMMW_39381	STMMW_39381,1339,99.88,806/806,DNA
cgmlst-STMMW_39391	STMMW_39391,1,100.00,762/762,DNA
cgmlst-STMMW_39401	STMMW_39401,38,100.00,1431/1431,DNA
cgmlst-STMMW_39411	STMMW_39411,27,100.00,756/756,DNA
cgmlst-STMMW_39421	STMMW_39421,4,100.00,606/606,DNA
cgmlst-STMMW_39431	STMMW_39431,38,100.00,1641/1641,DNA
cgmlst-STMMW_39441	STMMW_39441,1,100.00,255/255,DNA
cgmlst-STMMW_39451	STMMW_39451,1,100.00,549/549,DNA
cgmlst-STMMW_39461	STMMW_39461,20,100.00,780/780,DNA
cgmlst-STMMW_39471	STMMW_39471,23,100.00,783/783,DNA
cgmlst-STMMW_39481	STMMW_39481,7,100.00,489/489,DNA
cgmlst-STMMW_39491	STMMW_39491,26,100.00,1479/1479,DNA
cgmlst-STMMW_39501	STMMW_39501,20,100.00,702/702,DNA
cgmlst-STMMW_39521	STMMW_39521,24,100.00,1164/1164,DNA
cgmlst-STMMW_39531	STMMW_39531,39,100.00,2190/2190,DNA
cgmlst-STMMW_39541	STMMW_39541,28,100.00,1332/1332,DNA
cgmlst-STMMW_39551	STMMW_39551,7,100.00,615/615,DNA
cgmlst-STMMW_39561	STMMW_39561,28,100.00,1452/1452,DNA
cgmlst-STMMW_39571	STMMW_39571,5,100.00,546/546,DNA
cgmlst-STMMW_39591	STMMW_39591,169,100.00,585/585,DNA
cgmlst-STMMW_39601	STMMW_39601,8,100.00,270/270,DNA
cgmlst-STMMW_39611	STMMW_39611,37,100.00,987/987,DNA
cgmlst-STMMW_39621	STMMW_39621,5,100.00,624/624,DNA
cgmlst-STMMW_39631	STMMW_39631,24,100.00,909/909,DNA
cgmlst-STMMW_39641	STMMW_39641,42,100.00,2787/2787,DNA
cgmlst-STMMW_39651	STMMW_39651,5,100.00,600/600,DNA
cgmlst-STMMW_39661	STMMW_39661,1,100.00,225/225,DNA
cgmlst-STMMW_39671	STMMW_39671,2,100.00,516/516,DNA
cgmlst-STMMW_39681	STMMW_39681,27,100.00,1374/1374,DNA
cgmlst-STMMW_39682	STMMW_39682,1,100.00,111/111,DNA
cgmlst-STMMW_39701	STMMW_39701,4,100.00,1050/1050,DNA
cgmlst-STMMW_39711	STMMW_39711,37,100.00,1410/1410,DNA
cgmlst-STMMW_39721	STMMW_39721,9,100.00,429/429,DNA
cgmlst-STMMW_39731	STMMW_39731,36,100.00,1824/1824,DNA
cgmlst-STMMW_39801	STMMW_39801,20,100.00,693/693,DNA
cgmlst-STMMW_39811	STMMW_39811,428,100.00,1422/1422,DNA
cgmlst-STMMW_39821	STMMW_39821,15,100.00,1383/1383,DNA
cgmlst-STMMW_39851	STMMW_39851,42,100.00,1242/1242,DNA
cgmlst-STMMW_39861	STMMW_39861,31,100.00,879/879,DNA
cgmlst-STMMW_39871	STMMW_39871,30,100.00,897/897,DNA
cgmlst-STMMW_39881	STMMW_39881,37,100.00,897/897,DNA
cgmlst-STMMW_39891	STMMW_39891,25,100.00,804/804,DNA
cgmlst-STMMW_39901	STMMW_39901,14,100.00,600/600,DNA
cgmlst-STMMW_39911	STMMW_39911,33,100.00,873/873,DNA
cgmlst-STMMW_39921	STMMW_39921,26,100.00,438/438,DNA
cgmlst-STMMW_39931	STMMW_39931,179,100.00,990/990,DNA
cgmlst-STMMW_39981	STMMW_39981,38,100.00,930/930,DNA
cgmlst-STMMW_39991	STMMW_39991,21,100.00,636/636,DNA
cgmlst-STMMW_40001	STMMW_40001,37,100.00,903/903,DNA
cgmlst-STMMW_40051	STMMW_40051,22,100.00,324/324,DNA
cgmlst-STMMW_40061	STMMW_40061,30,100.00,660/660,DNA
cgmlst-STMMW_40071	STMMW_40071,30,100.00,567/567,DNA
cgmlst-STMMW_40081	STMMW_40081,9,100.00,315/315,DNA
cgmlst-STMMW_40091	STMMW_40091,35,100.00,1149/1149,DNA
cgmlst-STMMW_40101	STMMW_40101,38,100.00,828/828,DNA
cgmlst-STMMW_40111	STMMW_40111,38,100.00,1260/1260,DNA
cgmlst-STMMW_40121	STMMW_40121,39,100.00,1470/1470,DNA
cgmlst-STMMW_40131	STMMW_40131,27,100.00,837/837,DNA
cgmlst-STMMW_40141	STMMW_40141,35,100.00,849/849,DNA
cgmlst-STMMW_40151	STMMW_40151,504,100.00,1035/1035,DNA
cgmlst-STMMW_40201	STMMW_40201,31,100.00,621/621,DNA
cgmlst-STMMW_40231	STMMW_40231,41,100.00,1374/1374,DNA
cgmlst-STMMW_40241	STMMW_40241,33,100.00,699/699,DNA
cgmlst-STMMW_40251	STMMW_40251,1,100.00,501/501,DNA
cgmlst-STMMW_40261	STMMW_40261,32,100.00,903/903,DNA
cgmlst-STMMW_40271	STMMW_40271,15,100.00,963/963,DNA
cgmlst-STMMW_40281	STMMW_40281,36,100.00,990/990,DNA
cgmlst-STMMW_40461	STMMW_40461,25,100.00,768/768,DNA
cgmlst-STMMW_40471	STMMW_40471,4,100.00,597/597,DNA
cgmlst-STMMW_40481	STMMW_40481,20,100.00,429/429,DNA
cgmlst-STMMW_40491	STMMW_40491,26,100.00,747/747,DNA
cgmlst-STMMW_40501	STMMW_40501,35,100.00,1011/1011,DNA
cgmlst-STMMW_40511	STMMW_40511,29,100.00,1509/1509,DNA
cgmlst-STMMW_40521	STMMW_40521,18,100.00,846/846,DNA
cgmlst-STMMW_40531	STMMW_40531,1,100.00,240/240,DNA
cgmlst-STMMW_40541	STMMW_40541,1,100.00,486/486,DNA
cgmlst-STMMW_40551	STMMW_40551,19,100.00,930/930,DNA
cgmlst-STMMW_40561	STMMW_40561,33,100.00,1332/1332,DNA
cgmlst-STMMW_40571	STMMW_40571,11,100.00,531/531,DNA
cgmlst-STMMW_40591	STMMW_40591,35,100.00,1026/1026,DNA
cgmlst-STMMW_40601	STMMW_40601,533,100.00,2199/2199,DNA
cgmlst-STMMW_40611	STMMW_40611,5,100.00,213/213,DNA
cgmlst-STMMW_40641	STMMW_40641,4,100.00,318/318,DNA
cgmlst-STMMW_40651	STMMW_40651,33,100.00,1161/1161,DNA
cgmlst-STMMW_40661	STMMW_40661,37,100.00,2433/2433,DNA
cgmlst-STMMW_40711	STMMW_40711,32,100.00,891/891,DNA
cgmlst-STMMW_40721	STMMW_40721,27,100.00,2181/2181,DNA
cgmlst-STMMW_40741	STMMW_40741,37,100.00,1104/1104,DNA
cgmlst-STMMW_40751	STMMW_40751,23,100.00,663/663,DNA
cgmlst-STMMW_40831	STMMW_40831,40,100.00,1734/1734,DNA
cgmlst-STMMW_40841	STMMW_40841,29,100.00,2652/2652,DNA
cgmlst-STMMW_40851	STMMW_40851,27,100.00,1152/1152,DNA
cgmlst-STMMW_40861	STMMW_40861,37,100.00,1005/1005,DNA
cgmlst-STMMW_40871	STMMW_40871,25,100.00,777/777,DNA
cgmlst-STMMW_40881	STMMW_40881,27,100.00,1377/1377,DNA
cgmlst-STMMW_40891	STMMW_40891,31,100.00,918/918,DNA
cgmlst-STMMW_40901	STMMW_40901,39,100.00,1401/1401,DNA
cgmlst-STMMW_40911	STMMW_40911,19,100.00,636/636,DNA
cgmlst-STMMW_40921	STMMW_40921,184,100.00,360/360,DNA
cgmlst-STMMW_40931	STMMW_40931,25,100.00,1101/1101,DNA
cgmlst-STMMW_40951	STMMW_40951,22,100.00,753/753,DNA
cgmlst-STMMW_40961	STMMW_40961,486,100.00,1029/1029,DNA
cgmlst-STMMW_40971	STMMW_40971,4,100.00,963/963,DNA
cgmlst-STMMW_40981	STMMW_40981,31,100.00,951/951,DNA
cgmlst-STMMW_40982	STMMW_40982,9,100.00,174/174,DNA
cgmlst-STMMW_41001	STMMW_41001,1,100.00,429/429,DNA
cgmlst-STMMW_41011	STMMW_41011,20,100.00,546/546,DNA
cgmlst-STMMW_41021	STMMW_41021,2,100.00,429/429,DNA
cgmlst-STMMW_41031	STMMW_41031,7,100.00,705/705,DNA
cgmlst-STMMW_41041	STMMW_41041,9,100.00,498/498,DNA
cgmlst-STMMW_41051	STMMW_41051,1,100.00,366/366,DNA
cgmlst-STMMW_41061	STMMW_41061,771,100.00,4029/4029,DNA
cgmlst-STMMW_41071	STMMW_41071,43,100.00,4224/4224,DNA
cgmlst-STMMW_41121	STMMW_41121,39,100.00,1134/1134,DNA
cgmlst-STMMW_41131	STMMW_41131,37,100.00,771/771,DNA
cgmlst-STMMW_41141	STMMW_41141,19,100.00,201/201,DNA
cgmlst-STMMW_41151	STMMW_41151,41,100.00,759/759,DNA
cgmlst-STMMW_41161	STMMW_41161,38,100.00,636/636,DNA
cgmlst-STMMW_41171	STMMW_41171,40,100.00,1896/1896,DNA
cgmlst-STMMW_41181	STMMW_41181,1,100.00,489/489,DNA
cgmlst-STMMW_41191	STMMW_41191,34,100.00,774/774,DNA
cgmlst-STMMW_41201	STMMW_41201,40,100.00,1065/1065,DNA
cgmlst-STMMW_41211	STMMW_41211,39,100.00,672/672,DNA
cgmlst-STMMW_41221	STMMW_41221,8,100.00,591/591,DNA
cgmlst-STMMW_41241	STMMW_41241,31,100.00,693/693,DNA
cgmlst-STMMW_41251	STMMW_41251,10,100.00,456/456,DNA
cgmlst-STMMW_41261	STMMW_41261,39,100.00,1398/1398,DNA
cgmlst-STMMW_41271	STMMW_41271,540,100.00,1326/1326,DNA
cgmlst-STMMW_41281	STMMW_41281,41,100.00,1290/1290,DNA
cgmlst-STMMW_41291	STMMW_41291,41,100.00,1590/1590,DNA
cgmlst-STMMW_41301	STMMW_41301,25,100.00,438/438,DNA
cgmlst-STMMW_41311	STMMW_41311,23,100.00,930/930,DNA
cgmlst-STMMW_41321	STMMW_41321,24,100.00,1602/1602,DNA
cgmlst-STMMW_41331	STMMW_41331,41,100.00,1305/1305,DNA
cgmlst-STMMW_41361	STMMW_41361,27,100.00,825/825,DNA
cgmlst-STMMW_41371	STMMW_41371,43,100.00,3771/3771,DNA
cgmlst-STMMW_41381	STMMW_41381,28,100.00,1557/1557,DNA
cgmlst-STMMW_41411	STMMW_41411,29,100.00,540/540,DNA
cgmlst-STMMW_41421	STMMW_41421,27,100.00,870/870,DNA
cgmlst-STMMW_41431	STMMW_41431,5,100.00,300/300,DNA
cgmlst-STMMW_41691	STMMW_41691,27,100.00,1350/1350,DNA
cgmlst-STMMW_41701	STMMW_41701,39,100.00,1650/1650,DNA
cgmlst-STMMW_41711	STMMW_41711,20,100.00,246/246,DNA
cgmlst-STMMW_41721	STMMW_41721,40,100.00,669/669,DNA
cgmlst-STMMW_41731	STMMW_41731,37,100.00,738/738,DNA
cgmlst-STMMW_41741	STMMW_41741,700,100.00,2097/2097,DNA
cgmlst-STMMW_41751	STMMW_41751,15,100.00,411/411,DNA
cgmlst-STMMW_41761	STMMW_41761,35,100.00,891/891,DNA
cgmlst-STMMW_41771	STMMW_41771,36,100.00,1545/1545,DNA
cgmlst-STMMW_41781	STMMW_41781,36,100.00,1200/1200,DNA
cgmlst-STMMW_41791	STMMW_41791,19,100.00,1110/1110,DNA
cgmlst-STMMW_41811	STMMW_41811,19,100.00,1359/1359,DNA
cgmlst-STMMW_41821	STMMW_41821,36,100.00,918/918,DNA
cgmlst-STMMW_41831	STMMW_41831,18,100.00,498/498,DNA
cgmlst-STMMW_41841	STMMW_41841,80,100.00,873/873,DNA
cgmlst-STMMW_41851	STMMW_41851,41,100.00,2421/2421,DNA
cgmlst-STMMW_41861	STMMW_41861,7,100.00,369/369,DNA
cgmlst-STMMW_41871	STMMW_41871,20,100.00,609/609,DNA
cgmlst-STMMW_41881	STMMW_41881,39,100.00,1326/1326,DNA
cgmlst-STMMW_41891	STMMW_41891,3,100.00,114/114,DNA
cgmlst-STMMW_41901	STMMW_41901,1,100.00,213/213,DNA
cgmlst-STMMW_41911	STMMW_41911,12,100.00,516/516,DNA
cgmlst-STMMW_41921	STMMW_41921,30,100.00,1311/1311,DNA
cgmlst-STMMW_41941	STMMW_41941,4,100.00,243/243,DNA
cgmlst-STMMW_41951	STMMW_41951,38,100.00,984/984,DNA
cgmlst-STMMW_41961	STMMW_41961,25,100.00,1416/1416,DNA
cgmlst-STMMW_41971	STMMW_41971,29,100.00,1080/1080,DNA
cgmlst-STMMW_41981	STMMW_41981,42,100.00,1194/1194,DNA
cgmlst-STMMW_41991	STMMW_41991,22,100.00,714/714,DNA
cgmlst-STMMW_42001	STMMW_42001,17,100.00,417/417,DNA
cgmlst-STMMW_42011	STMMW_42011,1,100.00,357/357,DNA
cgmlst-STMMW_42021	STMMW_42021,21,100.00,339/339,DNA
cgmlst-STMMW_42031	STMMW_42031,5,100.00,456/456,DNA
cgmlst-STMMW_42041	STMMW_42041,31,100.00,2826/2826,DNA
cgmlst-STMMW_42051	STMMW_42051,1,100.00,117/117,DNA
cgmlst-STMMW_42061	STMMW_42061,11,100.00,654/654,DNA
cgmlst-STMMW_42081	STMMW_42081,20,100.00,633/633,DNA
cgmlst-STMMW_42091	STMMW_42091,26,100.00,1389/1389,DNA
cgmlst-STMMW_42101	STMMW_42101,38,100.00,1320/1320,DNA
cgmlst-STMMW_42141	STMMW_42141,18,100.00,282/282,DNA
cgmlst-STMMW_42151	STMMW_42151,37,100.00,1602/1602,DNA
cgmlst-STMMW_42161	STMMW_42161,1,100.00,324/324,DNA
cgmlst-STMMW_42171	STMMW_42171,7,100.00,459/459,DNA
cgmlst-STMMW_42181	STMMW_42181,23,100.00,669/669,DNA
cgmlst-STMMW_42191	STMMW_42191,38,100.00,1350/1350,DNA
cgmlst-STMMW_42201	STMMW_42201,36,100.00,1647/1647,DNA
cgmlst-STMMW_42221	STMMW_42221,1,100.00,411/411,DNA
cgmlst-STMMW_42231	STMMW_42231,172,100.00,690/690,DNA
cgmlst-STMMW_42241	STMMW_42241,38,100.00,1650/1650,DNA
cgmlst-STMMW_42251	STMMW_42251,4,100.00,315/315,DNA
cgmlst-STMMW_42261	STMMW_42261,40,100.00,1959/1959,DNA
cgmlst-STMMW_42281	STMMW_42281,7,100.00,1437/1437,DNA
cgmlst-STMMW_42301	STMMW_42301,35,100.00,672/672,DNA
cgmlst-STMMW_42311	STMMW_42311,557,100.00,957/957,DNA
cgmlst-STMMW_42331	STMMW_42331,27,100.00,621/621,DNA
cgmlst-STMMW_42341	STMMW_42341,33,100.00,1311/1311,DNA
cgmlst-STMMW_42351	STMMW_42351,32,100.00,612/612,DNA
cgmlst-STMMW_42391	STMMW_42391,23,100.00,444/444,DNA
cgmlst-STMMW_42401	STMMW_42401,4,100.00,336/336,DNA
cgmlst-STMMW_42411	STMMW_42411,40,100.00,1503/1503,DNA
cgmlst-STMMW_42421	STMMW_42421,37,100.00,1071/1071,DNA
cgmlst-STMMW_42431	STMMW_42431,33,100.00,669/669,DNA
cgmlst-STMMW_42441	STMMW_42441,40,100.00,1644/1644,DNA
cgmlst-STMMW_42451	STMMW_42451,37,100.00,1338/1338,DNA
cgmlst-STMMW_42461	STMMW_42461,1,100.00,762/762,DNA
cgmlst-STMMW_42471	STMMW_42471,43,100.00,2271/2271,DNA
cgmlst-STMMW_42481	STMMW_42481,11,100.00,933/933,DNA
cgmlst-STMMW_42491	STMMW_42491,1,100.00,1356/1356,DNA
cgmlst-STMMW_42501	STMMW_42501,38,100.00,1431/1431,DNA
cgmlst-STMMW_42521	STMMW_42521,40,100.00,1341/1341,DNA
cgmlst-STMMW_42531	STMMW_42531,21,100.00,267/267,DNA
cgmlst-STMMW_42541	STMMW_42541,21,100.00,720/720,DNA
cgmlst-STMMW_42551	STMMW_42551,40,100.00,1632/1632,DNA
cgmlst-STMMW_42601	STMMW_42601,37,100.00,1401/1401,DNA
cgmlst-STMMW_42641	STMMW_42641,23,100.00,288/288,DNA
cgmlst-STMMW_42651	STMMW_42651,412,100.00,876/876,DNA
cgmlst-STMMW_42711	STMMW_42711,6,100.00,576/576,DNA
cgmlst-STMMW_42721	STMMW_42721,40,100.00,1704/1704,DNA
cgmlst-STMMW_42731	STMMW_42731,2,100.00,348/348,DNA
cgmlst-STMMW_42741	STMMW_42741,26,100.00,1185/1185,DNA
cgmlst-STMMW_42751	STMMW_42751,29,100.00,1437/1437,DNA
cgmlst-STMMW_42761	STMMW_42761,23,100.00,516/516,DNA
cgmlst-STMMW_42771	STMMW_42771,26,100.00,1242/1242,DNA
cgmlst-STMMW_42781	STMMW_42781,2,100.00,294/294,DNA
cgmlst-STMMW_42791	STMMW_42791,38,100.00,1647/1647,DNA
cgmlst-STMMW_42801	STMMW_42801,19,100.00,372/372,DNA
cgmlst-STMMW_42811	STMMW_42811,440,100.00,858/858,DNA
cgmlst-STMMW_42821	STMMW_42821,39,100.00,1029/1029,DNA
cgmlst-STMMW_42831	STMMW_42831,5,100.00,567/567,DNA
cgmlst-STMMW_42841	STMMW_42841,1,100.00,147/147,DNA
cgmlst-STMMW_42851	STMMW_42851,5,100.00,588/588,DNA
cgmlst-STMMW_42861	STMMW_42861,1,100.00,318/318,DNA
cgmlst-STMMW_42871	STMMW_42871,7,100.00,534/534,DNA
cgmlst-STMMW_42881	STMMW_42881,5,100.00,360/360,DNA
cgmlst-STMMW_42891	STMMW_42891,14,100.00,396/396,DNA
cgmlst-STMMW_42901	STMMW_42901,27,100.00,735/735,DNA
cgmlst-STMMW_42911	STMMW_42911,38,100.00,1791/1791,DNA
cgmlst-STMMW_42921	STMMW_42921,36,100.00,978/978,DNA
cgmlst-STMMW_42931	STMMW_42931,26,100.00,1503/1503,DNA
cgmlst-STMMW_42961	STMMW_42961,24,100.00,969/969,DNA
cgmlst-STMMW_42971	STMMW_42971,24,100.00,1077/1077,DNA
cgmlst-STMMW_42981	STMMW_42981,21,100.00,546/546,DNA
cgmlst-STMMW_43001	STMMW_43001,39,100.00,1155/1155,DNA
cgmlst-STMMW_43011	STMMW_43011,40,100.00,1548/1548,DNA
cgmlst-STMMW_43021	STMMW_43021,9,100.00,459/459,DNA
cgmlst-STMMW_43031	STMMW_43031,201,100.00,1323/1323,DNA
cgmlst-STMMW_43041	STMMW_43041,29,100.00,1857/1857,DNA
cgmlst-STMMW_43051	STMMW_43051,34,100.00,951/951,DNA
cgmlst-STMMW_43061	STMMW_43061,5,100.00,309/309,DNA
cgmlst-STMMW_43071	STMMW_43071,32,100.00,1281/1281,DNA
cgmlst-STMMW_43081	STMMW_43081,33,100.00,1260/1260,DNA
cgmlst-STMMW_43091	STMMW_43091,7,100.00,1005/1005,DNA
cgmlst-STMMW_43092	STMMW_43092,7,100.00,198/198,DNA
cgmlst-STMMW_43101	STMMW_43101,43,100.00,1299/1299,DNA
cgmlst-STMMW_43111	STMMW_43111,1,100.00,426/426,DNA
cgmlst-STMMW_43121	STMMW_43121,43,100.00,2439/2439,DNA
cgmlst-STMMW_43131	STMMW_43131,35,100.00,732/732,DNA
cgmlst-STMMW_43211	STMMW_43211,662,100.00,1623/1623,DNA
cgmlst-STMMW_43221	STMMW_43221,12,100.00,321/321,DNA
cgmlst-STMMW_43231	STMMW_43231,12,100.00,330/330,DNA
cgmlst-STMMW_43241	STMMW_43241,34,100.00,750/750,DNA
cgmlst-STMMW_43251	STMMW_43251,30,100.00,756/756,DNA
cgmlst-STMMW_43261	STMMW_43261,31,100.00,1065/1065,DNA
cgmlst-STMMW_43281	STMMW_43281,16,99.67,306/306,DNA
cgmlst-STMMW_43301	STMMW_43301,24,100.00,651/651,DNA
cgmlst-STMMW_43311	STMMW_43311,25,100.00,855/855,DNA
cgmlst-STMMW_43321	STMMW_43321,25,100.00,687/687,DNA
cgmlst-STMMW_43331	STMMW_43331,20,100.00,276/276,DNA
cgmlst-STMMW_43351	STMMW_43351,18,100.00,396/396,DNA
cgmlst-STMMW_43361	STMMW_43361,1,100.00,315/315,DNA
cgmlst-STMMW_43371	STMMW_43371,1,100.00,228/228,DNA
cgmlst-STMMW_43381	STMMW_43381,11,100.00,450/450,DNA
cgmlst-STMMW_43391	STMMW_43391,31,100.00,927/927,DNA
cgmlst-STMMW_43401	STMMW_43401,20,100.00,636/636,DNA
cgmlst-STMMW_43411	STMMW_43411,32,100.00,663/663,DNA
cgmlst-STMMW_43431	STMMW_43431,24,100.00,663/663,DNA
cgmlst-STMMW_43441	STMMW_43441,33,100.00,966/966,DNA
cgmlst-STMMW_43461	STMMW_43461,10,100.00,387/387,DNA
cgmlst-STMMW_43471	STMMW_43471,40,100.00,1944/1944,DNA
cgmlst-STMMW_43481	STMMW_43481,32,100.00,741/741,DNA
cgmlst-STMMW_43491	STMMW_43491,16,100.00,558/558,DNA
cgmlst-STMMW_43501	STMMW_43501,2,100.00,273/273,DNA
cgmlst-STMMW_43511	STMMW_43511,36,100.00,1344/1344,DNA
cgmlst-STMMW_43521	STMMW_43521,9,100.00,639/639,DNA
cgmlst-STMMW_43531	STMMW_43531,38,100.00,1734/1734,DNA
cgmlst-STMMW_43541	STMMW_43541,847,100.00,3780/3780,DNA
cgmlst-STMMW_43551	STMMW_43551,1,100.00,345/345,DNA
cgmlst-STMMW_43581	STMMW_43581,2,100.00,531/531,DNA
cgmlst-STMMW_43591	STMMW_43591,34,100.00,999/999,DNA
cgmlst-STMMW_43791	STMMW_43791,11,100.00,552/552,DNA
cgmlst-STMMW_43801	STMMW_43801,17,100.00,1353/1353,DNA
cgmlst-STMMW_43811	STMMW_43811,5,100.00,387/387,DNA
cgmlst-STMMW_43831	STMMW_43831,13,100.00,339/339,DNA
cgmlst-STMMW_43841	STMMW_43841,5,100.00,363/363,DNA
cgmlst-STMMW_43851	STMMW_43851,1,100.00,303/303,DNA
cgmlst-STMMW_43861	STMMW_43861,28,100.00,777/777,DNA
cgmlst-STMMW_43881	STMMW_43881,38,100.00,1134/1134,DNA
cgmlst-STMMW_43891	STMMW_43891,28,100.00,1119/1119,DNA
cgmlst-STMMW_43901	STMMW_43901,34,100.00,741/741,DNA
cgmlst-STMMW_43921	STMMW_43921,671,100.00,1974/1974,DNA
cgmlst-STMMW_43951	STMMW_43951,29,100.00,465/465,DNA
cgmlst-STMMW_43961	STMMW_43961,684,100.00,2139/2139,DNA
cgmlst-STMMW_43971	STMMW_43971,1,100.00,171/171,DNA
cgmlst-STMMW_43981	STMMW_43981,202,100.00,1653/1653,DNA
cgmlst-STMMW_44001	STMMW_44001,37,100.00,948/948,DNA
cgmlst-STMMW_44031	STMMW_44031,1,100.00,387/387,DNA
cgmlst-STMMW_44041	STMMW_44041,26,100.00,462/462,DNA
cgmlst-STMMW_44051	STMMW_44051,35,100.00,936/936,DNA
cgmlst-STMMW_44061	STMMW_44061,1,100.00,102/102,DNA
cgmlst-STMMW_44081	STMMW_44081,11,100.00,489/489,DNA
cgmlst-STMMW_44091	STMMW_44091,37,100.00,1404/1404,DNA
cgmlst-STMMW_44111	STMMW_44111,36,100.00,933/933,DNA
cgmlst-STMMW_44121	STMMW_44121,37,100.00,1221/1221,DNA
cgmlst-STMMW_44141	STMMW_44141,129,100.00,453/453,DNA
cgmlst-STMMW_44151	STMMW_44151,37,100.00,1005/1005,DNA
cgmlst-STMMW_44161	STMMW_44161,25,100.00,417/417,DNA
cgmlst-STMMW_44191	STMMW_44191,12,100.00,504/504,DNA
cgmlst-STMMW_44211	STMMW_44211,40,100.00,2856/2856,DNA
cgmlst-STMMW_44231	STMMW_44231,36,100.00,1512/1512,DNA
cgmlst-STMMW_44251	STMMW_44251,37,100.00,1101/1101,DNA
cgmlst-STMMW_44261	STMMW_44261,37,100.00,1083/1083,DNA
cgmlst-STMMW_44481	STMMW_44481,28,100.00,609/609,DNA
cgmlst-STMMW_44501	STMMW_44501,34,100.00,912/912,DNA
cgmlst-STMMW_44511	STMMW_44511,35,100.00,462/462,DNA
cgmlst-STMMW_44531	STMMW_44531,32,100.00,774/774,DNA
cgmlst-STMMW_44541	STMMW_44541,27,100.00,1014/1014,DNA
cgmlst-STMMW_44551	STMMW_44551,29,100.00,531/531,DNA
cgmlst-STMMW_44561	STMMW_44561,37,100.00,735/735,DNA
cgmlst-STMMW_44571	STMMW_44571,35,100.00,909/909,DNA
cgmlst-STMMW_44581	STMMW_44581,29,100.00,1173/1173,DNA
cgmlst-STMMW_44591	STMMW_44591,1,100.00,462/462,DNA
cgmlst-STMMW_44621	STMMW_44621,37,100.00,1185/1185,DNA
cgmlst-STMMW_44631	STMMW_44631,44,100.00,1272/1272,DNA
cgmlst-STMMW_44641	STMMW_44641,25,100.00,1242/1242,DNA
cgmlst-STMMW_44661	STMMW_44661,643,100.00,1371/1371,DNA
cgmlst-STMMW_44672	STMMW_44672,20,100.00,165/165,DNA
cgmlst-STMMW_44761	STMMW_44761,29,100.00,957/957,DNA
cgmlst-STMMW_44771	STMMW_44771,1,100.00,204/204,DNA
cgmlst-STMMW_44871	STMMW_44871,36,100.00,2193/2193,DNA
cgmlst-STMMW_44881	STMMW_44881,16,100.00,462/462,DNA
cgmlst-STMMW_44891	STMMW_44891,32,100.00,738/738,DNA
cgmlst-STMMW_44901	STMMW_44901,18,100.00,540/540,DNA
cgmlst-STMMW_44911	STMMW_44911,24,100.00,474/474,DNA
cgmlst-STMMW_44931	STMMW_44931,122,100.00,726/726,DNA
cgmlst-STMMW_44941	STMMW_44941,20,100.00,675/675,DNA
cgmlst-STMMW_44951	STMMW_44951,20,100.00,459/459,DNA
cgmlst-STMMW_44961	STMMW_44961,26,100.00,789/789,DNA
cgmlst-STMMW_44971	STMMW_44971,37,100.00,1065/1065,DNA
cgmlst-STMMW_44981	STMMW_44981,1,100.00,237/237,DNA
cgmlst-STMMW_44991	STMMW_44991,28,100.00,1029/1029,DNA
cgmlst-STMMW_45001	STMMW_45001,9,100.00,438/438,DNA
cgmlst-STMMW_45011	STMMW_45011,22,100.00,447/447,DNA
cgmlst-STMMW_45021	STMMW_45021,23,100.00,681/681,DNA
cgmlst-STMMW_45031	STMMW_45031,31,100.00,1590/1590,DNA
cgmlst-STMMW_45041	STMMW_45041,21,100.00,618/618,DNA
cgmlst-STMMW_45042	STMMW_45042,9,100.00,162/162,DNA
cgmlst-STMMW_45051	STMMW_45051,419,100.00,1074/1074,DNA
cgmlst-STMMW_45061	STMMW_45061,39,100.00,774/774,DNA
cgmlst-STMMW_45071	STMMW_45071,29,100.00,864/864,DNA
cgmlst-STMMW_45081	STMMW_45081,675,100.00,1561/1561,DNA
cgmlst-STMMW_45091	STMMW_45091,25,100.00,798/798,DNA
cgmlst-STMMW_45101	STMMW_45101,24,100.00,1323/1323,DNA
cgmlst-STMMW_45111	STMMW_45111,37,100.00,1224/1224,DNA
cgmlst-STMMW_45121	STMMW_45121,38,100.00,720/720,DNA
cgmlst-STMMW_45201	STMMW_45201,34,100.00,645/645,DNA
cgmlst-STMMW_45211	STMMW_45211,36,100.00,969/969,DNA
cgmlst-STMMW_45221	STMMW_45221,39,100.00,1383/1383,DNA
cgmlst-STMMW_45231	STMMW_45231,23,100.00,1260/1260,DNA
cgmlst-STMMW_45241	STMMW_45241,39,100.00,1668/1668,DNA
cgmlst-STMMW_45251	STMMW_45251,40,100.00,1974/1974,DNA
cgmlst-STMMW_45261	STMMW_45261,1,100.00,327/327,DNA
cgmlst-STMMW_45271	STMMW_45271,15,100.00,516/516,DNA
cgmlst-STMMW_45281	STMMW_45281,34,100.00,648/648,DNA
cgmlst-STMMW_45291	STMMW_45291,26,100.00,870/870,DNA
cgmlst-STMMW_45411	STMMW_45411,5,100.00,717/717,DNA
cgmlst-STMMW_45421	STMMW_45421,1,100.00,141/141,DNA
cgmlst-STMMW_45431	STMMW_45431,35,100.00,687/687,DNA
cgmlst-STY1774	STY1774,1,100.00,45/45,DNA
cgmlst-T_RS21320	T_RS21320,43,100.00,1680/1680,DNA
cgmlst-T_RS21325	T_RS21325,6,100.00,420/420,DNA
cgmlst-t1733	t1733,1,100.00,249/249,DNA